<?xml version="1.0" encoding="UTF-8"?>
<gpx version="1.1" creator="@dwayneparton/geojson-to-gpx" xmlns="http://www.topografix.com/GPX/1/1" xmlns:xsi="http://www.w3.org/2001/XMLSchema-instance" xsi:schemaLocation="http://www.topografix.com/GPX/1/1 http://www.topografix.com/GPX/1/1/gpx.xsd http://www.garmin.com/xmlschemas/GpxExtensions/v3 http://www.garmin.com/xmlschemas/GpxExtensionsv3.xsd http://www.garmin.com/xmlschemas/TrackPointExtension/v1 http://www.garmin.com/xmlschemas/TrackPointExtensionv1.xsd http://www.garmin.com/xmlschemas/PowerExtension/v1 http://www.garmin.com/xmlschemas/PowerExtensionv1.xsd http://www.topografix.com/GPX/gpx_style/0/2 http://www.topografix.com/GPX/gpx_style/0/2/gpx_style.xsd" xmlns:gpxtpx="http://www.garmin.com/xmlschemas/TrackPointExtension/v1" xmlns:gpxx="http://www.garmin.com/xmlschemas/GpxExtensions/v3" xmlns:gpxpx="http://www.garmin.com/xmlschemas/PowerExtension/v1" xmlns:gpx_style="http://www.topografix.com/GPX/gpx_style/0/2">
  <metadata>
    <name>mapa_iryo_0_1 (1)</name>
    <author>
      <name>gpx.studio</name>
      <link href="https://gpx.studio"/>
    </author>
  </metadata>
  <trk>
    <name>L010</name>
    <trkseg>
      <trkpt lat="40.405928" lon="-3.690395"/>
      <trkpt lat="40.405294" lon="-3.689691"/>
      <trkpt lat="40.403014" lon="-3.687181"/>
      <trkpt lat="40.402785" lon="-3.686861"/>
      <trkpt lat="40.402611" lon="-3.686523">
        <ele>615.5</ele>
      </trkpt>
      <trkpt lat="40.402532" lon="-3.686325">
        <ele>615</ele>
      </trkpt>
      <trkpt lat="40.402302" lon="-3.685599">
        <ele>614.25</ele>
      </trkpt>
      <trkpt lat="40.402149" lon="-3.685083">
        <ele>613.25</ele>
      </trkpt>
      <trkpt lat="40.402064" lon="-3.684722">
        <ele>612.25</ele>
      </trkpt>
      <trkpt lat="40.402006" lon="-3.684516">
        <ele>611.75</ele>
      </trkpt>
      <trkpt lat="40.401839" lon="-3.683986">
        <ele>611</ele>
      </trkpt>
      <trkpt lat="40.401711" lon="-3.683691">
        <ele>610.75</ele>
      </trkpt>
      <trkpt lat="40.401589" lon="-3.683327">
        <ele>610.5</ele>
      </trkpt>
      <trkpt lat="40.401309" lon="-3.682392">
        <ele>609.75</ele>
      </trkpt>
      <trkpt lat="40.401213" lon="-3.682085">
        <ele>610.5</ele>
      </trkpt>
      <trkpt lat="40.401103" lon="-3.681617">
        <ele>612</ele>
      </trkpt>
      <trkpt lat="40.400918" lon="-3.681014">
        <ele>612.25</ele>
      </trkpt>
      <trkpt lat="40.400714" lon="-3.680372">
        <ele>611.75</ele>
      </trkpt>
      <trkpt lat="40.400337" lon="-3.679174">
        <ele>610.75</ele>
      </trkpt>
      <trkpt lat="40.400202" lon="-3.678796">
        <ele>610</ele>
      </trkpt>
      <trkpt lat="40.400093" lon="-3.678531">
        <ele>609.75</ele>
      </trkpt>
      <trkpt lat="40.399888" lon="-3.678073">
        <ele>610</ele>
      </trkpt>
      <trkpt lat="40.399698" lon="-3.677747">
        <ele>609.5</ele>
      </trkpt>
      <trkpt lat="40.399561" lon="-3.677547">
        <ele>609.25</ele>
      </trkpt>
      <trkpt lat="40.398742" lon="-3.676559">
        <ele>607.75</ele>
      </trkpt>
      <trkpt lat="40.398408" lon="-3.67617">
        <ele>609.25</ele>
      </trkpt>
      <trkpt lat="40.398133" lon="-3.675874">
        <ele>609.25</ele>
      </trkpt>
      <trkpt lat="40.39786" lon="-3.675604">
        <ele>609.25</ele>
      </trkpt>
      <trkpt lat="40.397486" lon="-3.675265">
        <ele>608</ele>
      </trkpt>
      <trkpt lat="40.39718" lon="-3.675006">
        <ele>608</ele>
      </trkpt>
      <trkpt lat="40.396817" lon="-3.674729">
        <ele>607.5</ele>
      </trkpt>
      <trkpt lat="40.396366" lon="-3.674422">
        <ele>604.25</ele>
      </trkpt>
      <trkpt lat="40.396109" lon="-3.674269">
        <ele>602.5</ele>
      </trkpt>
      <trkpt lat="40.395864" lon="-3.67413">
        <ele>600.75</ele>
      </trkpt>
      <trkpt lat="40.395565" lon="-3.673982">
        <ele>601</ele>
      </trkpt>
      <trkpt lat="40.395135" lon="-3.67379">
        <ele>601.5</ele>
      </trkpt>
      <trkpt lat="40.394728" lon="-3.673643">
        <ele>601.75</ele>
      </trkpt>
      <trkpt lat="40.394521" lon="-3.673571">
        <ele>601.75</ele>
      </trkpt>
      <trkpt lat="40.39406" lon="-3.673392">
        <ele>602.25</ele>
      </trkpt>
      <trkpt lat="40.393219" lon="-3.673146">
        <ele>602.75</ele>
      </trkpt>
      <trkpt lat="40.392777" lon="-3.673055">
        <ele>601.75</ele>
      </trkpt>
      <trkpt lat="40.392412" lon="-3.673025">
        <ele>601.25</ele>
      </trkpt>
      <trkpt lat="40.39204" lon="-3.673012">
        <ele>601.25</ele>
      </trkpt>
      <trkpt lat="40.391612" lon="-3.673036">
        <ele>601</ele>
      </trkpt>
      <trkpt lat="40.391275" lon="-3.673084">
        <ele>599.75</ele>
      </trkpt>
      <trkpt lat="40.390881" lon="-3.673165">
        <ele>598.5</ele>
      </trkpt>
      <trkpt lat="40.390557" lon="-3.673271">
        <ele>597.75</ele>
      </trkpt>
      <trkpt lat="40.390285" lon="-3.673368">
        <ele>597</ele>
      </trkpt>
      <trkpt lat="40.389938" lon="-3.673524">
        <ele>595.5</ele>
      </trkpt>
      <trkpt lat="40.389696" lon="-3.673644">
        <ele>594.5</ele>
      </trkpt>
      <trkpt lat="40.389297" lon="-3.673889">
        <ele>593.25</ele>
      </trkpt>
      <trkpt lat="40.389052" lon="-3.674061">
        <ele>593</ele>
      </trkpt>
      <trkpt lat="40.388529" lon="-3.674499">
        <ele>593</ele>
      </trkpt>
      <trkpt lat="40.388252" lon="-3.674763">
        <ele>592.5</ele>
      </trkpt>
      <trkpt lat="40.38721" lon="-3.675817">
        <ele>589.25</ele>
      </trkpt>
      <trkpt lat="40.385582" lon="-3.677479">
        <ele>590.75</ele>
      </trkpt>
      <trkpt lat="40.382032" lon="-3.681081">
        <ele>588.25</ele>
      </trkpt>
      <trkpt lat="40.381625" lon="-3.681457">
        <ele>585.75</ele>
      </trkpt>
      <trkpt lat="40.381267" lon="-3.681746">
        <ele>584</ele>
      </trkpt>
      <trkpt lat="40.380906" lon="-3.681976">
        <ele>583</ele>
      </trkpt>
      <trkpt lat="40.38054" lon="-3.68216">
        <ele>582.25</ele>
      </trkpt>
      <trkpt lat="40.380203" lon="-3.682297">
        <ele>580.75</ele>
      </trkpt>
      <trkpt lat="40.379902" lon="-3.68238">
        <ele>579.5</ele>
      </trkpt>
      <trkpt lat="40.379509" lon="-3.682459">
        <ele>578</ele>
      </trkpt>
      <trkpt lat="40.37907" lon="-3.682485">
        <ele>577.25</ele>
      </trkpt>
      <trkpt lat="40.378622" lon="-3.682459">
        <ele>578.25</ele>
      </trkpt>
      <trkpt lat="40.378222" lon="-3.682407">
        <ele>579</ele>
      </trkpt>
      <trkpt lat="40.377556" lon="-3.682257">
        <ele>579</ele>
      </trkpt>
      <trkpt lat="40.376875" lon="-3.682053">
        <ele>577.75</ele>
      </trkpt>
      <trkpt lat="40.376241" lon="-3.681814">
        <ele>576.5</ele>
      </trkpt>
      <trkpt lat="40.375713" lon="-3.681553">
        <ele>576</ele>
      </trkpt>
      <trkpt lat="40.375023" lon="-3.681112">
        <ele>574</ele>
      </trkpt>
      <trkpt lat="40.373071" lon="-3.679853">
        <ele>574.75</ele>
      </trkpt>
      <trkpt lat="40.372171" lon="-3.679335">
        <ele>575.75</ele>
      </trkpt>
      <trkpt lat="40.371598" lon="-3.679041">
        <ele>575.75</ele>
      </trkpt>
      <trkpt lat="40.370487" lon="-3.678521">
        <ele>575.75</ele>
      </trkpt>
      <trkpt lat="40.370085" lon="-3.678346">
        <ele>574.25</ele>
      </trkpt>
      <trkpt lat="40.369678" lon="-3.678183">
        <ele>575</ele>
      </trkpt>
      <trkpt lat="40.369338" lon="-3.678067">
        <ele>576</ele>
      </trkpt>
      <trkpt lat="40.368846" lon="-3.677925">
        <ele>577.25</ele>
      </trkpt>
      <trkpt lat="40.368287" lon="-3.677787">
        <ele>578.5</ele>
      </trkpt>
      <trkpt lat="40.367469" lon="-3.677601">
        <ele>579.75</ele>
      </trkpt>
      <trkpt lat="40.366617" lon="-3.67738">
        <ele>578</ele>
      </trkpt>
      <trkpt lat="40.366267" lon="-3.677268">
        <ele>578</ele>
      </trkpt>
      <trkpt lat="40.365936" lon="-3.677149">
        <ele>578.25</ele>
      </trkpt>
      <trkpt lat="40.365564" lon="-3.677008">
        <ele>578.75</ele>
      </trkpt>
      <trkpt lat="40.365173" lon="-3.676847">
        <ele>579.5</ele>
      </trkpt>
      <trkpt lat="40.361883" lon="-3.675435">
        <ele>580</ele>
      </trkpt>
      <trkpt lat="40.360672" lon="-3.674917">
        <ele>581.25</ele>
      </trkpt>
      <trkpt lat="40.357685" lon="-3.673627">
        <ele>582</ele>
      </trkpt>
      <trkpt lat="40.357046" lon="-3.673332">
        <ele>583.5</ele>
      </trkpt>
      <trkpt lat="40.356292" lon="-3.672965">
        <ele>583.75</ele>
      </trkpt>
      <trkpt lat="40.355621" lon="-3.672592">
        <ele>583.25</ele>
      </trkpt>
      <trkpt lat="40.355034" lon="-3.672253">
        <ele>582.25</ele>
      </trkpt>
      <trkpt lat="40.354664" lon="-3.672017">
        <ele>580.25</ele>
      </trkpt>
      <trkpt lat="40.354222" lon="-3.671712">
        <ele>579.75</ele>
      </trkpt>
      <trkpt lat="40.353616" lon="-3.671268">
        <ele>576.75</ele>
      </trkpt>
      <trkpt lat="40.352925" lon="-3.670735">
        <ele>573.25</ele>
      </trkpt>
      <trkpt lat="40.352405" lon="-3.670296">
        <ele>573.75</ele>
      </trkpt>
      <trkpt lat="40.35174" lon="-3.669693">
        <ele>572</ele>
      </trkpt>
      <trkpt lat="40.351053" lon="-3.669015">
        <ele>570.5</ele>
      </trkpt>
      <trkpt lat="40.349663" lon="-3.667518">
        <ele>569.25</ele>
      </trkpt>
      <trkpt lat="40.347436" lon="-3.665123">
        <ele>563.25</ele>
      </trkpt>
      <trkpt lat="40.3451" lon="-3.662806">
        <ele>561.25</ele>
      </trkpt>
      <trkpt lat="40.343312" lon="-3.661139">
        <ele>568.25</ele>
      </trkpt>
      <trkpt lat="40.339395" lon="-3.65769">
        <ele>565.25</ele>
      </trkpt>
      <trkpt lat="40.333272" lon="-3.652365">
        <ele>556</ele>
      </trkpt>
      <trkpt lat="40.332685" lon="-3.651909">
        <ele>556</ele>
      </trkpt>
      <trkpt lat="40.332088" lon="-3.651478">
        <ele>556.75</ele>
      </trkpt>
      <trkpt lat="40.33148" lon="-3.651073">
        <ele>556</ele>
      </trkpt>
      <trkpt lat="40.330862" lon="-3.650694">
        <ele>555.25</ele>
      </trkpt>
      <trkpt lat="40.330236" lon="-3.650341">
        <ele>556</ele>
      </trkpt>
      <trkpt lat="40.329601" lon="-3.650016">
        <ele>556.75</ele>
      </trkpt>
      <trkpt lat="40.328958" lon="-3.649717">
        <ele>556</ele>
      </trkpt>
      <trkpt lat="40.328308" lon="-3.649446">
        <ele>554.5</ele>
      </trkpt>
      <trkpt lat="40.327652" lon="-3.649202">
        <ele>554</ele>
      </trkpt>
      <trkpt lat="40.326983" lon="-3.648982">
        <ele>554.5</ele>
      </trkpt>
      <trkpt lat="40.326142" lon="-3.648754">
        <ele>554.75</ele>
      </trkpt>
      <trkpt lat="40.325294" lon="-3.648572">
        <ele>556.25</ele>
      </trkpt>
      <trkpt lat="40.324441" lon="-3.648436">
        <ele>560.75</ele>
      </trkpt>
      <trkpt lat="40.323242" lon="-3.64828">
        <ele>560.75</ele>
      </trkpt>
      <trkpt lat="40.322036" lon="-3.648253">
        <ele>560.75</ele>
      </trkpt>
      <trkpt lat="40.320833" lon="-3.648355">
        <ele>563</ele>
      </trkpt>
      <trkpt lat="40.32023" lon="-3.648418">
        <ele>561.5</ele>
      </trkpt>
      <trkpt lat="40.319628" lon="-3.648506">
        <ele>561.25</ele>
      </trkpt>
      <trkpt lat="40.319028" lon="-3.648618">
        <ele>561</ele>
      </trkpt>
      <trkpt lat="40.318432" lon="-3.648756">
        <ele>560</ele>
      </trkpt>
      <trkpt lat="40.317839" lon="-3.648918">
        <ele>560</ele>
      </trkpt>
      <trkpt lat="40.317251" lon="-3.649104">
        <ele>559.25</ele>
      </trkpt>
      <trkpt lat="40.316667" lon="-3.649315">
        <ele>558</ele>
      </trkpt>
      <trkpt lat="40.31571" lon="-3.649702">
        <ele>560.25</ele>
      </trkpt>
      <trkpt lat="40.314726" lon="-3.650178">
        <ele>561.25</ele>
      </trkpt>
      <trkpt lat="40.314001" lon="-3.650579">
        <ele>563.5</ele>
      </trkpt>
      <trkpt lat="40.313126" lon="-3.651108">
        <ele>567.25</ele>
      </trkpt>
      <trkpt lat="40.312392" lon="-3.651611">
        <ele>568</ele>
      </trkpt>
      <trkpt lat="40.311826" lon="-3.652029">
        <ele>569.5</ele>
      </trkpt>
      <trkpt lat="40.310943" lon="-3.652741">
        <ele>571</ele>
      </trkpt>
      <trkpt lat="40.310293" lon="-3.653326">
        <ele>572.25</ele>
      </trkpt>
      <trkpt lat="40.309803" lon="-3.653809">
        <ele>572.75</ele>
      </trkpt>
      <trkpt lat="40.309254" lon="-3.654369">
        <ele>574.5</ele>
      </trkpt>
      <trkpt lat="40.308292" lon="-3.655448">
        <ele>573.75</ele>
      </trkpt>
      <trkpt lat="40.307472" lon="-3.656504">
        <ele>574.75</ele>
      </trkpt>
      <trkpt lat="40.306574" lon="-3.657749">
        <ele>578.25</ele>
      </trkpt>
      <trkpt lat="40.304391" lon="-3.660849">
        <ele>581.5</ele>
      </trkpt>
      <trkpt lat="40.300857" lon="-3.665872">
        <ele>586</ele>
      </trkpt>
      <trkpt lat="40.299146" lon="-3.668303">
        <ele>586</ele>
      </trkpt>
      <trkpt lat="40.29874" lon="-3.66888">
        <ele>587.25</ele>
      </trkpt>
      <trkpt lat="40.293844" lon="-3.675842">
        <ele>589.5</ele>
      </trkpt>
      <trkpt lat="40.292413" lon="-3.677895">
        <ele>588.25</ele>
      </trkpt>
      <trkpt lat="40.291895" lon="-3.678679">
        <ele>587.75</ele>
      </trkpt>
      <trkpt lat="40.291326" lon="-3.679582">
        <ele>588</ele>
      </trkpt>
      <trkpt lat="40.290827" lon="-3.680424">
        <ele>588.25</ele>
      </trkpt>
      <trkpt lat="40.290402" lon="-3.681185">
        <ele>588.75</ele>
      </trkpt>
      <trkpt lat="40.290038" lon="-3.681872">
        <ele>589.5</ele>
      </trkpt>
      <trkpt lat="40.28963" lon="-3.682669">
        <ele>591.25</ele>
      </trkpt>
      <trkpt lat="40.289263" lon="-3.683439">
        <ele>592</ele>
      </trkpt>
      <trkpt lat="40.288896" lon="-3.684246">
        <ele>592.75</ele>
      </trkpt>
      <trkpt lat="40.288521" lon="-3.68512">
        <ele>594.5</ele>
      </trkpt>
      <trkpt lat="40.288178" lon="-3.685969">
        <ele>595.75</ele>
      </trkpt>
      <trkpt lat="40.287811" lon="-3.686959">
        <ele>596.5</ele>
      </trkpt>
      <trkpt lat="40.287464" lon="-3.687957">
        <ele>597.25</ele>
      </trkpt>
      <trkpt lat="40.286898" lon="-3.689757">
        <ele>599.5</ele>
      </trkpt>
      <trkpt lat="40.286668" lon="-3.690584">
        <ele>600.25</ele>
      </trkpt>
      <trkpt lat="40.286381" lon="-3.691647">
        <ele>598.75</ele>
      </trkpt>
      <trkpt lat="40.285609" lon="-3.694536">
        <ele>600.5</ele>
      </trkpt>
      <trkpt lat="40.285171" lon="-3.696026">
        <ele>603</ele>
      </trkpt>
      <trkpt lat="40.284861" lon="-3.697005">
        <ele>603.5</ele>
      </trkpt>
      <trkpt lat="40.284522" lon="-3.697982">
        <ele>604.25</ele>
      </trkpt>
      <trkpt lat="40.284209" lon="-3.698826">
        <ele>605</ele>
      </trkpt>
      <trkpt lat="40.283984" lon="-3.6994">
        <ele>604.75</ele>
      </trkpt>
      <trkpt lat="40.283741" lon="-3.699998">
        <ele>603.75</ele>
      </trkpt>
      <trkpt lat="40.283475" lon="-3.700616">
        <ele>604</ele>
      </trkpt>
      <trkpt lat="40.283086" lon="-3.701489">
        <ele>603</ele>
      </trkpt>
      <trkpt lat="40.28264" lon="-3.702408">
        <ele>605.25</ele>
      </trkpt>
      <trkpt lat="40.282107" lon="-3.703445">
        <ele>604.75</ele>
      </trkpt>
      <trkpt lat="40.281611" lon="-3.704351">
        <ele>606</ele>
      </trkpt>
      <trkpt lat="40.28106" lon="-3.705295">
        <ele>602.5</ele>
      </trkpt>
      <trkpt lat="40.280546" lon="-3.706119">
        <ele>602.25</ele>
      </trkpt>
      <trkpt lat="40.279951" lon="-3.707032">
        <ele>604.25</ele>
      </trkpt>
      <trkpt lat="40.279415" lon="-3.707796">
        <ele>603.25</ele>
      </trkpt>
      <trkpt lat="40.278781" lon="-3.708647">
        <ele>603.5</ele>
      </trkpt>
      <trkpt lat="40.278202" lon="-3.70938">
        <ele>603.5</ele>
      </trkpt>
      <trkpt lat="40.277796" lon="-3.709869">
        <ele>604</ele>
      </trkpt>
      <trkpt lat="40.277122" lon="-3.710649">
        <ele>604.5</ele>
      </trkpt>
      <trkpt lat="40.276582" lon="-3.711234">
        <ele>605.75</ele>
      </trkpt>
      <trkpt lat="40.275302" lon="-3.712535">
        <ele>607.75</ele>
      </trkpt>
      <trkpt lat="40.273955" lon="-3.713799">
        <ele>610.5</ele>
      </trkpt>
      <trkpt lat="40.272601" lon="-3.715086">
        <ele>610.5</ele>
      </trkpt>
      <trkpt lat="40.272051" lon="-3.715659">
        <ele>611</ele>
      </trkpt>
      <trkpt lat="40.270901" lon="-3.716909">
        <ele>609.5</ele>
      </trkpt>
      <trkpt lat="40.269886" lon="-3.718109">
        <ele>607</ele>
      </trkpt>
      <trkpt lat="40.268938" lon="-3.719323">
        <ele>603.75</ele>
      </trkpt>
      <trkpt lat="40.267916" lon="-3.720737">
        <ele>605.5</ele>
      </trkpt>
      <trkpt lat="40.26669" lon="-3.722596">
        <ele>609.75</ele>
      </trkpt>
      <trkpt lat="40.265206" lon="-3.724963">
        <ele>612.5</ele>
      </trkpt>
      <trkpt lat="40.264176" lon="-3.72658">
        <ele>614.5</ele>
      </trkpt>
      <trkpt lat="40.263498" lon="-3.727586">
        <ele>614.75</ele>
      </trkpt>
      <trkpt lat="40.262734" lon="-3.728647">
        <ele>613.25</ele>
      </trkpt>
      <trkpt lat="40.262101" lon="-3.729483">
        <ele>615</ele>
      </trkpt>
      <trkpt lat="40.261303" lon="-3.730475">
        <ele>616</ele>
      </trkpt>
      <trkpt lat="40.260525" lon="-3.731395">
        <ele>617</ele>
      </trkpt>
      <trkpt lat="40.259542" lon="-3.732489">
        <ele>620.25</ele>
      </trkpt>
      <trkpt lat="40.258756" lon="-3.733293">
        <ele>618.5</ele>
      </trkpt>
      <trkpt lat="40.257817" lon="-3.734203">
        <ele>618.25</ele>
      </trkpt>
      <trkpt lat="40.256832" lon="-3.735089">
        <ele>619.25</ele>
      </trkpt>
      <trkpt lat="40.255588" lon="-3.736145">
        <ele>621.25</ele>
      </trkpt>
      <trkpt lat="40.254645" lon="-3.736859">
        <ele>624</ele>
      </trkpt>
      <trkpt lat="40.253646" lon="-3.737578">
        <ele>624.25</ele>
      </trkpt>
      <trkpt lat="40.252656" lon="-3.738234">
        <ele>623</ele>
      </trkpt>
      <trkpt lat="40.251863" lon="-3.738724">
        <ele>626.5</ele>
      </trkpt>
      <trkpt lat="40.250789" lon="-3.739347">
        <ele>627.5</ele>
      </trkpt>
      <trkpt lat="40.2502" lon="-3.739672">
        <ele>628.75</ele>
      </trkpt>
      <trkpt lat="40.249352" lon="-3.740073">
        <ele>629.25</ele>
      </trkpt>
      <trkpt lat="40.248599" lon="-3.740436">
        <ele>629.75</ele>
      </trkpt>
      <trkpt lat="40.247927" lon="-3.740737">
        <ele>629.75</ele>
      </trkpt>
      <trkpt lat="40.246782" lon="-3.741205">
        <ele>628.5</ele>
      </trkpt>
      <trkpt lat="40.245297" lon="-3.741714">
        <ele>630</ele>
      </trkpt>
      <trkpt lat="40.244335" lon="-3.741998">
        <ele>626.5</ele>
      </trkpt>
      <trkpt lat="40.241174" lon="-3.742813">
        <ele>627.5</ele>
      </trkpt>
      <trkpt lat="40.22071" lon="-3.747828">
        <ele>622.75</ele>
      </trkpt>
      <trkpt lat="40.219609" lon="-3.748123">
        <ele>622.75</ele>
      </trkpt>
      <trkpt lat="40.218496" lon="-3.748321">
        <ele>624.5</ele>
      </trkpt>
      <trkpt lat="40.217343" lon="-3.748533">
        <ele>625</ele>
      </trkpt>
      <trkpt lat="40.215697" lon="-3.748719">
        <ele>625</ele>
      </trkpt>
      <trkpt lat="40.214765" lon="-3.74881">
        <ele>624.25</ele>
      </trkpt>
      <trkpt lat="40.209151" lon="-3.74915">
        <ele>615.75</ele>
      </trkpt>
      <trkpt lat="40.209066" lon="-3.749154">
        <ele>615.75</ele>
      </trkpt>
      <trkpt lat="40.20691" lon="-3.749278">
        <ele>616.5</ele>
      </trkpt>
      <trkpt lat="40.19796" lon="-3.749806">
        <ele>609.25</ele>
      </trkpt>
      <trkpt lat="40.191915" lon="-3.750141">
        <ele>605</ele>
      </trkpt>
      <trkpt lat="40.189896" lon="-3.750258">
        <ele>603.25</ele>
      </trkpt>
      <trkpt lat="40.184833" lon="-3.750566">
        <ele>600.75</ele>
      </trkpt>
      <trkpt lat="40.183609" lon="-3.750641">
        <ele>598.25</ele>
      </trkpt>
      <trkpt lat="40.182498" lon="-3.750725">
        <ele>595.75</ele>
      </trkpt>
      <trkpt lat="40.181549" lon="-3.750824">
        <ele>595.75</ele>
      </trkpt>
      <trkpt lat="40.180566" lon="-3.750964">
        <ele>595.5</ele>
      </trkpt>
      <trkpt lat="40.179031" lon="-3.751216">
        <ele>596.5</ele>
      </trkpt>
      <trkpt lat="40.17451" lon="-3.752095">
        <ele>602</ele>
      </trkpt>
      <trkpt lat="40.17281" lon="-3.752489">
        <ele>601</ele>
      </trkpt>
      <trkpt lat="40.171884" lon="-3.752729">
        <ele>601</ele>
      </trkpt>
      <trkpt lat="40.17125" lon="-3.752914">
        <ele>600.25</ele>
      </trkpt>
      <trkpt lat="40.170581" lon="-3.753127">
        <ele>598.75</ele>
      </trkpt>
      <trkpt lat="40.169601" lon="-3.753474">
        <ele>597.75</ele>
      </trkpt>
      <trkpt lat="40.169055" lon="-3.753682">
        <ele>597.25</ele>
      </trkpt>
      <trkpt lat="40.167983" lon="-3.754124">
        <ele>596</ele>
      </trkpt>
      <trkpt lat="40.166711" lon="-3.754731">
        <ele>593.75</ele>
      </trkpt>
      <trkpt lat="40.16568" lon="-3.755242">
        <ele>591.75</ele>
      </trkpt>
      <trkpt lat="40.163189" lon="-3.756511">
        <ele>589.25</ele>
      </trkpt>
      <trkpt lat="40.162079" lon="-3.757056">
        <ele>588.75</ele>
      </trkpt>
      <trkpt lat="40.160712" lon="-3.757665">
        <ele>586.5</ele>
      </trkpt>
      <trkpt lat="40.15949" lon="-3.758192">
        <ele>586.5</ele>
      </trkpt>
      <trkpt lat="40.155934" lon="-3.759505">
        <ele>585.5</ele>
      </trkpt>
      <trkpt lat="40.154383" lon="-3.760146">
        <ele>584.25</ele>
      </trkpt>
      <trkpt lat="40.153551" lon="-3.760533">
        <ele>583.5</ele>
      </trkpt>
      <trkpt lat="40.152505" lon="-3.761041">
        <ele>582.5</ele>
      </trkpt>
      <trkpt lat="40.151644" lon="-3.761498">
        <ele>581.25</ele>
      </trkpt>
      <trkpt lat="40.15084" lon="-3.76196">
        <ele>579.75</ele>
      </trkpt>
      <trkpt lat="40.150134" lon="-3.762379">
        <ele>577.25</ele>
      </trkpt>
      <trkpt lat="40.149152" lon="-3.762998">
        <ele>577</ele>
      </trkpt>
      <trkpt lat="40.146624" lon="-3.764717">
        <ele>575.5</ele>
      </trkpt>
      <trkpt lat="40.14464" lon="-3.766099">
        <ele>574.75</ele>
      </trkpt>
      <trkpt lat="40.143352" lon="-3.766967">
        <ele>574.5</ele>
      </trkpt>
      <trkpt lat="40.14228" lon="-3.767711">
        <ele>573.75</ele>
      </trkpt>
      <trkpt lat="40.140361" lon="-3.769017">
        <ele>574.25</ele>
      </trkpt>
      <trkpt lat="40.138606" lon="-3.770232">
        <ele>573.75</ele>
      </trkpt>
      <trkpt lat="40.13406" lon="-3.773353">
        <ele>577.75</ele>
      </trkpt>
      <trkpt lat="40.130756" lon="-3.775613">
        <ele>577.75</ele>
      </trkpt>
      <trkpt lat="40.127092" lon="-3.778134">
        <ele>582.5</ele>
      </trkpt>
      <trkpt lat="40.124091" lon="-3.780188">
        <ele>584.5</ele>
      </trkpt>
      <trkpt lat="40.122198" lon="-3.781487">
        <ele>580.25</ele>
      </trkpt>
      <trkpt lat="40.117025" lon="-3.78504">
        <ele>576</ele>
      </trkpt>
      <trkpt lat="40.115732" lon="-3.785872">
        <ele>573.75</ele>
      </trkpt>
      <trkpt lat="40.114253" lon="-3.786759">
        <ele>571.5</ele>
      </trkpt>
      <trkpt lat="40.112923" lon="-3.787451">
        <ele>575</ele>
      </trkpt>
      <trkpt lat="40.111553" lon="-3.788091">
        <ele>578</ele>
      </trkpt>
      <trkpt lat="40.110247" lon="-3.788631">
        <ele>577.5</ele>
      </trkpt>
      <trkpt lat="40.108963" lon="-3.789092">
        <ele>578.75</ele>
      </trkpt>
      <trkpt lat="40.108074" lon="-3.789376">
        <ele>579.5</ele>
      </trkpt>
      <trkpt lat="40.107009" lon="-3.789668">
        <ele>580</ele>
      </trkpt>
      <trkpt lat="40.105274" lon="-3.790068">
        <ele>578</ele>
      </trkpt>
      <trkpt lat="40.098039" lon="-3.791506">
        <ele>564</ele>
      </trkpt>
      <trkpt lat="40.094155" lon="-3.792254">
        <ele>556.75</ele>
      </trkpt>
      <trkpt lat="40.091131" lon="-3.792865">
        <ele>555</ele>
      </trkpt>
      <trkpt lat="40.087075" lon="-3.793652">
        <ele>554.25</ele>
      </trkpt>
      <trkpt lat="40.085411" lon="-3.794026">
        <ele>557.25</ele>
      </trkpt>
      <trkpt lat="40.084449" lon="-3.794279">
        <ele>556.5</ele>
      </trkpt>
      <trkpt lat="40.083488" lon="-3.794574">
        <ele>553.5</ele>
      </trkpt>
      <trkpt lat="40.082068" lon="-3.795076">
        <ele>549.75</ele>
      </trkpt>
      <trkpt lat="40.081123" lon="-3.79545">
        <ele>546.75</ele>
      </trkpt>
      <trkpt lat="40.080178" lon="-3.795873">
        <ele>544.75</ele>
      </trkpt>
      <trkpt lat="40.078794" lon="-3.796546">
        <ele>551.25</ele>
      </trkpt>
      <trkpt lat="40.07765" lon="-3.797175">
        <ele>547.25</ele>
      </trkpt>
      <trkpt lat="40.07654" lon="-3.797825">
        <ele>541</ele>
      </trkpt>
      <trkpt lat="40.059125" lon="-3.808208">
        <ele>520.5</ele>
      </trkpt>
      <trkpt lat="40.055562" lon="-3.810345">
        <ele>520</ele>
      </trkpt>
      <trkpt lat="40.052" lon="-3.812449">
        <ele>518.5</ele>
      </trkpt>
      <trkpt lat="40.050186" lon="-3.813546">
        <ele>516.5</ele>
      </trkpt>
      <trkpt lat="40.048428" lon="-3.814604">
        <ele>517.5</ele>
      </trkpt>
      <trkpt lat="40.043082" lon="-3.817765">
        <ele>514.5</ele>
      </trkpt>
      <trkpt lat="40.040824" lon="-3.819157">
        <ele>509</ele>
      </trkpt>
      <trkpt lat="40.039203" lon="-3.820102">
        <ele>509.25</ele>
      </trkpt>
      <trkpt lat="40.035696" lon="-3.822169">
        <ele>505.5</ele>
      </trkpt>
      <trkpt lat="40.034605" lon="-3.822759">
        <ele>506.5</ele>
      </trkpt>
      <trkpt lat="40.033513" lon="-3.823308">
        <ele>507</ele>
      </trkpt>
      <trkpt lat="40.032447" lon="-3.823783">
        <ele>504.75</ele>
      </trkpt>
      <trkpt lat="40.031546" lon="-3.824141">
        <ele>504.75</ele>
      </trkpt>
      <trkpt lat="40.030128" lon="-3.82466">
        <ele>505</ele>
      </trkpt>
      <trkpt lat="40.028825" lon="-3.825067">
        <ele>508</ele>
      </trkpt>
      <trkpt lat="40.022696" lon="-3.826845">
        <ele>516.25</ele>
      </trkpt>
      <trkpt lat="40.02031" lon="-3.82752">
        <ele>515.5</ele>
      </trkpt>
      <trkpt lat="40.015055" lon="-3.829037">
        <ele>518.75</ele>
      </trkpt>
      <trkpt lat="40.011233" lon="-3.830126">
        <ele>512.5</ele>
      </trkpt>
      <trkpt lat="40.00883" lon="-3.830824">
        <ele>508.5</ele>
      </trkpt>
      <trkpt lat="40.00496" lon="-3.831931">
        <ele>503.5</ele>
      </trkpt>
      <trkpt lat="40.000639" lon="-3.833181">
        <ele>497.75</ele>
      </trkpt>
      <trkpt lat="39.999686" lon="-3.833459">
        <ele>495.75</ele>
      </trkpt>
      <trkpt lat="39.998322" lon="-3.833826">
        <ele>494.75</ele>
      </trkpt>
      <trkpt lat="39.997276" lon="-3.834137">
        <ele>492.75</ele>
      </trkpt>
      <trkpt lat="39.993035" lon="-3.835349">
        <ele>488.25</ele>
      </trkpt>
      <trkpt lat="39.990785" lon="-3.836001">
        <ele>487</ele>
      </trkpt>
      <trkpt lat="39.98863" lon="-3.836619">
        <ele>485</ele>
      </trkpt>
      <trkpt lat="39.987804" lon="-3.836859">
        <ele>484.75</ele>
      </trkpt>
      <trkpt lat="39.984012" lon="-3.83795">
        <ele>483.5</ele>
      </trkpt>
      <trkpt lat="39.98001" lon="-3.839091">
        <ele>482.75</ele>
      </trkpt>
      <trkpt lat="39.978251" lon="-3.839601">
        <ele>481</ele>
      </trkpt>
      <trkpt lat="39.977231" lon="-3.83989">
        <ele>482</ele>
      </trkpt>
      <trkpt lat="39.97582" lon="-3.840246">
        <ele>479.75</ele>
      </trkpt>
      <trkpt lat="39.969024" lon="-3.842183">
        <ele>479</ele>
      </trkpt>
      <trkpt lat="39.965228" lon="-3.843281">
        <ele>477</ele>
      </trkpt>
      <trkpt lat="39.964187" lon="-3.843594">
        <ele>476.25</ele>
      </trkpt>
      <trkpt lat="39.962689" lon="-3.844095">
        <ele>475.5</ele>
      </trkpt>
      <trkpt lat="39.961906" lon="-3.844387">
        <ele>474.75</ele>
      </trkpt>
      <trkpt lat="39.96119" lon="-3.844678">
        <ele>475</ele>
      </trkpt>
      <trkpt lat="39.9604" lon="-3.845022">
        <ele>475.5</ele>
      </trkpt>
      <trkpt lat="39.959782" lon="-3.845308">
        <ele>475.25</ele>
      </trkpt>
      <trkpt lat="39.958224" lon="-3.846108">
        <ele>476.75</ele>
      </trkpt>
      <trkpt lat="39.957108" lon="-3.846743">
        <ele>476.75</ele>
      </trkpt>
      <trkpt lat="39.955742" lon="-3.847613">
        <ele>476.25</ele>
      </trkpt>
      <trkpt lat="39.954689" lon="-3.848344">
        <ele>474.5</ele>
      </trkpt>
      <trkpt lat="39.953869" lon="-3.848954">
        <ele>475.25</ele>
      </trkpt>
      <trkpt lat="39.953462" lon="-3.849273">
        <ele>477.25</ele>
      </trkpt>
      <trkpt lat="39.952403" lon="-3.850143">
        <ele>476.75</ele>
      </trkpt>
      <trkpt lat="39.952208" lon="-3.850315">
        <ele>475.75</ele>
      </trkpt>
      <trkpt lat="39.951797" lon="-3.85067">
        <ele>475.25</ele>
      </trkpt>
      <trkpt lat="39.951059" lon="-3.851348">
        <ele>475</ele>
      </trkpt>
      <trkpt lat="39.950384" lon="-3.852005">
        <ele>474</ele>
      </trkpt>
      <trkpt lat="39.95016" lon="-3.852221">
        <ele>474.25</ele>
      </trkpt>
      <trkpt lat="39.949647" lon="-3.852746">
        <ele>474</ele>
      </trkpt>
      <trkpt lat="39.94913" lon="-3.853294">
        <ele>474.75</ele>
      </trkpt>
      <trkpt lat="39.948617" lon="-3.853858">
        <ele>473</ele>
      </trkpt>
      <trkpt lat="39.948145" lon="-3.854392">
        <ele>473.25</ele>
      </trkpt>
      <trkpt lat="39.946369" lon="-3.856613">
        <ele>469</ele>
      </trkpt>
      <trkpt lat="39.945725" lon="-3.857496">
        <ele>469</ele>
      </trkpt>
      <trkpt lat="39.945056" lon="-3.858469">
        <ele>469</ele>
      </trkpt>
      <trkpt lat="39.944466" lon="-3.859365">
        <ele>468.25</ele>
      </trkpt>
      <trkpt lat="39.944029" lon="-3.860066">
        <ele>468</ele>
      </trkpt>
      <trkpt lat="39.943585" lon="-3.860797">
        <ele>470.75</ele>
      </trkpt>
      <trkpt lat="39.941941" lon="-3.863623">
        <ele>468.75</ele>
      </trkpt>
      <trkpt lat="39.941244" lon="-3.864804">
        <ele>468.75</ele>
      </trkpt>
      <trkpt lat="39.940631" lon="-3.865816">
        <ele>468</ele>
      </trkpt>
      <trkpt lat="39.939982" lon="-3.866832">
        <ele>468.75</ele>
      </trkpt>
      <trkpt lat="39.939353" lon="-3.867767">
        <ele>468.5</ele>
      </trkpt>
      <trkpt lat="39.938689" lon="-3.868696">
        <ele>470</ele>
      </trkpt>
      <trkpt lat="39.9376" lon="-3.870119">
        <ele>467.75</ele>
      </trkpt>
      <trkpt lat="39.936939" lon="-3.870927">
        <ele>467</ele>
      </trkpt>
      <trkpt lat="39.936228" lon="-3.871758">
        <ele>466</ele>
      </trkpt>
      <trkpt lat="39.935693" lon="-3.872347">
        <ele>465.75</ele>
      </trkpt>
      <trkpt lat="39.935103" lon="-3.872975">
        <ele>465.75</ele>
      </trkpt>
      <trkpt lat="39.934354" lon="-3.873736">
        <ele>466</ele>
      </trkpt>
      <trkpt lat="39.933722" lon="-3.874342">
        <ele>465.75</ele>
      </trkpt>
      <trkpt lat="39.932718" lon="-3.875252">
        <ele>465</ele>
      </trkpt>
      <trkpt lat="39.931867" lon="-3.875973">
        <ele>465.75</ele>
      </trkpt>
      <trkpt lat="39.930878" lon="-3.87676">
        <ele>465.75</ele>
      </trkpt>
      <trkpt lat="39.929867" lon="-3.877507">
        <ele>464.75</ele>
      </trkpt>
      <trkpt lat="39.929117" lon="-3.878026">
        <ele>465.5</ele>
      </trkpt>
      <trkpt lat="39.928417" lon="-3.878485">
        <ele>466.5</ele>
      </trkpt>
      <trkpt lat="39.927444" lon="-3.87908">
        <ele>466.75</ele>
      </trkpt>
      <trkpt lat="39.926639" lon="-3.879531">
        <ele>466.5</ele>
      </trkpt>
      <trkpt lat="39.925801" lon="-3.879978">
        <ele>468</ele>
      </trkpt>
      <trkpt lat="39.924896" lon="-3.880426">
        <ele>466.75</ele>
      </trkpt>
      <trkpt lat="39.923926" lon="-3.880846">
        <ele>465.75</ele>
      </trkpt>
      <trkpt lat="39.922951" lon="-3.881238">
        <ele>465.25</ele>
      </trkpt>
      <trkpt lat="39.921518" lon="-3.881753">
        <ele>463.25</ele>
      </trkpt>
      <trkpt lat="39.920116" lon="-3.882176">
        <ele>463.5</ele>
      </trkpt>
      <trkpt lat="39.919065" lon="-3.88245">
        <ele>464</ele>
      </trkpt>
      <trkpt lat="39.918123" lon="-3.882658">
        <ele>465.5</ele>
      </trkpt>
      <trkpt lat="39.917133" lon="-3.882817">
        <ele>466</ele>
      </trkpt>
      <trkpt lat="39.915156" lon="-3.883065">
        <ele>467.75</ele>
      </trkpt>
      <trkpt lat="39.913581" lon="-3.883147">
        <ele>467.25</ele>
      </trkpt>
      <trkpt lat="39.912439" lon="-3.883154">
        <ele>468</ele>
      </trkpt>
      <trkpt lat="39.911327" lon="-3.883115">
        <ele>468.25</ele>
      </trkpt>
      <trkpt lat="39.91008" lon="-3.883028">
        <ele>470.25</ele>
      </trkpt>
      <trkpt lat="39.909267" lon="-3.882931">
        <ele>470.25</ele>
      </trkpt>
      <trkpt lat="39.905949" lon="-3.882302">
        <ele>470.25</ele>
      </trkpt>
      <trkpt lat="39.902723" lon="-3.881445">
        <ele>484.75</ele>
      </trkpt>
      <trkpt lat="39.901712" lon="-3.881052">
        <ele>487.75</ele>
      </trkpt>
      <trkpt lat="39.901288" lon="-3.880877">
        <ele>489.25</ele>
      </trkpt>
      <trkpt lat="39.900779" lon="-3.880671">
        <ele>488.75</ele>
      </trkpt>
      <trkpt lat="39.899338" lon="-3.879999">
        <ele>489.75</ele>
      </trkpt>
      <trkpt lat="39.898291" lon="-3.879411">
        <ele>489</ele>
      </trkpt>
      <trkpt lat="39.895145" lon="-3.877605">
        <ele>494</ele>
      </trkpt>
      <trkpt lat="39.893546" lon="-3.876635">
        <ele>496</ele>
      </trkpt>
      <trkpt lat="39.892223" lon="-3.875862">
        <ele>497.75</ele>
      </trkpt>
      <trkpt lat="39.888594" lon="-3.873718">
        <ele>501.25</ele>
      </trkpt>
      <trkpt lat="39.887528" lon="-3.873042">
        <ele>506</ele>
      </trkpt>
      <trkpt lat="39.885926" lon="-3.872097">
        <ele>505.75</ele>
      </trkpt>
      <trkpt lat="39.881081" lon="-3.869274">
        <ele>516</ele>
      </trkpt>
      <trkpt lat="39.880159" lon="-3.868787">
        <ele>517.75</ele>
      </trkpt>
      <trkpt lat="39.879179" lon="-3.868291">
        <ele>523.75</ele>
      </trkpt>
      <trkpt lat="39.878195" lon="-3.867852">
        <ele>525</ele>
      </trkpt>
      <trkpt lat="39.875865" lon="-3.86699">
        <ele>529.75</ele>
      </trkpt>
      <trkpt lat="39.873942" lon="-3.86645">
        <ele>534.5</ele>
      </trkpt>
      <trkpt lat="39.873579" lon="-3.86637">
        <ele>535.5</ele>
      </trkpt>
      <trkpt lat="39.871841" lon="-3.866024">
        <ele>537.5</ele>
      </trkpt>
      <trkpt lat="39.870089" lon="-3.865785">
        <ele>538.25</ele>
      </trkpt>
      <trkpt lat="39.866549" lon="-3.865323">
        <ele>547.25</ele>
      </trkpt>
      <trkpt lat="39.865487" lon="-3.865157">
        <ele>550</ele>
      </trkpt>
      <trkpt lat="39.86442" lon="-3.864962">
        <ele>549.5</ele>
      </trkpt>
      <trkpt lat="39.862681" lon="-3.864539">
        <ele>554</ele>
      </trkpt>
      <trkpt lat="39.861523" lon="-3.864279">
        <ele>545.75</ele>
      </trkpt>
      <trkpt lat="39.859862" lon="-3.863846">
        <ele>545.5</ele>
      </trkpt>
      <trkpt lat="39.858103" lon="-3.863343">
        <ele>553.5</ele>
      </trkpt>
      <trkpt lat="39.857038" lon="-3.863122">
        <ele>559</ele>
      </trkpt>
      <trkpt lat="39.855961" lon="-3.862944">
        <ele>559.75</ele>
      </trkpt>
      <trkpt lat="39.854331" lon="-3.862788">
        <ele>557</ele>
      </trkpt>
      <trkpt lat="39.852988" lon="-3.862705">
        <ele>559</ele>
      </trkpt>
      <trkpt lat="39.851322" lon="-3.862666">
        <ele>563.5</ele>
      </trkpt>
      <trkpt lat="39.848965" lon="-3.862689">
        <ele>570.25</ele>
      </trkpt>
      <trkpt lat="39.846643" lon="-3.862758">
        <ele>580.5</ele>
      </trkpt>
      <trkpt lat="39.842991" lon="-3.862879">
        <ele>577.75</ele>
      </trkpt>
      <trkpt lat="39.839843" lon="-3.862898">
        <ele>588.25</ele>
      </trkpt>
      <trkpt lat="39.838416" lon="-3.862841">
        <ele>592</ele>
      </trkpt>
      <trkpt lat="39.837016" lon="-3.862746">
        <ele>590.5</ele>
      </trkpt>
      <trkpt lat="39.835848" lon="-3.862627">
        <ele>592</ele>
      </trkpt>
      <trkpt lat="39.834353" lon="-3.862396">
        <ele>591.75</ele>
      </trkpt>
      <trkpt lat="39.833464" lon="-3.862219">
        <ele>590.25</ele>
      </trkpt>
      <trkpt lat="39.832199" lon="-3.861892">
        <ele>591.5</ele>
      </trkpt>
      <trkpt lat="39.830936" lon="-3.86152">
        <ele>592</ele>
      </trkpt>
      <trkpt lat="39.830023" lon="-3.861204">
        <ele>592.5</ele>
      </trkpt>
      <trkpt lat="39.828543" lon="-3.860615">
        <ele>597.75</ele>
      </trkpt>
      <trkpt lat="39.827229" lon="-3.860011">
        <ele>600.75</ele>
      </trkpt>
      <trkpt lat="39.826109" lon="-3.859456">
        <ele>599</ele>
      </trkpt>
      <trkpt lat="39.824719" lon="-3.858691">
        <ele>602</ele>
      </trkpt>
      <trkpt lat="39.823505" lon="-3.857993">
        <ele>605.25</ele>
      </trkpt>
      <trkpt lat="39.822035" lon="-3.857125">
        <ele>607.75</ele>
      </trkpt>
      <trkpt lat="39.819813" lon="-3.855827">
        <ele>613.75</ele>
      </trkpt>
      <trkpt lat="39.814357" lon="-3.852658">
        <ele>620</ele>
      </trkpt>
      <trkpt lat="39.811862" lon="-3.851185">
        <ele>623.75</ele>
      </trkpt>
      <trkpt lat="39.810298" lon="-3.850174">
        <ele>624</ele>
      </trkpt>
      <trkpt lat="39.809332" lon="-3.849486">
        <ele>624.25</ele>
      </trkpt>
      <trkpt lat="39.808366" lon="-3.848763">
        <ele>626</ele>
      </trkpt>
      <trkpt lat="39.807453" lon="-3.848013">
        <ele>626.75</ele>
      </trkpt>
      <trkpt lat="39.806275" lon="-3.846965">
        <ele>628.25</ele>
      </trkpt>
      <trkpt lat="39.803906" lon="-3.844744">
        <ele>635.75</ele>
      </trkpt>
      <trkpt lat="39.802755" lon="-3.843672">
        <ele>639.25</ele>
      </trkpt>
      <trkpt lat="39.801533" lon="-3.842598">
        <ele>640.25</ele>
      </trkpt>
      <trkpt lat="39.800456" lon="-3.84173">
        <ele>642.5</ele>
      </trkpt>
      <trkpt lat="39.799346" lon="-3.840918">
        <ele>643.25</ele>
      </trkpt>
      <trkpt lat="39.798566" lon="-3.840365">
        <ele>645.5</ele>
      </trkpt>
      <trkpt lat="39.797522" lon="-3.839691">
        <ele>648.25</ele>
      </trkpt>
      <trkpt lat="39.796441" lon="-3.839047">
        <ele>648.75</ele>
      </trkpt>
      <trkpt lat="39.795401" lon="-3.838493">
        <ele>650.25</ele>
      </trkpt>
      <trkpt lat="39.79432" lon="-3.837944">
        <ele>654</ele>
      </trkpt>
      <trkpt lat="39.792946" lon="-3.837338">
        <ele>656.5</ele>
      </trkpt>
      <trkpt lat="39.791767" lon="-3.836873">
        <ele>657.25</ele>
      </trkpt>
      <trkpt lat="39.790026" lon="-3.836292">
        <ele>662.75</ele>
      </trkpt>
      <trkpt lat="39.789454" lon="-3.836125">
        <ele>663</ele>
      </trkpt>
      <trkpt lat="39.788413" lon="-3.835867">
        <ele>664</ele>
      </trkpt>
      <trkpt lat="39.787445" lon="-3.83566">
        <ele>665</ele>
      </trkpt>
      <trkpt lat="39.785605" lon="-3.835313">
        <ele>668</ele>
      </trkpt>
      <trkpt lat="39.78303" lon="-3.834868">
        <ele>672.75</ele>
      </trkpt>
      <trkpt lat="39.781864" lon="-3.834623">
        <ele>675</ele>
      </trkpt>
      <trkpt lat="39.780712" lon="-3.834334">
        <ele>677.25</ele>
      </trkpt>
      <trkpt lat="39.779593" lon="-3.834016">
        <ele>679.5</ele>
      </trkpt>
      <trkpt lat="39.778452" lon="-3.833628">
        <ele>683</ele>
      </trkpt>
      <trkpt lat="39.777491" lon="-3.833266">
        <ele>681.5</ele>
      </trkpt>
      <trkpt lat="39.776597" lon="-3.832897">
        <ele>685.75</ele>
      </trkpt>
      <trkpt lat="39.775559" lon="-3.832419">
        <ele>687.5</ele>
      </trkpt>
      <trkpt lat="39.774749" lon="-3.832022">
        <ele>690.25</ele>
      </trkpt>
      <trkpt lat="39.773125" lon="-3.831117">
        <ele>691</ele>
      </trkpt>
      <trkpt lat="39.772336" lon="-3.830635">
        <ele>690.75</ele>
      </trkpt>
      <trkpt lat="39.771285" lon="-3.829963">
        <ele>690</ele>
      </trkpt>
      <trkpt lat="39.770339" lon="-3.829285">
        <ele>691.25</ele>
      </trkpt>
      <trkpt lat="39.769538" lon="-3.828682">
        <ele>694.5</ele>
      </trkpt>
      <trkpt lat="39.76868" lon="-3.828005">
        <ele>695.25</ele>
      </trkpt>
      <trkpt lat="39.76746" lon="-3.826997">
        <ele>698.75</ele>
      </trkpt>
      <trkpt lat="39.764254" lon="-3.824292">
        <ele>704.5</ele>
      </trkpt>
      <trkpt lat="39.763225" lon="-3.823465">
        <ele>705.25</ele>
      </trkpt>
      <trkpt lat="39.762102" lon="-3.822574">
        <ele>703.5</ele>
      </trkpt>
      <trkpt lat="39.761161" lon="-3.821881">
        <ele>700.25</ele>
      </trkpt>
      <trkpt lat="39.760123" lon="-3.821168">
        <ele>698</ele>
      </trkpt>
      <trkpt lat="39.759078" lon="-3.820517">
        <ele>696.75</ele>
      </trkpt>
      <trkpt lat="39.758006" lon="-3.819916">
        <ele>699</ele>
      </trkpt>
      <trkpt lat="39.756929" lon="-3.81935">
        <ele>699.75</ele>
      </trkpt>
      <trkpt lat="39.755917" lon="-3.818852">
        <ele>699.75</ele>
      </trkpt>
      <trkpt lat="39.755043" lon="-3.818462">
        <ele>698</ele>
      </trkpt>
      <trkpt lat="39.75405" lon="-3.818083">
        <ele>699.5</ele>
      </trkpt>
      <trkpt lat="39.752937" lon="-3.817685">
        <ele>701</ele>
      </trkpt>
      <trkpt lat="39.751802" lon="-3.817346">
        <ele>703</ele>
      </trkpt>
      <trkpt lat="39.750654" lon="-3.817021">
        <ele>704</ele>
      </trkpt>
      <trkpt lat="39.749503" lon="-3.816717">
        <ele>706.75</ele>
      </trkpt>
      <trkpt lat="39.746464" lon="-3.815963">
        <ele>711.75</ele>
      </trkpt>
      <trkpt lat="39.744242" lon="-3.815394">
        <ele>715.75</ele>
      </trkpt>
      <trkpt lat="39.740789" lon="-3.814534">
        <ele>714.25</ele>
      </trkpt>
      <trkpt lat="39.738803" lon="-3.814017">
        <ele>711.25</ele>
      </trkpt>
      <trkpt lat="39.733814" lon="-3.812747">
        <ele>703.5</ele>
      </trkpt>
      <trkpt lat="39.731509" lon="-3.812163">
        <ele>701.5</ele>
      </trkpt>
      <trkpt lat="39.727365" lon="-3.811137">
        <ele>709.25</ele>
      </trkpt>
      <trkpt lat="39.716199" lon="-3.808293">
        <ele>712.75</ele>
      </trkpt>
      <trkpt lat="39.71599" lon="-3.808235">
        <ele>713.5</ele>
      </trkpt>
      <trkpt lat="39.714293" lon="-3.8078">
        <ele>717.25</ele>
      </trkpt>
      <trkpt lat="39.7094" lon="-3.806593">
        <ele>721.5</ele>
      </trkpt>
      <trkpt lat="39.703975" lon="-3.805584">
        <ele>729.75</ele>
      </trkpt>
      <trkpt lat="39.700767" lon="-3.804938">
        <ele>726.75</ele>
      </trkpt>
      <trkpt lat="39.69864" lon="-3.80454">
        <ele>727.75</ele>
      </trkpt>
      <trkpt lat="39.695053" lon="-3.80383">
        <ele>726.75</ele>
      </trkpt>
      <trkpt lat="39.694009" lon="-3.803631">
        <ele>728</ele>
      </trkpt>
      <trkpt lat="39.692822" lon="-3.803455">
        <ele>731.5</ele>
      </trkpt>
      <trkpt lat="39.692363" lon="-3.80335">
        <ele>733.25</ele>
      </trkpt>
      <trkpt lat="39.68797" lon="-3.802553">
        <ele>735</ele>
      </trkpt>
      <trkpt lat="39.68732" lon="-3.802437">
        <ele>734.5</ele>
      </trkpt>
      <trkpt lat="39.683247" lon="-3.801665">
        <ele>735.75</ele>
      </trkpt>
      <trkpt lat="39.678163" lon="-3.800714">
        <ele>735.75</ele>
      </trkpt>
      <trkpt lat="39.677136" lon="-3.800509">
        <ele>738.25</ele>
      </trkpt>
      <trkpt lat="39.675315" lon="-3.800183">
        <ele>736.5</ele>
      </trkpt>
      <trkpt lat="39.674643" lon="-3.800046">
        <ele>736</ele>
      </trkpt>
      <trkpt lat="39.672703" lon="-3.799695">
        <ele>737</ele>
      </trkpt>
      <trkpt lat="39.670958" lon="-3.79944">
        <ele>736.5</ele>
      </trkpt>
      <trkpt lat="39.66997" lon="-3.799342">
        <ele>736</ele>
      </trkpt>
      <trkpt lat="39.668483" lon="-3.799266">
        <ele>736.75</ele>
      </trkpt>
      <trkpt lat="39.667051" lon="-3.799267">
        <ele>735.75</ele>
      </trkpt>
      <trkpt lat="39.666009" lon="-3.799318">
        <ele>737.25</ele>
      </trkpt>
      <trkpt lat="39.664548" lon="-3.79942">
        <ele>734.5</ele>
      </trkpt>
      <trkpt lat="39.663046" lon="-3.799592">
        <ele>734.25</ele>
      </trkpt>
      <trkpt lat="39.643372" lon="-3.801577">
        <ele>722.75</ele>
      </trkpt>
      <trkpt lat="39.642528" lon="-3.80165">
        <ele>722.75</ele>
      </trkpt>
      <trkpt lat="39.641121" lon="-3.801706">
        <ele>721.5</ele>
      </trkpt>
      <trkpt lat="39.639188" lon="-3.801683">
        <ele>722</ele>
      </trkpt>
      <trkpt lat="39.638955" lon="-3.801667">
        <ele>722.25</ele>
      </trkpt>
      <trkpt lat="39.63744" lon="-3.801545">
        <ele>722.25</ele>
      </trkpt>
      <trkpt lat="39.636287" lon="-3.801428">
        <ele>720</ele>
      </trkpt>
      <trkpt lat="39.634542" lon="-3.801086">
        <ele>723.25</ele>
      </trkpt>
      <trkpt lat="39.633479" lon="-3.800842">
        <ele>724.5</ele>
      </trkpt>
      <trkpt lat="39.632448" lon="-3.800555">
        <ele>725.5</ele>
      </trkpt>
      <trkpt lat="39.632269" lon="-3.800499">
        <ele>725.75</ele>
      </trkpt>
      <trkpt lat="39.631202" lon="-3.80014">
        <ele>728.5</ele>
      </trkpt>
      <trkpt lat="39.630071" lon="-3.799727">
        <ele>729.75</ele>
      </trkpt>
      <trkpt lat="39.62896" lon="-3.799291">
        <ele>732</ele>
      </trkpt>
      <trkpt lat="39.62678" lon="-3.798341">
        <ele>732.75</ele>
      </trkpt>
      <trkpt lat="39.624697" lon="-3.797414">
        <ele>736.25</ele>
      </trkpt>
      <trkpt lat="39.623308" lon="-3.796876">
        <ele>737.25</ele>
      </trkpt>
      <trkpt lat="39.621629" lon="-3.796315">
        <ele>745</ele>
      </trkpt>
      <trkpt lat="39.620455" lon="-3.79599">
        <ele>746.25</ele>
      </trkpt>
      <trkpt lat="39.619305" lon="-3.795734">
        <ele>748.75</ele>
      </trkpt>
      <trkpt lat="39.618132" lon="-3.795533">
        <ele>751.75</ele>
      </trkpt>
      <trkpt lat="39.617071" lon="-3.795369">
        <ele>756.5</ele>
      </trkpt>
      <trkpt lat="39.615124" lon="-3.795205">
        <ele>761.5</ele>
      </trkpt>
      <trkpt lat="39.613461" lon="-3.795201">
        <ele>763.5</ele>
      </trkpt>
      <trkpt lat="39.612222" lon="-3.795223">
        <ele>767.25</ele>
      </trkpt>
      <trkpt lat="39.611071" lon="-3.795332">
        <ele>769</ele>
      </trkpt>
      <trkpt lat="39.609961" lon="-3.795466">
        <ele>768</ele>
      </trkpt>
      <trkpt lat="39.608908" lon="-3.795606">
        <ele>766.75</ele>
      </trkpt>
      <trkpt lat="39.608345" lon="-3.795728">
        <ele>765.5</ele>
      </trkpt>
      <trkpt lat="39.60722" lon="-3.795988">
        <ele>760.25</ele>
      </trkpt>
      <trkpt lat="39.606138" lon="-3.796249">
        <ele>756.25</ele>
      </trkpt>
      <trkpt lat="39.605203" lon="-3.796551">
        <ele>754</ele>
      </trkpt>
      <trkpt lat="39.604257" lon="-3.79687">
        <ele>751</ele>
      </trkpt>
      <trkpt lat="39.603118" lon="-3.797312">
        <ele>747.25</ele>
      </trkpt>
      <trkpt lat="39.602" lon="-3.797796">
        <ele>744.75</ele>
      </trkpt>
      <trkpt lat="39.600907" lon="-3.798286">
        <ele>746.5</ele>
      </trkpt>
      <trkpt lat="39.599821" lon="-3.798852">
        <ele>749.25</ele>
      </trkpt>
      <trkpt lat="39.598734" lon="-3.799466">
        <ele>743.5</ele>
      </trkpt>
      <trkpt lat="39.597906" lon="-3.800013">
        <ele>738.25</ele>
      </trkpt>
      <trkpt lat="39.576243" lon="-3.813964">
        <ele>720.75</ele>
      </trkpt>
      <trkpt lat="39.574823" lon="-3.814836">
        <ele>721.5</ele>
      </trkpt>
      <trkpt lat="39.573745" lon="-3.815447">
        <ele>721.25</ele>
      </trkpt>
      <trkpt lat="39.57294" lon="-3.815874">
        <ele>721</ele>
      </trkpt>
      <trkpt lat="39.572102" lon="-3.816262">
        <ele>720</ele>
      </trkpt>
      <trkpt lat="39.570742" lon="-3.81684">
        <ele>721</ele>
      </trkpt>
      <trkpt lat="39.569375" lon="-3.817372">
        <ele>721</ele>
      </trkpt>
      <trkpt lat="39.568159" lon="-3.817767">
        <ele>719.5</ele>
      </trkpt>
      <trkpt lat="39.566949" lon="-3.818093">
        <ele>718.25</ele>
      </trkpt>
      <trkpt lat="39.565848" lon="-3.818359">
        <ele>719</ele>
      </trkpt>
      <trkpt lat="39.564296" lon="-3.818648">
        <ele>720.5</ele>
      </trkpt>
      <trkpt lat="39.560947" lon="-3.819153">
        <ele>712.25</ele>
      </trkpt>
      <trkpt lat="39.547994" lon="-3.821153">
        <ele>711.25</ele>
      </trkpt>
      <trkpt lat="39.538588" lon="-3.822582">
        <ele>709.25</ele>
      </trkpt>
      <trkpt lat="39.532211" lon="-3.823562">
        <ele>709</ele>
      </trkpt>
      <trkpt lat="39.531914" lon="-3.823608">
        <ele>709</ele>
      </trkpt>
      <trkpt lat="39.522882" lon="-3.825">
        <ele>713</ele>
      </trkpt>
      <trkpt lat="39.511655" lon="-3.82671">
        <ele>718.75</ele>
      </trkpt>
      <trkpt lat="39.505441" lon="-3.827678">
        <ele>723.75</ele>
      </trkpt>
      <trkpt lat="39.497237" lon="-3.828928">
        <ele>729</ele>
      </trkpt>
      <trkpt lat="39.488745" lon="-3.830252">
        <ele>736.75</ele>
      </trkpt>
      <trkpt lat="39.485081" lon="-3.83081">
        <ele>739.75</ele>
      </trkpt>
      <trkpt lat="39.48347" lon="-3.831029">
        <ele>740</ele>
      </trkpt>
      <trkpt lat="39.481882" lon="-3.831192">
        <ele>741.75</ele>
      </trkpt>
      <trkpt lat="39.48004" lon="-3.831222">
        <ele>743.25</ele>
      </trkpt>
      <trkpt lat="39.477791" lon="-3.83114">
        <ele>744.5</ele>
      </trkpt>
      <trkpt lat="39.476035" lon="-3.830938">
        <ele>745.5</ele>
      </trkpt>
      <trkpt lat="39.474288" lon="-3.830629">
        <ele>748</ele>
      </trkpt>
      <trkpt lat="39.472265" lon="-3.830109">
        <ele>752.25</ele>
      </trkpt>
      <trkpt lat="39.471332" lon="-3.829851">
        <ele>759</ele>
      </trkpt>
      <trkpt lat="39.470214" lon="-3.829464">
        <ele>764.25</ele>
      </trkpt>
      <trkpt lat="39.4691" lon="-3.829026">
        <ele>757.25</ele>
      </trkpt>
      <trkpt lat="39.467459" lon="-3.828265">
        <ele>752</ele>
      </trkpt>
      <trkpt lat="39.466022" lon="-3.82754">
        <ele>754.75</ele>
      </trkpt>
      <trkpt lat="39.465185" lon="-3.82708">
        <ele>753.75</ele>
      </trkpt>
      <trkpt lat="39.464203" lon="-3.826479">
        <ele>755.5</ele>
      </trkpt>
      <trkpt lat="39.463837" lon="-3.826245">
        <ele>760.25</ele>
      </trkpt>
      <trkpt lat="39.463364" lon="-3.825932">
        <ele>763</ele>
      </trkpt>
      <trkpt lat="39.461061" lon="-3.824262">
        <ele>770.25</ele>
      </trkpt>
      <trkpt lat="39.45871" lon="-3.822488">
        <ele>773.75</ele>
      </trkpt>
      <trkpt lat="39.45656" lon="-3.820917">
        <ele>772.75</ele>
      </trkpt>
      <trkpt lat="39.455474" lon="-3.820215">
        <ele>773</ele>
      </trkpt>
      <trkpt lat="39.454344" lon="-3.819526">
        <ele>773.5</ele>
      </trkpt>
      <trkpt lat="39.453391" lon="-3.818983">
        <ele>774.25</ele>
      </trkpt>
      <trkpt lat="39.45221" lon="-3.818382">
        <ele>775.75</ele>
      </trkpt>
      <trkpt lat="39.450085" lon="-3.817481">
        <ele>787.75</ele>
      </trkpt>
      <trkpt lat="39.448793" lon="-3.816993">
        <ele>791.5</ele>
      </trkpt>
      <trkpt lat="39.447668" lon="-3.816633">
        <ele>785.5</ele>
      </trkpt>
      <trkpt lat="39.446256" lon="-3.816259">
        <ele>791.5</ele>
      </trkpt>
      <trkpt lat="39.44418" lon="-3.815821">
        <ele>788.75</ele>
      </trkpt>
      <trkpt lat="39.443075" lon="-3.81563">
        <ele>781.75</ele>
      </trkpt>
      <trkpt lat="39.441791" lon="-3.815498">
        <ele>780</ele>
      </trkpt>
      <trkpt lat="39.440476" lon="-3.815424">
        <ele>780</ele>
      </trkpt>
      <trkpt lat="39.438982" lon="-3.815415">
        <ele>779.5</ele>
      </trkpt>
      <trkpt lat="39.437702" lon="-3.815478">
        <ele>780.75</ele>
      </trkpt>
      <trkpt lat="39.436525" lon="-3.815598">
        <ele>782.5</ele>
      </trkpt>
      <trkpt lat="39.434549" lon="-3.815883">
        <ele>781.75</ele>
      </trkpt>
      <trkpt lat="39.433573" lon="-3.816089">
        <ele>782</ele>
      </trkpt>
      <trkpt lat="39.43242" lon="-3.816366">
        <ele>782.5</ele>
      </trkpt>
      <trkpt lat="39.431639" lon="-3.816592">
        <ele>781.5</ele>
      </trkpt>
      <trkpt lat="39.431507" lon="-3.81663">
        <ele>781.75</ele>
      </trkpt>
      <trkpt lat="39.430746" lon="-3.816851">
        <ele>781.75</ele>
      </trkpt>
      <trkpt lat="39.430603" lon="-3.816898">
        <ele>781.75</ele>
      </trkpt>
      <trkpt lat="39.429731" lon="-3.817202">
        <ele>782</ele>
      </trkpt>
      <trkpt lat="39.428093" lon="-3.817857">
        <ele>782.75</ele>
      </trkpt>
      <trkpt lat="39.423251" lon="-3.819938">
        <ele>782.5</ele>
      </trkpt>
      <trkpt lat="39.417002" lon="-3.822629">
        <ele>784</ele>
      </trkpt>
      <trkpt lat="39.415274" lon="-3.823358">
        <ele>784.5</ele>
      </trkpt>
      <trkpt lat="39.412586" lon="-3.824519">
        <ele>784.75</ele>
      </trkpt>
      <trkpt lat="39.407389" lon="-3.826729">
        <ele>784.75</ele>
      </trkpt>
      <trkpt lat="39.404298" lon="-3.828062">
        <ele>783.75</ele>
      </trkpt>
      <trkpt lat="39.400585" lon="-3.829692">
        <ele>783.25</ele>
      </trkpt>
      <trkpt lat="39.399211" lon="-3.830382">
        <ele>783.25</ele>
      </trkpt>
      <trkpt lat="39.397349" lon="-3.831442">
        <ele>787</ele>
      </trkpt>
      <trkpt lat="39.396392" lon="-3.832054">
        <ele>787</ele>
      </trkpt>
      <trkpt lat="39.395544" lon="-3.832641">
        <ele>787.5</ele>
      </trkpt>
      <trkpt lat="39.393942" lon="-3.833819">
        <ele>790</ele>
      </trkpt>
      <trkpt lat="39.393115" lon="-3.83444">
        <ele>791.75</ele>
      </trkpt>
      <trkpt lat="39.391661" lon="-3.835569">
        <ele>793.25</ele>
      </trkpt>
      <trkpt lat="39.388407" lon="-3.838074">
        <ele>798.25</ele>
      </trkpt>
      <trkpt lat="39.386788" lon="-3.839307">
        <ele>796.5</ele>
      </trkpt>
      <trkpt lat="39.382232" lon="-3.842803">
        <ele>798.25</ele>
      </trkpt>
      <trkpt lat="39.377943" lon="-3.846093">
        <ele>799.25</ele>
      </trkpt>
      <trkpt lat="39.375902" lon="-3.847674">
        <ele>805.5</ele>
      </trkpt>
      <trkpt lat="39.373326" lon="-3.849648">
        <ele>809.25</ele>
      </trkpt>
      <trkpt lat="39.371197" lon="-3.851264">
        <ele>810.5</ele>
      </trkpt>
      <trkpt lat="39.366498" lon="-3.85487">
        <ele>803.75</ele>
      </trkpt>
      <trkpt lat="39.3627" lon="-3.857641">
        <ele>804</ele>
      </trkpt>
      <trkpt lat="39.351751" lon="-3.864365">
        <ele>793.5</ele>
      </trkpt>
      <trkpt lat="39.340716" lon="-3.871071">
        <ele>786</ele>
      </trkpt>
      <trkpt lat="39.334628" lon="-3.874756">
        <ele>788.25</ele>
      </trkpt>
      <trkpt lat="39.332401" lon="-3.876124">
        <ele>792.75</ele>
      </trkpt>
      <trkpt lat="39.330936" lon="-3.877014">
        <ele>786</ele>
      </trkpt>
      <trkpt lat="39.328262" lon="-3.878588">
        <ele>780.5</ele>
      </trkpt>
      <trkpt lat="39.323957" lon="-3.881237">
        <ele>786</ele>
      </trkpt>
      <trkpt lat="39.322583" lon="-3.882011">
        <ele>788.25</ele>
      </trkpt>
      <trkpt lat="39.321876" lon="-3.882358">
        <ele>785.25</ele>
      </trkpt>
      <trkpt lat="39.32119" lon="-3.882673">
        <ele>783.25</ele>
      </trkpt>
      <trkpt lat="39.320253" lon="-3.883086">
        <ele>782.25</ele>
      </trkpt>
      <trkpt lat="39.318818" lon="-3.883661">
        <ele>782.75</ele>
      </trkpt>
      <trkpt lat="39.317767" lon="-3.884023">
        <ele>785.5</ele>
      </trkpt>
      <trkpt lat="39.316843" lon="-3.884331">
        <ele>788</ele>
      </trkpt>
      <trkpt lat="39.315694" lon="-3.884603">
        <ele>787</ele>
      </trkpt>
      <trkpt lat="39.314575" lon="-3.884827">
        <ele>786</ele>
      </trkpt>
      <trkpt lat="39.313518" lon="-3.885027">
        <ele>789.75</ele>
      </trkpt>
      <trkpt lat="39.312295" lon="-3.885223">
        <ele>793.25</ele>
      </trkpt>
      <trkpt lat="39.311256" lon="-3.885325">
        <ele>796</ele>
      </trkpt>
      <trkpt lat="39.310122" lon="-3.885385">
        <ele>799.5</ele>
      </trkpt>
      <trkpt lat="39.308618" lon="-3.885407">
        <ele>804.25</ele>
      </trkpt>
      <trkpt lat="39.307443" lon="-3.885365">
        <ele>808</ele>
      </trkpt>
      <trkpt lat="39.306267" lon="-3.885282">
        <ele>802</ele>
      </trkpt>
      <trkpt lat="39.305108" lon="-3.88513">
        <ele>796.5</ele>
      </trkpt>
      <trkpt lat="39.303807" lon="-3.884929">
        <ele>796.5</ele>
      </trkpt>
      <trkpt lat="39.302348" lon="-3.884604">
        <ele>799.75</ele>
      </trkpt>
      <trkpt lat="39.300982" lon="-3.884234">
        <ele>793.25</ele>
      </trkpt>
      <trkpt lat="39.299425" lon="-3.883728">
        <ele>793.25</ele>
      </trkpt>
      <trkpt lat="39.298007" lon="-3.883197">
        <ele>785.25</ele>
      </trkpt>
      <trkpt lat="39.296577" lon="-3.88265">
        <ele>780.25</ele>
      </trkpt>
      <trkpt lat="39.294866" lon="-3.881979">
        <ele>779.75</ele>
      </trkpt>
      <trkpt lat="39.29378" lon="-3.881578">
        <ele>775</ele>
      </trkpt>
      <trkpt lat="39.291886" lon="-3.880934">
        <ele>769.5</ele>
      </trkpt>
      <trkpt lat="39.290738" lon="-3.88063">
        <ele>767.25</ele>
      </trkpt>
      <trkpt lat="39.28968" lon="-3.880386">
        <ele>764.75</ele>
      </trkpt>
      <trkpt lat="39.288475" lon="-3.880127">
        <ele>763</ele>
      </trkpt>
      <trkpt lat="39.287075" lon="-3.879953">
        <ele>760.25</ele>
      </trkpt>
      <trkpt lat="39.285529" lon="-3.879821">
        <ele>758</ele>
      </trkpt>
      <trkpt lat="39.284059" lon="-3.879797">
        <ele>757.5</ele>
      </trkpt>
      <trkpt lat="39.282625" lon="-3.879842">
        <ele>755.5</ele>
      </trkpt>
      <trkpt lat="39.2814" lon="-3.879924">
        <ele>754.5</ele>
      </trkpt>
      <trkpt lat="39.280235" lon="-3.88006">
        <ele>754.5</ele>
      </trkpt>
      <trkpt lat="39.27894" lon="-3.880248">
        <ele>755.25</ele>
      </trkpt>
      <trkpt lat="39.277426" lon="-3.880548">
        <ele>756.75</ele>
      </trkpt>
      <trkpt lat="39.275394" lon="-3.881098">
        <ele>758</ele>
      </trkpt>
      <trkpt lat="39.270915" lon="-3.882608">
        <ele>749.75</ele>
      </trkpt>
      <trkpt lat="39.269078" lon="-3.883136">
        <ele>745.25</ele>
      </trkpt>
      <trkpt lat="39.26766" lon="-3.883461">
        <ele>740.5</ele>
      </trkpt>
      <trkpt lat="39.266493" lon="-3.883675">
        <ele>739</ele>
      </trkpt>
      <trkpt lat="39.265052" lon="-3.88388">
        <ele>734.75</ele>
      </trkpt>
      <trkpt lat="39.263649" lon="-3.883995">
        <ele>733.75</ele>
      </trkpt>
      <trkpt lat="39.262241" lon="-3.884048">
        <ele>731.25</ele>
      </trkpt>
      <trkpt lat="39.260727" lon="-3.884014">
        <ele>728.75</ele>
      </trkpt>
      <trkpt lat="39.259393" lon="-3.883908">
        <ele>726.75</ele>
      </trkpt>
      <trkpt lat="39.257905" lon="-3.8837">
        <ele>719.75</ele>
      </trkpt>
      <trkpt lat="39.256481" lon="-3.883406">
        <ele>713</ele>
      </trkpt>
      <trkpt lat="39.254972" lon="-3.883064">
        <ele>711.25</ele>
      </trkpt>
      <trkpt lat="39.253622" lon="-3.882661">
        <ele>706.5</ele>
      </trkpt>
      <trkpt lat="39.25226" lon="-3.88218">
        <ele>702.75</ele>
      </trkpt>
      <trkpt lat="39.25078" lon="-3.88157">
        <ele>704</ele>
      </trkpt>
      <trkpt lat="39.249131" lon="-3.880871">
        <ele>700</ele>
      </trkpt>
      <trkpt lat="39.247295" lon="-3.880112">
        <ele>699.75</ele>
      </trkpt>
      <trkpt lat="39.245807" lon="-3.879556">
        <ele>703.25</ele>
      </trkpt>
      <trkpt lat="39.244573" lon="-3.879126">
        <ele>707</ele>
      </trkpt>
      <trkpt lat="39.243461" lon="-3.878769">
        <ele>709.75</ele>
      </trkpt>
      <trkpt lat="39.24075" lon="-3.878094">
        <ele>694</ele>
      </trkpt>
      <trkpt lat="39.238678" lon="-3.877747">
        <ele>688.5</ele>
      </trkpt>
      <trkpt lat="39.23576" lon="-3.877371">
        <ele>683</ele>
      </trkpt>
      <trkpt lat="39.233802" lon="-3.87707">
        <ele>680.5</ele>
      </trkpt>
      <trkpt lat="39.231886" lon="-3.87673">
        <ele>681</ele>
      </trkpt>
      <trkpt lat="39.230805" lon="-3.87652">
        <ele>679.75</ele>
      </trkpt>
      <trkpt lat="39.229891" lon="-3.876249">
        <ele>678.5</ele>
      </trkpt>
      <trkpt lat="39.228839" lon="-3.875873">
        <ele>678.5</ele>
      </trkpt>
      <trkpt lat="39.227729" lon="-3.875447">
        <ele>675.75</ele>
      </trkpt>
      <trkpt lat="39.226623" lon="-3.874962">
        <ele>675.75</ele>
      </trkpt>
      <trkpt lat="39.225609" lon="-3.874485">
        <ele>674</ele>
      </trkpt>
      <trkpt lat="39.22461" lon="-3.873942">
        <ele>673.5</ele>
      </trkpt>
      <trkpt lat="39.223991" lon="-3.873593">
        <ele>673</ele>
      </trkpt>
      <trkpt lat="39.222352" lon="-3.872575">
        <ele>673.5</ele>
      </trkpt>
      <trkpt lat="39.220385" lon="-3.871211">
        <ele>673.25</ele>
      </trkpt>
      <trkpt lat="39.219354" lon="-3.870462">
        <ele>671.5</ele>
      </trkpt>
      <trkpt lat="39.217826" lon="-3.869354">
        <ele>668.75</ele>
      </trkpt>
      <trkpt lat="39.216785" lon="-3.868659">
        <ele>667</ele>
      </trkpt>
      <trkpt lat="39.215899" lon="-3.868104">
        <ele>664.75</ele>
      </trkpt>
      <trkpt lat="39.21505" lon="-3.867593">
        <ele>662</ele>
      </trkpt>
      <trkpt lat="39.214058" lon="-3.867041">
        <ele>659.5</ele>
      </trkpt>
      <trkpt lat="39.212954" lon="-3.8665">
        <ele>655.5</ele>
      </trkpt>
      <trkpt lat="39.211275" lon="-3.865767">
        <ele>649.75</ele>
      </trkpt>
      <trkpt lat="39.209104" lon="-3.864891">
        <ele>648.5</ele>
      </trkpt>
      <trkpt lat="39.199843" lon="-3.861266">
        <ele>636</ele>
      </trkpt>
      <trkpt lat="39.194375" lon="-3.859105">
        <ele>632.25</ele>
      </trkpt>
      <trkpt lat="39.193247" lon="-3.858699">
        <ele>632.25</ele>
      </trkpt>
      <trkpt lat="39.192276" lon="-3.858363">
        <ele>631.75</ele>
      </trkpt>
      <trkpt lat="39.19136" lon="-3.858087">
        <ele>631.75</ele>
      </trkpt>
      <trkpt lat="39.190304" lon="-3.857796">
        <ele>631.75</ele>
      </trkpt>
      <trkpt lat="39.18857" lon="-3.857428">
        <ele>632.5</ele>
      </trkpt>
      <trkpt lat="39.187404" lon="-3.857244">
        <ele>631</ele>
      </trkpt>
      <trkpt lat="39.186245" lon="-3.857106">
        <ele>631</ele>
      </trkpt>
      <trkpt lat="39.184574" lon="-3.856999">
        <ele>629.5</ele>
      </trkpt>
      <trkpt lat="39.183254" lon="-3.856983">
        <ele>630</ele>
      </trkpt>
      <trkpt lat="39.181974" lon="-3.85702">
        <ele>629.5</ele>
      </trkpt>
      <trkpt lat="39.180531" lon="-3.857142">
        <ele>627.75</ele>
      </trkpt>
      <trkpt lat="39.179156" lon="-3.857316">
        <ele>627</ele>
      </trkpt>
      <trkpt lat="39.178056" lon="-3.857513">
        <ele>627.25</ele>
      </trkpt>
      <trkpt lat="39.176902" lon="-3.85776">
        <ele>628.25</ele>
      </trkpt>
      <trkpt lat="39.175046" lon="-3.858239">
        <ele>627.75</ele>
      </trkpt>
      <trkpt lat="39.173263" lon="-3.858728">
        <ele>627</ele>
      </trkpt>
      <trkpt lat="39.170803" lon="-3.85942">
        <ele>625.5</ele>
      </trkpt>
      <trkpt lat="39.166375" lon="-3.860638">
        <ele>626.25</ele>
      </trkpt>
      <trkpt lat="39.156346" lon="-3.863417">
        <ele>628</ele>
      </trkpt>
      <trkpt lat="39.154607" lon="-3.86397">
        <ele>628.75</ele>
      </trkpt>
      <trkpt lat="39.153119" lon="-3.864531">
        <ele>628</ele>
      </trkpt>
      <trkpt lat="39.152178" lon="-3.864934">
        <ele>630.5</ele>
      </trkpt>
      <trkpt lat="39.150356" lon="-3.865784">
        <ele>633.5</ele>
      </trkpt>
      <trkpt lat="39.147779" lon="-3.867198">
        <ele>632</ele>
      </trkpt>
      <trkpt lat="39.145457" lon="-3.868407">
        <ele>631.5</ele>
      </trkpt>
      <trkpt lat="39.144427" lon="-3.868899">
        <ele>631.75</ele>
      </trkpt>
      <trkpt lat="39.142929" lon="-3.869563">
        <ele>633.5</ele>
      </trkpt>
      <trkpt lat="39.137088" lon="-3.872005">
        <ele>631.5</ele>
      </trkpt>
      <trkpt lat="39.129892" lon="-3.874991">
        <ele>631</ele>
      </trkpt>
      <trkpt lat="39.125159" lon="-3.876951">
        <ele>630.25</ele>
      </trkpt>
      <trkpt lat="39.123355" lon="-3.877713">
        <ele>628.75</ele>
      </trkpt>
      <trkpt lat="39.112094" lon="-3.882391">
        <ele>626.75</ele>
      </trkpt>
      <trkpt lat="39.099493" lon="-3.887648">
        <ele>621.75</ele>
      </trkpt>
      <trkpt lat="39.098073" lon="-3.888208">
        <ele>621.5</ele>
      </trkpt>
      <trkpt lat="39.095553" lon="-3.889273">
        <ele>620.5</ele>
      </trkpt>
      <trkpt lat="39.089506" lon="-3.89179">
        <ele>620.75</ele>
      </trkpt>
      <trkpt lat="39.083592" lon="-3.894302">
        <ele>620.5</ele>
      </trkpt>
      <trkpt lat="39.082212" lon="-3.894959">
        <ele>617.5</ele>
      </trkpt>
      <trkpt lat="39.079936" lon="-3.896177">
        <ele>616.5</ele>
      </trkpt>
      <trkpt lat="39.078428" lon="-3.897084">
        <ele>616.5</ele>
      </trkpt>
      <trkpt lat="39.075833" lon="-3.898788">
        <ele>612.75</ele>
      </trkpt>
      <trkpt lat="39.073378" lon="-3.900468">
        <ele>612</ele>
      </trkpt>
      <trkpt lat="39.071572" lon="-3.901609">
        <ele>612.75</ele>
      </trkpt>
      <trkpt lat="39.070254" lon="-3.902383">
        <ele>611.5</ele>
      </trkpt>
      <trkpt lat="39.068891" lon="-3.903124">
        <ele>610.25</ele>
      </trkpt>
      <trkpt lat="39.066617" lon="-3.904319">
        <ele>606.75</ele>
      </trkpt>
      <trkpt lat="39.06153" lon="-3.906957">
        <ele>600.75</ele>
      </trkpt>
      <trkpt lat="39.058884" lon="-3.908358">
        <ele>601</ele>
      </trkpt>
      <trkpt lat="39.057471" lon="-3.909112">
        <ele>606.25</ele>
      </trkpt>
      <trkpt lat="39.055273" lon="-3.910264">
        <ele>610.75</ele>
      </trkpt>
      <trkpt lat="39.054379" lon="-3.910724">
        <ele>612.75</ele>
      </trkpt>
      <trkpt lat="39.050455" lon="-3.91279">
        <ele>614.25</ele>
      </trkpt>
      <trkpt lat="39.046283" lon="-3.914967">
        <ele>620.75</ele>
      </trkpt>
      <trkpt lat="39.04396" lon="-3.916161">
        <ele>633.75</ele>
      </trkpt>
      <trkpt lat="39.040791" lon="-3.917848">
        <ele>634</ele>
      </trkpt>
      <trkpt lat="39.035997" lon="-3.920338">
        <ele>629</ele>
      </trkpt>
      <trkpt lat="39.035106" lon="-3.920786">
        <ele>627.75</ele>
      </trkpt>
      <trkpt lat="39.034335" lon="-3.921135">
        <ele>627.5</ele>
      </trkpt>
      <trkpt lat="39.033276" lon="-3.921586">
        <ele>625.75</ele>
      </trkpt>
      <trkpt lat="39.032493" lon="-3.921868">
        <ele>625.5</ele>
      </trkpt>
      <trkpt lat="39.030796" lon="-3.922436">
        <ele>625</ele>
      </trkpt>
      <trkpt lat="39.029633" lon="-3.922763">
        <ele>625.25</ele>
      </trkpt>
      <trkpt lat="39.028011" lon="-3.923113">
        <ele>622.75</ele>
      </trkpt>
      <trkpt lat="39.02658" lon="-3.923357">
        <ele>623</ele>
      </trkpt>
      <trkpt lat="39.024911" lon="-3.923544">
        <ele>624.5</ele>
      </trkpt>
      <trkpt lat="39.023201" lon="-3.92363">
        <ele>624.25</ele>
      </trkpt>
      <trkpt lat="39.017491" lon="-3.923654">
        <ele>624.25</ele>
      </trkpt>
      <trkpt lat="39.011737" lon="-3.923658">
        <ele>625.25</ele>
      </trkpt>
      <trkpt lat="39.01053" lon="-3.923623">
        <ele>626.25</ele>
      </trkpt>
      <trkpt lat="39.009051" lon="-3.923517">
        <ele>625</ele>
      </trkpt>
      <trkpt lat="39.007096" lon="-3.923285">
        <ele>626.75</ele>
      </trkpt>
      <trkpt lat="39.005634" lon="-3.923036">
        <ele>627.25</ele>
      </trkpt>
      <trkpt lat="39.004443" lon="-3.922783">
        <ele>627.5</ele>
      </trkpt>
      <trkpt lat="39.002699" lon="-3.922363">
        <ele>626.75</ele>
      </trkpt>
      <trkpt lat="39.001579" lon="-3.922025">
        <ele>627.5</ele>
      </trkpt>
      <trkpt lat="39.000516" lon="-3.921676">
        <ele>628.75</ele>
      </trkpt>
      <trkpt lat="38.999133" lon="-3.921163">
        <ele>630</ele>
      </trkpt>
      <trkpt lat="38.998104" lon="-3.920744">
        <ele>630.5</ele>
      </trkpt>
      <trkpt lat="38.996996" lon="-3.920256">
        <ele>628.5</ele>
      </trkpt>
      <trkpt lat="38.99591" lon="-3.91973">
        <ele>625.75</ele>
      </trkpt>
      <trkpt lat="38.994834" lon="-3.919164">
        <ele>628.75</ele>
      </trkpt>
      <trkpt lat="38.993739" lon="-3.918553">
        <ele>628.25</ele>
      </trkpt>
      <trkpt lat="38.992722" lon="-3.917951">
        <ele>627.5</ele>
      </trkpt>
      <trkpt lat="38.991886" lon="-3.917429">
        <ele>628</ele>
      </trkpt>
      <trkpt lat="38.989794" lon="-3.916073">
        <ele>629.5</ele>
      </trkpt>
      <trkpt lat="38.988311" lon="-3.915151">
        <ele>630.25</ele>
      </trkpt>
      <trkpt lat="38.987574" lon="-3.914668">
        <ele>629.5</ele>
      </trkpt>
      <trkpt lat="38.985528" lon="-3.913318">
        <ele>633.75</ele>
      </trkpt>
      <trkpt lat="38.984923" lon="-3.912937">
        <ele>632.75</ele>
      </trkpt>
      <trkpt lat="38.98435" lon="-3.912592">
        <ele>632</ele>
      </trkpt>
      <trkpt lat="38.983669" lon="-3.912203">
        <ele>632.25</ele>
      </trkpt>
      <trkpt lat="38.981937" lon="-3.911248">
        <ele>633.25</ele>
      </trkpt>
      <trkpt lat="38.981207" lon="-3.910848">
        <ele>632.75</ele>
      </trkpt>
      <trkpt lat="38.980702" lon="-3.91058">
        <ele>630.75</ele>
      </trkpt>
      <trkpt lat="38.97984" lon="-3.910149">
        <ele>630.75</ele>
      </trkpt>
      <trkpt lat="38.979027" lon="-3.909798">
        <ele>633.75</ele>
      </trkpt>
      <trkpt lat="38.978547" lon="-3.909616">
        <ele>633</ele>
      </trkpt>
      <trkpt lat="38.978041" lon="-3.909446">
        <ele>632.75</ele>
      </trkpt>
      <trkpt lat="38.977232" lon="-3.909215">
        <ele>632.75</ele>
      </trkpt>
      <trkpt lat="38.976525" lon="-3.909055">
        <ele>632.75</ele>
      </trkpt>
      <trkpt lat="38.976171" lon="-3.908984">
        <ele>632.75</ele>
      </trkpt>
      <trkpt lat="38.975652" lon="-3.908902">
        <ele>632.75</ele>
      </trkpt>
      <trkpt lat="38.975157" lon="-3.908842">
        <ele>632.75</ele>
      </trkpt>
      <trkpt lat="38.974601" lon="-3.908796">
        <ele>632.75</ele>
      </trkpt>
      <trkpt lat="38.973998" lon="-3.908766">
        <ele>632.75</ele>
      </trkpt>
      <trkpt lat="38.973389" lon="-3.908765">
        <ele>632.75</ele>
      </trkpt>
      <trkpt lat="38.972717" lon="-3.908796">
        <ele>632.75</ele>
      </trkpt>
      <trkpt lat="38.972097" lon="-3.90885">
        <ele>632.75</ele>
      </trkpt>
      <trkpt lat="38.971192" lon="-3.908982">
        <ele>632.75</ele>
      </trkpt>
      <trkpt lat="38.970484" lon="-3.909125">
        <ele>632.75</ele>
      </trkpt>
      <trkpt lat="38.96973" lon="-3.909313">
        <ele>636.25</ele>
      </trkpt>
      <trkpt lat="38.968982" lon="-3.909514">
        <ele>636.5</ele>
      </trkpt>
      <trkpt lat="38.968184" lon="-3.909812">
        <ele>634.5</ele>
      </trkpt>
      <trkpt lat="38.967316" lon="-3.910212">
        <ele>634</ele>
      </trkpt>
      <trkpt lat="38.966552" lon="-3.910604">
        <ele>632.5</ele>
      </trkpt>
      <trkpt lat="38.965975" lon="-3.910922">
        <ele>632.75</ele>
      </trkpt>
      <trkpt lat="38.964989" lon="-3.911527">
        <ele>634.25</ele>
      </trkpt>
      <trkpt lat="38.963678" lon="-3.912411">
        <ele>631.25</ele>
      </trkpt>
      <trkpt lat="38.962189" lon="-3.913512">
        <ele>629.25</ele>
      </trkpt>
      <trkpt lat="38.960996" lon="-3.914484">
        <ele>629.75</ele>
      </trkpt>
      <trkpt lat="38.959751" lon="-3.91559">
        <ele>629.5</ele>
      </trkpt>
      <trkpt lat="38.958829" lon="-3.916485">
        <ele>630.25</ele>
      </trkpt>
      <trkpt lat="38.957683" lon="-3.917669">
        <ele>632</ele>
      </trkpt>
      <trkpt lat="38.956825" lon="-3.918636">
        <ele>631.25</ele>
      </trkpt>
      <trkpt lat="38.955684" lon="-3.92002">
        <ele>631.75</ele>
      </trkpt>
      <trkpt lat="38.954434" lon="-3.921666">
        <ele>630</ele>
      </trkpt>
      <trkpt lat="38.953225" lon="-3.923431">
        <ele>632</ele>
      </trkpt>
      <trkpt lat="38.952148" lon="-3.925158">
        <ele>633.5</ele>
      </trkpt>
      <trkpt lat="38.950702" lon="-3.927586">
        <ele>638.75</ele>
      </trkpt>
      <trkpt lat="38.94848" lon="-3.931268">
        <ele>648.5</ele>
      </trkpt>
      <trkpt lat="38.946369" lon="-3.934746">
        <ele>648</ele>
      </trkpt>
      <trkpt lat="38.945451" lon="-3.93618">
        <ele>649</ele>
      </trkpt>
      <trkpt lat="38.944029" lon="-3.938184">
        <ele>647.75</ele>
      </trkpt>
      <trkpt lat="38.942365" lon="-3.94025">
        <ele>640</ele>
      </trkpt>
      <trkpt lat="38.941016" lon="-3.941753">
        <ele>637.75</ele>
      </trkpt>
      <trkpt lat="38.939668" lon="-3.943125">
        <ele>634.75</ele>
      </trkpt>
      <trkpt lat="38.937762" lon="-3.944811">
        <ele>634</ele>
      </trkpt>
      <trkpt lat="38.933235" lon="-3.948684">
        <ele>630.75</ele>
      </trkpt>
      <trkpt lat="38.931644" lon="-3.950049">
        <ele>630</ele>
      </trkpt>
      <trkpt lat="38.930228" lon="-3.95124">
        <ele>631.5</ele>
      </trkpt>
      <trkpt lat="38.929428" lon="-3.951941">
        <ele>632.25</ele>
      </trkpt>
      <trkpt lat="38.92852" lon="-3.952683">
        <ele>631.25</ele>
      </trkpt>
      <trkpt lat="38.927074" lon="-3.953813">
        <ele>629.25</ele>
      </trkpt>
      <trkpt lat="38.925573" lon="-3.954836">
        <ele>626.5</ele>
      </trkpt>
      <trkpt lat="38.923962" lon="-3.955825">
        <ele>626.25</ele>
      </trkpt>
      <trkpt lat="38.922836" lon="-3.95645">
        <ele>624</ele>
      </trkpt>
      <trkpt lat="38.921742" lon="-3.956992">
        <ele>622.5</ele>
      </trkpt>
      <trkpt lat="38.920778" lon="-3.957422">
        <ele>620.75</ele>
      </trkpt>
      <trkpt lat="38.919388" lon="-3.957943">
        <ele>620.5</ele>
      </trkpt>
      <trkpt lat="38.917359" lon="-3.958631">
        <ele>616.5</ele>
      </trkpt>
      <trkpt lat="38.916412" lon="-3.958898">
        <ele>616</ele>
      </trkpt>
      <trkpt lat="38.91544" lon="-3.959122">
        <ele>615</ele>
      </trkpt>
      <trkpt lat="38.913133" lon="-3.959601">
        <ele>607.5</ele>
      </trkpt>
      <trkpt lat="38.911975" lon="-3.95982">
        <ele>605.5</ele>
      </trkpt>
      <trkpt lat="38.90965" lon="-3.960234">
        <ele>601.25</ele>
      </trkpt>
      <trkpt lat="38.908669" lon="-3.960424">
        <ele>599.75</ele>
      </trkpt>
      <trkpt lat="38.907252" lon="-3.960732">
        <ele>599</ele>
      </trkpt>
      <trkpt lat="38.905834" lon="-3.96109">
        <ele>596.5</ele>
      </trkpt>
      <trkpt lat="38.904406" lon="-3.961519">
        <ele>594.5</ele>
      </trkpt>
      <trkpt lat="38.903005" lon="-3.962029">
        <ele>592.5</ele>
      </trkpt>
      <trkpt lat="38.902142" lon="-3.962374">
        <ele>591</ele>
      </trkpt>
      <trkpt lat="38.901128" lon="-3.96281">
        <ele>591.25</ele>
      </trkpt>
      <trkpt lat="38.900233" lon="-3.96324">
        <ele>591</ele>
      </trkpt>
      <trkpt lat="38.899287" lon="-3.963726">
        <ele>589.75</ele>
      </trkpt>
      <trkpt lat="38.898009" lon="-3.964469">
        <ele>587.25</ele>
      </trkpt>
      <trkpt lat="38.897146" lon="-3.96501">
        <ele>588</ele>
      </trkpt>
      <trkpt lat="38.895227" lon="-3.966351">
        <ele>590</ele>
      </trkpt>
      <trkpt lat="38.893894" lon="-3.967405">
        <ele>594.25</ele>
      </trkpt>
      <trkpt lat="38.893046" lon="-3.968142">
        <ele>597.25</ele>
      </trkpt>
      <trkpt lat="38.892219" lon="-3.968895">
        <ele>596.5</ele>
      </trkpt>
      <trkpt lat="38.890838" lon="-3.970248">
        <ele>595</ele>
      </trkpt>
      <trkpt lat="38.889949" lon="-3.971171">
        <ele>592.5</ele>
      </trkpt>
      <trkpt lat="38.889483" lon="-3.971692">
        <ele>591.5</ele>
      </trkpt>
      <trkpt lat="38.886481" lon="-3.975199">
        <ele>599.25</ele>
      </trkpt>
      <trkpt lat="38.874053" lon="-3.989756">
        <ele>623.75</ele>
      </trkpt>
      <trkpt lat="38.870559" lon="-3.993859">
        <ele>619.75</ele>
      </trkpt>
      <trkpt lat="38.869255" lon="-3.995424">
        <ele>622</ele>
      </trkpt>
      <trkpt lat="38.867793" lon="-3.997323">
        <ele>626.25</ele>
      </trkpt>
      <trkpt lat="38.865716" lon="-4.000094">
        <ele>624.75</ele>
      </trkpt>
      <trkpt lat="38.863796" lon="-4.002636">
        <ele>628.5</ele>
      </trkpt>
      <trkpt lat="38.859951" lon="-4.007753">
        <ele>631.75</ele>
      </trkpt>
      <trkpt lat="38.848459" lon="-4.023061">
        <ele>662.75</ele>
      </trkpt>
      <trkpt lat="38.845627" lon="-4.026844">
        <ele>668.5</ele>
      </trkpt>
      <trkpt lat="38.844344" lon="-4.028728">
        <ele>670.75</ele>
      </trkpt>
      <trkpt lat="38.843718" lon="-4.029685">
        <ele>673.5</ele>
      </trkpt>
      <trkpt lat="38.843108" lon="-4.030683">
        <ele>673.5</ele>
      </trkpt>
      <trkpt lat="38.842037" lon="-4.032577">
        <ele>671.75</ele>
      </trkpt>
      <trkpt lat="38.841521" lon="-4.033629">
        <ele>671.5</ele>
      </trkpt>
      <trkpt lat="38.840395" lon="-4.035982">
        <ele>669.25</ele>
      </trkpt>
      <trkpt lat="38.838439" lon="-4.040286">
        <ele>670.5</ele>
      </trkpt>
      <trkpt lat="38.836948" lon="-4.043605">
        <ele>669.25</ele>
      </trkpt>
      <trkpt lat="38.835758" lon="-4.04621">
        <ele>673.75</ele>
      </trkpt>
      <trkpt lat="38.834962" lon="-4.047894">
        <ele>675.5</ele>
      </trkpt>
      <trkpt lat="38.834142" lon="-4.049461">
        <ele>677.75</ele>
      </trkpt>
      <trkpt lat="38.833327" lon="-4.050865">
        <ele>676</ele>
      </trkpt>
      <trkpt lat="38.832727" lon="-4.051859">
        <ele>676.75</ele>
      </trkpt>
      <trkpt lat="38.831812" lon="-4.053253">
        <ele>679.25</ele>
      </trkpt>
      <trkpt lat="38.831031" lon="-4.054373">
        <ele>680.75</ele>
      </trkpt>
      <trkpt lat="38.830203" lon="-4.055454">
        <ele>682.5</ele>
      </trkpt>
      <trkpt lat="38.829427" lon="-4.056432">
        <ele>684.75</ele>
      </trkpt>
      <trkpt lat="38.828544" lon="-4.057464">
        <ele>684.75</ele>
      </trkpt>
      <trkpt lat="38.827785" lon="-4.058325">
        <ele>682.75</ele>
      </trkpt>
      <trkpt lat="38.826691" lon="-4.059439">
        <ele>679.75</ele>
      </trkpt>
      <trkpt lat="38.825574" lon="-4.060483">
        <ele>676.25</ele>
      </trkpt>
      <trkpt lat="38.824501" lon="-4.061418">
        <ele>674.75</ele>
      </trkpt>
      <trkpt lat="38.823623" lon="-4.062128">
        <ele>675.5</ele>
      </trkpt>
      <trkpt lat="38.822539" lon="-4.062989">
        <ele>675.75</ele>
      </trkpt>
      <trkpt lat="38.820917" lon="-4.06409">
        <ele>673.75</ele>
      </trkpt>
      <trkpt lat="38.820088" lon="-4.064594">
        <ele>675.5</ele>
      </trkpt>
      <trkpt lat="38.818824" lon="-4.065335">
        <ele>675.25</ele>
      </trkpt>
      <trkpt lat="38.817981" lon="-4.065772">
        <ele>674</ele>
      </trkpt>
      <trkpt lat="38.816948" lon="-4.066276">
        <ele>673</ele>
      </trkpt>
      <trkpt lat="38.815866" lon="-4.06675">
        <ele>671</ele>
      </trkpt>
      <trkpt lat="38.814928" lon="-4.067122">
        <ele>673.5</ele>
      </trkpt>
      <trkpt lat="38.813622" lon="-4.067588">
        <ele>673.75</ele>
      </trkpt>
      <trkpt lat="38.812214" lon="-4.06806">
        <ele>672.25</ele>
      </trkpt>
      <trkpt lat="38.808234" lon="-4.069357">
        <ele>671.25</ele>
      </trkpt>
      <trkpt lat="38.800665" lon="-4.071795">
        <ele>670.5</ele>
      </trkpt>
      <trkpt lat="38.799167" lon="-4.072284">
        <ele>671.25</ele>
      </trkpt>
      <trkpt lat="38.796325" lon="-4.073204">
        <ele>672</ele>
      </trkpt>
      <trkpt lat="38.781716" lon="-4.077912">
        <ele>675.25</ele>
      </trkpt>
      <trkpt lat="38.779606" lon="-4.078606">
        <ele>675</ele>
      </trkpt>
      <trkpt lat="38.777067" lon="-4.079417">
        <ele>674</ele>
      </trkpt>
      <trkpt lat="38.775578" lon="-4.079813">
        <ele>673.25</ele>
      </trkpt>
      <trkpt lat="38.774577" lon="-4.080056">
        <ele>673.25</ele>
      </trkpt>
      <trkpt lat="38.773621" lon="-4.080249">
        <ele>675.75</ele>
      </trkpt>
      <trkpt lat="38.772477" lon="-4.080437">
        <ele>675.75</ele>
      </trkpt>
      <trkpt lat="38.771473" lon="-4.080567">
        <ele>674.75</ele>
      </trkpt>
      <trkpt lat="38.770235" lon="-4.080673">
        <ele>673.5</ele>
      </trkpt>
      <trkpt lat="38.768867" lon="-4.080725">
        <ele>673.5</ele>
      </trkpt>
      <trkpt lat="38.767699" lon="-4.080705">
        <ele>675</ele>
      </trkpt>
      <trkpt lat="38.76653" lon="-4.080646">
        <ele>675.25</ele>
      </trkpt>
      <trkpt lat="38.765349" lon="-4.080541">
        <ele>674.5</ele>
      </trkpt>
      <trkpt lat="38.76418" lon="-4.080406">
        <ele>672.75</ele>
      </trkpt>
      <trkpt lat="38.761184" lon="-4.080016">
        <ele>671.75</ele>
      </trkpt>
      <trkpt lat="38.759467" lon="-4.079861">
        <ele>670.25</ele>
      </trkpt>
      <trkpt lat="38.757684" lon="-4.079796">
        <ele>669</ele>
      </trkpt>
      <trkpt lat="38.756473" lon="-4.079821">
        <ele>665.5</ele>
      </trkpt>
      <trkpt lat="38.754912" lon="-4.079908">
        <ele>666.75</ele>
      </trkpt>
      <trkpt lat="38.753473" lon="-4.080053">
        <ele>666.5</ele>
      </trkpt>
      <trkpt lat="38.752302" lon="-4.080225">
        <ele>665.5</ele>
      </trkpt>
      <trkpt lat="38.75104" lon="-4.080447">
        <ele>666</ele>
      </trkpt>
      <trkpt lat="38.749987" lon="-4.080689">
        <ele>666.75</ele>
      </trkpt>
      <trkpt lat="38.748845" lon="-4.080973">
        <ele>669</ele>
      </trkpt>
      <trkpt lat="38.74827" lon="-4.08114">
        <ele>671</ele>
      </trkpt>
      <trkpt lat="38.746753" lon="-4.081614">
        <ele>672.75</ele>
      </trkpt>
      <trkpt lat="38.745346" lon="-4.082081">
        <ele>673.5</ele>
      </trkpt>
      <trkpt lat="38.727089" lon="-4.088226">
        <ele>667.5</ele>
      </trkpt>
      <trkpt lat="38.726877" lon="-4.088299">
        <ele>667.75</ele>
      </trkpt>
      <trkpt lat="38.725971" lon="-4.088605">
        <ele>663</ele>
      </trkpt>
      <trkpt lat="38.725692" lon="-4.088701">
        <ele>661.5</ele>
      </trkpt>
      <trkpt lat="38.720836" lon="-4.090325">
        <ele>668.25</ele>
      </trkpt>
      <trkpt lat="38.715657" lon="-4.092073">
        <ele>668.5</ele>
      </trkpt>
      <trkpt lat="38.710954" lon="-4.093679">
        <ele>678.75</ele>
      </trkpt>
      <trkpt lat="38.709959" lon="-4.094076">
        <ele>680.25</ele>
      </trkpt>
      <trkpt lat="38.708875" lon="-4.094589">
        <ele>682.5</ele>
      </trkpt>
      <trkpt lat="38.708133" lon="-4.095003">
        <ele>685.75</ele>
      </trkpt>
      <trkpt lat="38.707743" lon="-4.095242">
        <ele>685</ele>
      </trkpt>
      <trkpt lat="38.706793" lon="-4.095844">
        <ele>686.75</ele>
      </trkpt>
      <trkpt lat="38.706206" lon="-4.096261">
        <ele>688</ele>
      </trkpt>
      <trkpt lat="38.705165" lon="-4.097116">
        <ele>688.25</ele>
      </trkpt>
      <trkpt lat="38.704735" lon="-4.097486">
        <ele>688.25</ele>
      </trkpt>
      <trkpt lat="38.703913" lon="-4.098279">
        <ele>690</ele>
      </trkpt>
      <trkpt lat="38.701783" lon="-4.100468">
        <ele>695</ele>
      </trkpt>
      <trkpt lat="38.697304" lon="-4.105208">
        <ele>703.25</ele>
      </trkpt>
      <trkpt lat="38.697026" lon="-4.105516">
        <ele>703.25</ele>
      </trkpt>
      <trkpt lat="38.69672" lon="-4.105937">
        <ele>702</ele>
      </trkpt>
      <trkpt lat="38.69614" lon="-4.106757">
        <ele>703.25</ele>
      </trkpt>
      <trkpt lat="38.695625" lon="-4.107424">
        <ele>703.75</ele>
      </trkpt>
      <trkpt lat="38.695412" lon="-4.107731">
        <ele>704.75</ele>
      </trkpt>
      <trkpt lat="38.694773" lon="-4.108652">
        <ele>705</ele>
      </trkpt>
      <trkpt lat="38.694126" lon="-4.1096">
        <ele>705</ele>
      </trkpt>
      <trkpt lat="38.693908" lon="-4.109898">
        <ele>706.25</ele>
      </trkpt>
      <trkpt lat="38.693449" lon="-4.110465">
        <ele>707.75</ele>
      </trkpt>
      <trkpt lat="38.693196" lon="-4.110779">
        <ele>707.75</ele>
      </trkpt>
      <trkpt lat="38.693072" lon="-4.110914">
        <ele>707.75</ele>
      </trkpt>
      <trkpt lat="38.692932" lon="-4.111048">
        <ele>708</ele>
      </trkpt>
      <trkpt lat="38.692769" lon="-4.111185">
        <ele>708.25</ele>
      </trkpt>
      <trkpt lat="38.692592" lon="-4.111314">
        <ele>708.75</ele>
      </trkpt>
      <trkpt lat="38.692437" lon="-4.111411">
        <ele>709.25</ele>
      </trkpt>
      <trkpt lat="38.692252" lon="-4.11151">
        <ele>710</ele>
      </trkpt>
      <trkpt lat="38.691971" lon="-4.111627">
        <ele>711</ele>
      </trkpt>
      <trkpt lat="38.691277" lon="-4.111858">
        <ele>711.75</ele>
      </trkpt>
      <trkpt lat="38.688136" lon="-4.112925">
        <ele>715.25</ele>
      </trkpt>
      <trkpt lat="38.687803" lon="-4.113083">
        <ele>715.5</ele>
      </trkpt>
      <trkpt lat="38.687223" lon="-4.113279">
        <ele>716</ele>
      </trkpt>
      <trkpt lat="38.686593" lon="-4.113494">
        <ele>716.75</ele>
      </trkpt>
      <trkpt lat="38.686427" lon="-4.113558">
        <ele>716</ele>
      </trkpt>
      <trkpt lat="38.686119" lon="-4.113704">
        <ele>714.25</ele>
      </trkpt>
      <trkpt lat="38.685941" lon="-4.113803">
        <ele>713</ele>
      </trkpt>
      <trkpt lat="38.685603" lon="-4.114041">
        <ele>710.5</ele>
      </trkpt>
      <trkpt lat="38.685389" lon="-4.114225">
        <ele>709</ele>
      </trkpt>
      <trkpt lat="38.685193" lon="-4.114415">
        <ele>708.25</ele>
      </trkpt>
      <trkpt lat="38.685023" lon="-4.114605">
        <ele>707.25</ele>
      </trkpt>
      <trkpt lat="38.684866" lon="-4.114801">
        <ele>706.5</ele>
      </trkpt>
      <trkpt lat="38.684627" lon="-4.115144">
        <ele>705.75</ele>
      </trkpt>
      <trkpt lat="38.684425" lon="-4.115477">
        <ele>705.5</ele>
      </trkpt>
      <trkpt lat="38.684242" lon="-4.115835">
        <ele>705.75</ele>
      </trkpt>
      <trkpt lat="38.684129" lon="-4.116079">
        <ele>705.25</ele>
      </trkpt>
      <trkpt lat="38.684015" lon="-4.116348">
        <ele>704.75</ele>
      </trkpt>
      <trkpt lat="38.683903" lon="-4.116677">
        <ele>704.5</ele>
      </trkpt>
      <trkpt lat="38.683794" lon="-4.117049">
        <ele>704.75</ele>
      </trkpt>
      <trkpt lat="38.683713" lon="-4.117384">
        <ele>705</ele>
      </trkpt>
      <trkpt lat="38.68364" lon="-4.117769">
        <ele>704.75</ele>
      </trkpt>
      <trkpt lat="38.683597" lon="-4.118123">
        <ele>704.5</ele>
      </trkpt>
      <trkpt lat="38.683557" lon="-4.1185">
        <ele>703.75</ele>
      </trkpt>
      <trkpt lat="38.6835" lon="-4.119534">
        <ele>704</ele>
      </trkpt>
      <trkpt lat="38.683411" lon="-4.12149">
        <ele>705.75</ele>
      </trkpt>
      <trkpt lat="38.683405" lon="-4.121711">
        <ele>705.75</ele>
      </trkpt>
      <trkpt lat="38.683177" lon="-4.125866">
        <ele>704.75</ele>
      </trkpt>
      <trkpt lat="38.683147" lon="-4.126592">
        <ele>703</ele>
      </trkpt>
      <trkpt lat="38.683115" lon="-4.127116">
        <ele>702</ele>
      </trkpt>
      <trkpt lat="38.683034" lon="-4.12812">
        <ele>700</ele>
      </trkpt>
      <trkpt lat="38.682953" lon="-4.128967">
        <ele>699</ele>
      </trkpt>
      <trkpt lat="38.682827" lon="-4.129932">
        <ele>701</ele>
      </trkpt>
      <trkpt lat="38.682704" lon="-4.130707">
        <ele>699</ele>
      </trkpt>
      <trkpt lat="38.682555" lon="-4.131473">
        <ele>698</ele>
      </trkpt>
      <trkpt lat="38.682292" lon="-4.132702">
        <ele>696.5</ele>
      </trkpt>
      <trkpt lat="38.681983" lon="-4.133959">
        <ele>695.25</ele>
      </trkpt>
      <trkpt lat="38.681727" lon="-4.134797">
        <ele>695.5</ele>
      </trkpt>
      <trkpt lat="38.680995" lon="-4.136934">
        <ele>697.5</ele>
      </trkpt>
      <trkpt lat="38.679461" lon="-4.140998">
        <ele>698.25</ele>
      </trkpt>
      <trkpt lat="38.677633" lon="-4.145804">
        <ele>697.75</ele>
      </trkpt>
      <trkpt lat="38.676482" lon="-4.148873">
        <ele>695</ele>
      </trkpt>
      <trkpt lat="38.675244" lon="-4.152078">
        <ele>693.25</ele>
      </trkpt>
      <trkpt lat="38.673922" lon="-4.15559">
        <ele>689.25</ele>
      </trkpt>
      <trkpt lat="38.671766" lon="-4.161301">
        <ele>683</ele>
      </trkpt>
      <trkpt lat="38.67128" lon="-4.16268">
        <ele>680.5</ele>
      </trkpt>
      <trkpt lat="38.670817" lon="-4.164035">
        <ele>680.5</ele>
      </trkpt>
      <trkpt lat="38.669898" lon="-4.166905">
        <ele>681.75</ele>
      </trkpt>
      <trkpt lat="38.66504" lon="-4.182215">
        <ele>686.5</ele>
      </trkpt>
      <trkpt lat="38.664291" lon="-4.184771">
        <ele>684.5</ele>
      </trkpt>
      <trkpt lat="38.663779" lon="-4.186717">
        <ele>685.25</ele>
      </trkpt>
      <trkpt lat="38.66322" lon="-4.189132">
        <ele>686.5</ele>
      </trkpt>
      <trkpt lat="38.662868" lon="-4.190837">
        <ele>685.25</ele>
      </trkpt>
      <trkpt lat="38.662523" lon="-4.192757">
        <ele>688.5</ele>
      </trkpt>
      <trkpt lat="38.662321" lon="-4.19406">
        <ele>687.5</ele>
      </trkpt>
      <trkpt lat="38.661994" lon="-4.196467">
        <ele>689.25</ele>
      </trkpt>
      <trkpt lat="38.661863" lon="-4.197718">
        <ele>689.25</ele>
      </trkpt>
      <trkpt lat="38.66169" lon="-4.199573">
        <ele>689.75</ele>
      </trkpt>
      <trkpt lat="38.661541" lon="-4.202059">
        <ele>691.25</ele>
      </trkpt>
      <trkpt lat="38.661472" lon="-4.203913">
        <ele>688.75</ele>
      </trkpt>
      <trkpt lat="38.661447" lon="-4.206416">
        <ele>692</ele>
      </trkpt>
      <trkpt lat="38.661476" lon="-4.20815">
        <ele>694</ele>
      </trkpt>
      <trkpt lat="38.66156" lon="-4.210379">
        <ele>695</ele>
      </trkpt>
      <trkpt lat="38.661643" lon="-4.211862">
        <ele>697</ele>
      </trkpt>
      <trkpt lat="38.661769" lon="-4.213347">
        <ele>696</ele>
      </trkpt>
      <trkpt lat="38.661991" lon="-4.215472">
        <ele>700.25</ele>
      </trkpt>
      <trkpt lat="38.662317" lon="-4.217911">
        <ele>707</ele>
      </trkpt>
      <trkpt lat="38.663615" lon="-4.226488">
        <ele>698</ele>
      </trkpt>
      <trkpt lat="38.664167" lon="-4.230074">
        <ele>695.75</ele>
      </trkpt>
      <trkpt lat="38.66444" lon="-4.231908">
        <ele>696.25</ele>
      </trkpt>
      <trkpt lat="38.66565" lon="-4.239871">
        <ele>697.5</ele>
      </trkpt>
      <trkpt lat="38.666918" lon="-4.248167">
        <ele>700</ele>
      </trkpt>
      <trkpt lat="38.667116" lon="-4.249521">
        <ele>701.75</ele>
      </trkpt>
      <trkpt lat="38.667328" lon="-4.250832">
        <ele>701</ele>
      </trkpt>
      <trkpt lat="38.667574" lon="-4.252515">
        <ele>703</ele>
      </trkpt>
      <trkpt lat="38.66857" lon="-4.259096">
        <ele>701.75</ele>
      </trkpt>
      <trkpt lat="38.668824" lon="-4.261088">
        <ele>700</ele>
      </trkpt>
      <trkpt lat="38.668922" lon="-4.261986">
        <ele>700.25</ele>
      </trkpt>
      <trkpt lat="38.669178" lon="-4.264676">
        <ele>700.25</ele>
      </trkpt>
      <trkpt lat="38.669305" lon="-4.266079">
        <ele>701.5</ele>
      </trkpt>
      <trkpt lat="38.669345" lon="-4.266514">
        <ele>702.25</ele>
      </trkpt>
      <trkpt lat="38.669498" lon="-4.268291">
        <ele>704.5</ele>
      </trkpt>
      <trkpt lat="38.669661" lon="-4.270069">
        <ele>707</ele>
      </trkpt>
      <trkpt lat="38.669946" lon="-4.273421">
        <ele>707</ele>
      </trkpt>
      <trkpt lat="38.670116" lon="-4.275242">
        <ele>705.5</ele>
      </trkpt>
      <trkpt lat="38.670438" lon="-4.279109">
        <ele>708.75</ele>
      </trkpt>
      <trkpt lat="38.670658" lon="-4.281496">
        <ele>705</ele>
      </trkpt>
      <trkpt lat="38.670891" lon="-4.284186">
        <ele>705.75</ele>
      </trkpt>
      <trkpt lat="38.671069" lon="-4.286167">
        <ele>707.25</ele>
      </trkpt>
      <trkpt lat="38.671281" lon="-4.288655">
        <ele>708</ele>
      </trkpt>
      <trkpt lat="38.671428" lon="-4.29026">
        <ele>707.25</ele>
      </trkpt>
      <trkpt lat="38.671581" lon="-4.292177">
        <ele>707.5</ele>
      </trkpt>
      <trkpt lat="38.671677" lon="-4.293284">
        <ele>707</ele>
      </trkpt>
      <trkpt lat="38.671782" lon="-4.295176">
        <ele>707.25</ele>
      </trkpt>
      <trkpt lat="38.67183" lon="-4.296661">
        <ele>706.75</ele>
      </trkpt>
      <trkpt lat="38.671838" lon="-4.298515">
        <ele>708.25</ele>
      </trkpt>
      <trkpt lat="38.67181" lon="-4.299673">
        <ele>705.5</ele>
      </trkpt>
      <trkpt lat="38.67174" lon="-4.301126">
        <ele>705.5</ele>
      </trkpt>
      <trkpt lat="38.671671" lon="-4.302131">
        <ele>705.25</ele>
      </trkpt>
      <trkpt lat="38.671515" lon="-4.303943">
        <ele>707.75</ele>
      </trkpt>
      <trkpt lat="38.671467" lon="-4.304352">
        <ele>708.5</ele>
      </trkpt>
      <trkpt lat="38.671277" lon="-4.305829">
        <ele>710.25</ele>
      </trkpt>
      <trkpt lat="38.671163" lon="-4.306606">
        <ele>710.75</ele>
      </trkpt>
      <trkpt lat="38.670907" lon="-4.30814">
        <ele>709.25</ele>
      </trkpt>
      <trkpt lat="38.670712" lon="-4.309061">
        <ele>709.75</ele>
      </trkpt>
      <trkpt lat="38.670592" lon="-4.309685">
        <ele>710.5</ele>
      </trkpt>
      <trkpt lat="38.67027" lon="-4.31113">
        <ele>710.75</ele>
      </trkpt>
      <trkpt lat="38.66958" lon="-4.313985">
        <ele>713.5</ele>
      </trkpt>
      <trkpt lat="38.668812" lon="-4.317098">
        <ele>715</ele>
      </trkpt>
      <trkpt lat="38.667812" lon="-4.32113">
        <ele>718</ele>
      </trkpt>
      <trkpt lat="38.66669" lon="-4.325653">
        <ele>718.25</ele>
      </trkpt>
      <trkpt lat="38.666229" lon="-4.32731">
        <ele>723</ele>
      </trkpt>
      <trkpt lat="38.665842" lon="-4.32855">
        <ele>724.75</ele>
      </trkpt>
      <trkpt lat="38.665387" lon="-4.329894">
        <ele>728</ele>
      </trkpt>
      <trkpt lat="38.664912" lon="-4.331164">
        <ele>727</ele>
      </trkpt>
      <trkpt lat="38.664531" lon="-4.332109">
        <ele>726.75</ele>
      </trkpt>
      <trkpt lat="38.663839" lon="-4.333656">
        <ele>725</ele>
      </trkpt>
      <trkpt lat="38.66285" lon="-4.335691">
        <ele>731</ele>
      </trkpt>
      <trkpt lat="38.662523" lon="-4.336297">
        <ele>732</ele>
      </trkpt>
      <trkpt lat="38.661683" lon="-4.337812">
        <ele>736.25</ele>
      </trkpt>
      <trkpt lat="38.660034" lon="-4.340656">
        <ele>751.75</ele>
      </trkpt>
      <trkpt lat="38.658565" lon="-4.343653">
        <ele>751.75</ele>
      </trkpt>
      <trkpt lat="38.655899" lon="-4.347243">
        <ele>751.75</ele>
      </trkpt>
      <trkpt lat="38.651944" lon="-4.35158">
        <ele>775.25</ele>
      </trkpt>
      <trkpt lat="38.650961" lon="-4.352464">
        <ele>765.75</ele>
      </trkpt>
      <trkpt lat="38.650008" lon="-4.353271">
        <ele>762.5</ele>
      </trkpt>
      <trkpt lat="38.646118" lon="-4.356448">
        <ele>756</ele>
      </trkpt>
      <trkpt lat="38.638663" lon="-4.362579">
        <ele>732.75</ele>
      </trkpt>
      <trkpt lat="38.635718" lon="-4.364991">
        <ele>743.25</ele>
      </trkpt>
      <trkpt lat="38.633717" lon="-4.366618">
        <ele>747</ele>
      </trkpt>
      <trkpt lat="38.632102" lon="-4.367948">
        <ele>747.75</ele>
      </trkpt>
      <trkpt lat="38.630891" lon="-4.368991">
        <ele>747</ele>
      </trkpt>
      <trkpt lat="38.630087" lon="-4.369737">
        <ele>746.25</ele>
      </trkpt>
      <trkpt lat="38.628922" lon="-4.370913">
        <ele>743.5</ele>
      </trkpt>
      <trkpt lat="38.628179" lon="-4.371734">
        <ele>741.5</ele>
      </trkpt>
      <trkpt lat="38.627452" lon="-4.372605">
        <ele>738.5</ele>
      </trkpt>
      <trkpt lat="38.626719" lon="-4.373544">
        <ele>737.25</ele>
      </trkpt>
      <trkpt lat="38.625972" lon="-4.374571">
        <ele>732.5</ele>
      </trkpt>
      <trkpt lat="38.625215" lon="-4.375692">
        <ele>732.25</ele>
      </trkpt>
      <trkpt lat="38.624485" lon="-4.376865">
        <ele>733.5</ele>
      </trkpt>
      <trkpt lat="38.623949" lon="-4.377783">
        <ele>733</ele>
      </trkpt>
      <trkpt lat="38.623402" lon="-4.378833">
        <ele>733.75</ele>
      </trkpt>
      <trkpt lat="38.623001" lon="-4.37958">
        <ele>735</ele>
      </trkpt>
      <trkpt lat="38.622578" lon="-4.380504">
        <ele>736</ele>
      </trkpt>
      <trkpt lat="38.621637" lon="-4.382635">
        <ele>735.5</ele>
      </trkpt>
      <trkpt lat="38.620319" lon="-4.3858">
        <ele>731.25</ele>
      </trkpt>
      <trkpt lat="38.619439" lon="-4.387716">
        <ele>730.25</ele>
      </trkpt>
      <trkpt lat="38.618812" lon="-4.388958">
        <ele>729.25</ele>
      </trkpt>
      <trkpt lat="38.618249" lon="-4.389968">
        <ele>728.75</ele>
      </trkpt>
      <trkpt lat="38.617666" lon="-4.390956">
        <ele>728.5</ele>
      </trkpt>
      <trkpt lat="38.616668" lon="-4.392513">
        <ele>726</ele>
      </trkpt>
      <trkpt lat="38.615585" lon="-4.394001">
        <ele>726.25</ele>
      </trkpt>
      <trkpt lat="38.61393" lon="-4.396074">
        <ele>725</ele>
      </trkpt>
      <trkpt lat="38.612782" lon="-4.397458">
        <ele>722.5</ele>
      </trkpt>
      <trkpt lat="38.60831" lon="-4.402885">
        <ele>715.25</ele>
      </trkpt>
      <trkpt lat="38.606395" lon="-4.405181">
        <ele>709</ele>
      </trkpt>
      <trkpt lat="38.604444" lon="-4.407569">
        <ele>713.25</ele>
      </trkpt>
      <trkpt lat="38.598854" lon="-4.414328">
        <ele>717.25</ele>
      </trkpt>
      <trkpt lat="38.597164" lon="-4.41638">
        <ele>718.25</ele>
      </trkpt>
      <trkpt lat="38.595903" lon="-4.417891">
        <ele>720.5</ele>
      </trkpt>
      <trkpt lat="38.59508" lon="-4.418856">
        <ele>721.75</ele>
      </trkpt>
      <trkpt lat="38.594113" lon="-4.419909">
        <ele>722.75</ele>
      </trkpt>
      <trkpt lat="38.593252" lon="-4.420768">
        <ele>725.25</ele>
      </trkpt>
      <trkpt lat="38.592305" lon="-4.421649">
        <ele>723.75</ele>
      </trkpt>
      <trkpt lat="38.591323" lon="-4.422484">
        <ele>726.5</ele>
      </trkpt>
      <trkpt lat="38.589852" lon="-4.42359">
        <ele>728.25</ele>
      </trkpt>
      <trkpt lat="38.588786" lon="-4.424315">
        <ele>729.5</ele>
      </trkpt>
      <trkpt lat="38.587574" lon="-4.425043">
        <ele>732.75</ele>
      </trkpt>
      <trkpt lat="38.586702" lon="-4.425512">
        <ele>732.25</ele>
      </trkpt>
      <trkpt lat="38.58559" lon="-4.426055">
        <ele>736</ele>
      </trkpt>
      <trkpt lat="38.58449" lon="-4.426515">
        <ele>737.5</ele>
      </trkpt>
      <trkpt lat="38.583379" lon="-4.426935">
        <ele>740.5</ele>
      </trkpt>
      <trkpt lat="38.582799" lon="-4.427129">
        <ele>741.25</ele>
      </trkpt>
      <trkpt lat="38.581672" lon="-4.427453">
        <ele>741.75</ele>
      </trkpt>
      <trkpt lat="38.580584" lon="-4.427697">
        <ele>742</ele>
      </trkpt>
      <trkpt lat="38.579718" lon="-4.427867">
        <ele>744.75</ele>
      </trkpt>
      <trkpt lat="38.578381" lon="-4.42807">
        <ele>750</ele>
      </trkpt>
      <trkpt lat="38.577047" lon="-4.42816">
        <ele>753.25</ele>
      </trkpt>
      <trkpt lat="38.575288" lon="-4.428241">
        <ele>754.5</ele>
      </trkpt>
      <trkpt lat="38.568225" lon="-4.428417">
        <ele>755</ele>
      </trkpt>
      <trkpt lat="38.56786" lon="-4.428426">
        <ele>755</ele>
      </trkpt>
      <trkpt lat="38.566638" lon="-4.428385">
        <ele>756.5</ele>
      </trkpt>
      <trkpt lat="38.561808" lon="-4.428508">
        <ele>760.75</ele>
      </trkpt>
      <trkpt lat="38.560571" lon="-4.428604">
        <ele>762.75</ele>
      </trkpt>
      <trkpt lat="38.560213" lon="-4.428612">
        <ele>763.25</ele>
      </trkpt>
      <trkpt lat="38.557674" lon="-4.428728">
        <ele>766.25</ele>
      </trkpt>
      <trkpt lat="38.553826" lon="-4.428832">
        <ele>779.75</ele>
      </trkpt>
      <trkpt lat="38.538652" lon="-4.42922">
        <ele>801.25</ele>
      </trkpt>
      <trkpt lat="38.537781" lon="-4.429278">
        <ele>792.75</ele>
      </trkpt>
      <trkpt lat="38.537188" lon="-4.429328">
        <ele>790.75</ele>
      </trkpt>
      <trkpt lat="38.536033" lon="-4.42948">
        <ele>787.75</ele>
      </trkpt>
      <trkpt lat="38.534511" lon="-4.429764">
        <ele>783.5</ele>
      </trkpt>
      <trkpt lat="38.531965" lon="-4.430355">
        <ele>777.25</ele>
      </trkpt>
      <trkpt lat="38.530809" lon="-4.430637">
        <ele>775.5</ele>
      </trkpt>
      <trkpt lat="38.529649" lon="-4.43091">
        <ele>775</ele>
      </trkpt>
      <trkpt lat="38.527356" lon="-4.431469">
        <ele>783</ele>
      </trkpt>
      <trkpt lat="38.525927" lon="-4.431869">
        <ele>796.25</ele>
      </trkpt>
      <trkpt lat="38.520932" lon="-4.43452">
        <ele>796.25</ele>
      </trkpt>
      <trkpt lat="38.516057" lon="-4.437509">
        <ele>779.75</ele>
      </trkpt>
      <trkpt lat="38.513599" lon="-4.439838">
        <ele>773.25</ele>
      </trkpt>
      <trkpt lat="38.511797" lon="-4.441575">
        <ele>759.25</ele>
      </trkpt>
      <trkpt lat="38.508851" lon="-4.444386">
        <ele>746</ele>
      </trkpt>
      <trkpt lat="38.50752" lon="-4.445705">
        <ele>736</ele>
      </trkpt>
      <trkpt lat="38.506721" lon="-4.446534">
        <ele>736</ele>
      </trkpt>
      <trkpt lat="38.506003" lon="-4.44721">
        <ele>736</ele>
      </trkpt>
      <trkpt lat="38.504946" lon="-4.448165">
        <ele>740.25</ele>
      </trkpt>
      <trkpt lat="38.503058" lon="-4.449924">
        <ele>772.5</ele>
      </trkpt>
      <trkpt lat="38.496755" lon="-4.454236">
        <ele>772.5</ele>
      </trkpt>
      <trkpt lat="38.490403" lon="-4.45709">
        <ele>748</ele>
      </trkpt>
      <trkpt lat="38.489137" lon="-4.457348">
        <ele>729.25</ele>
      </trkpt>
      <trkpt lat="38.487745" lon="-4.457533">
        <ele>726.25</ele>
      </trkpt>
      <trkpt lat="38.486575" lon="-4.457629">
        <ele>727.25</ele>
      </trkpt>
      <trkpt lat="38.485407" lon="-4.457662">
        <ele>723</ele>
      </trkpt>
      <trkpt lat="38.48422" lon="-4.457629">
        <ele>717</ele>
      </trkpt>
      <trkpt lat="38.483078" lon="-4.457549">
        <ele>712.5</ele>
      </trkpt>
      <trkpt lat="38.48191" lon="-4.457399">
        <ele>708.5</ele>
      </trkpt>
      <trkpt lat="38.480573" lon="-4.457152">
        <ele>706</ele>
      </trkpt>
      <trkpt lat="38.479124" lon="-4.456805">
        <ele>704.5</ele>
      </trkpt>
      <trkpt lat="38.47799" lon="-4.456448">
        <ele>702.75</ele>
      </trkpt>
      <trkpt lat="38.476234" lon="-4.455822">
        <ele>697.75</ele>
      </trkpt>
      <trkpt lat="38.475251" lon="-4.455438">
        <ele>697.75</ele>
      </trkpt>
      <trkpt lat="38.474511" lon="-4.455062">
        <ele>697.75</ele>
      </trkpt>
      <trkpt lat="38.473934" lon="-4.454713">
        <ele>689.25</ele>
      </trkpt>
      <trkpt lat="38.471827" lon="-4.453378">
        <ele>696.25</ele>
      </trkpt>
      <trkpt lat="38.470537" lon="-4.452459">
        <ele>694.5</ele>
      </trkpt>
      <trkpt lat="38.469564" lon="-4.451686">
        <ele>689.75</ele>
      </trkpt>
      <trkpt lat="38.46811" lon="-4.450397">
        <ele>683.75</ele>
      </trkpt>
      <trkpt lat="38.466303" lon="-4.448595">
        <ele>681</ele>
      </trkpt>
      <trkpt lat="38.464935" lon="-4.447182">
        <ele>677.5</ele>
      </trkpt>
      <trkpt lat="38.463551" lon="-4.445816">
        <ele>675.5</ele>
      </trkpt>
      <trkpt lat="38.462606" lon="-4.444958">
        <ele>672.5</ele>
      </trkpt>
      <trkpt lat="38.461619" lon="-4.444126">
        <ele>675</ele>
      </trkpt>
      <trkpt lat="38.460463" lon="-4.443265">
        <ele>673.25</ele>
      </trkpt>
      <trkpt lat="38.45963" lon="-4.442696">
        <ele>675.5</ele>
      </trkpt>
      <trkpt lat="38.458585" lon="-4.442035">
        <ele>674.75</ele>
      </trkpt>
      <trkpt lat="38.457507" lon="-4.441434">
        <ele>670</ele>
      </trkpt>
      <trkpt lat="38.456417" lon="-4.440883">
        <ele>666.5</ele>
      </trkpt>
      <trkpt lat="38.455323" lon="-4.440391">
        <ele>664.25</ele>
      </trkpt>
      <trkpt lat="38.454196" lon="-4.439958">
        <ele>666.75</ele>
      </trkpt>
      <trkpt lat="38.453219" lon="-4.439621">
        <ele>670.5</ele>
      </trkpt>
      <trkpt lat="38.452342" lon="-4.43938">
        <ele>665.25</ele>
      </trkpt>
      <trkpt lat="38.451234" lon="-4.43911">
        <ele>658</ele>
      </trkpt>
      <trkpt lat="38.45007" lon="-4.438888">
        <ele>658.25</ele>
      </trkpt>
      <trkpt lat="38.448913" lon="-4.438724">
        <ele>657</ele>
      </trkpt>
      <trkpt lat="38.44779" lon="-4.438618">
        <ele>661.25</ele>
      </trkpt>
      <trkpt lat="38.44662" lon="-4.438577">
        <ele>665.75</ele>
      </trkpt>
      <trkpt lat="38.445536" lon="-4.438595">
        <ele>664.75</ele>
      </trkpt>
      <trkpt lat="38.444244" lon="-4.438667">
        <ele>664.5</ele>
      </trkpt>
      <trkpt lat="38.443175" lon="-4.438776">
        <ele>664.5</ele>
      </trkpt>
      <trkpt lat="38.441415" lon="-4.439005">
        <ele>658.25</ele>
      </trkpt>
      <trkpt lat="38.439674" lon="-4.439241">
        <ele>648.25</ele>
      </trkpt>
      <trkpt lat="38.436491" lon="-4.439649">
        <ele>639.25</ele>
      </trkpt>
      <trkpt lat="38.434909" lon="-4.439866">
        <ele>637.25</ele>
      </trkpt>
      <trkpt lat="38.433231" lon="-4.440135">
        <ele>640.5</ele>
      </trkpt>
      <trkpt lat="38.431715" lon="-4.440491">
        <ele>641.75</ele>
      </trkpt>
      <trkpt lat="38.430406" lon="-4.440898">
        <ele>637.75</ele>
      </trkpt>
      <trkpt lat="38.429285" lon="-4.441301">
        <ele>634.25</ele>
      </trkpt>
      <trkpt lat="38.428153" lon="-4.441766">
        <ele>631.5</ele>
      </trkpt>
      <trkpt lat="38.425982" lon="-4.442866">
        <ele>630.5</ele>
      </trkpt>
      <trkpt lat="38.424491" lon="-4.443778">
        <ele>628.5</ele>
      </trkpt>
      <trkpt lat="38.423359" lon="-4.444559">
        <ele>632.25</ele>
      </trkpt>
      <trkpt lat="38.42244" lon="-4.445259">
        <ele>631.75</ele>
      </trkpt>
      <trkpt lat="38.42147" lon="-4.446054">
        <ele>630</ele>
      </trkpt>
      <trkpt lat="38.420043" lon="-4.447385">
        <ele>621.75</ele>
      </trkpt>
      <trkpt lat="38.419142" lon="-4.448305">
        <ele>619.75</ele>
      </trkpt>
      <trkpt lat="38.418257" lon="-4.449289">
        <ele>620.25</ele>
      </trkpt>
      <trkpt lat="38.417301" lon="-4.450473">
        <ele>618.5</ele>
      </trkpt>
      <trkpt lat="38.416633" lon="-4.451341">
        <ele>613</ele>
      </trkpt>
      <trkpt lat="38.415856" lon="-4.452441">
        <ele>609.5</ele>
      </trkpt>
      <trkpt lat="38.415102" lon="-4.453614">
        <ele>608</ele>
      </trkpt>
      <trkpt lat="38.414229" lon="-4.455122">
        <ele>605.25</ele>
      </trkpt>
      <trkpt lat="38.413392" lon="-4.456647">
        <ele>602.25</ele>
      </trkpt>
      <trkpt lat="38.412039" lon="-4.459365">
        <ele>598.75</ele>
      </trkpt>
      <trkpt lat="38.410994" lon="-4.461339">
        <ele>598.75</ele>
      </trkpt>
      <trkpt lat="38.41017" lon="-4.462765">
        <ele>598.75</ele>
      </trkpt>
      <trkpt lat="38.409172" lon="-4.464293">
        <ele>598.75</ele>
      </trkpt>
      <trkpt lat="38.408435" lon="-4.46532">
        <ele>598.75</ele>
      </trkpt>
      <trkpt lat="38.407753" lon="-4.466203">
        <ele>609.75</ele>
      </trkpt>
      <trkpt lat="38.406775" lon="-4.467369">
        <ele>620.75</ele>
      </trkpt>
      <trkpt lat="38.405537" lon="-4.468721">
        <ele>621.5</ele>
      </trkpt>
      <trkpt lat="38.404352" lon="-4.469884">
        <ele>625.25</ele>
      </trkpt>
      <trkpt lat="38.403634" lon="-4.47055">
        <ele>630.25</ele>
      </trkpt>
      <trkpt lat="38.402241" lon="-4.471685">
        <ele>637.75</ele>
      </trkpt>
      <trkpt lat="38.400835" lon="-4.472694">
        <ele>631</ele>
      </trkpt>
      <trkpt lat="38.399669" lon="-4.473418">
        <ele>630.25</ele>
      </trkpt>
      <trkpt lat="38.39859" lon="-4.474036">
        <ele>631.75</ele>
      </trkpt>
      <trkpt lat="38.39758" lon="-4.474561">
        <ele>633.75</ele>
      </trkpt>
      <trkpt lat="38.396783" lon="-4.474925">
        <ele>637.25</ele>
      </trkpt>
      <trkpt lat="38.395885" lon="-4.475307">
        <ele>640.25</ele>
      </trkpt>
      <trkpt lat="38.394753" lon="-4.475712">
        <ele>643</ele>
      </trkpt>
      <trkpt lat="38.393611" lon="-4.476068">
        <ele>643.75</ele>
      </trkpt>
      <trkpt lat="38.392477" lon="-4.476361">
        <ele>646</ele>
      </trkpt>
      <trkpt lat="38.391309" lon="-4.47663">
        <ele>646.5</ele>
      </trkpt>
      <trkpt lat="38.385736" lon="-4.477852">
        <ele>651</ele>
      </trkpt>
      <trkpt lat="38.385133" lon="-4.477982">
        <ele>650.75</ele>
      </trkpt>
      <trkpt lat="38.378288" lon="-4.479484">
        <ele>651</ele>
      </trkpt>
      <trkpt lat="38.376991" lon="-4.47976">
        <ele>653.25</ele>
      </trkpt>
      <trkpt lat="38.376454" lon="-4.479881">
        <ele>653.75</ele>
      </trkpt>
      <trkpt lat="38.374479" lon="-4.480259">
        <ele>655.5</ele>
      </trkpt>
      <trkpt lat="38.3731" lon="-4.480566">
        <ele>654.75</ele>
      </trkpt>
      <trkpt lat="38.371606" lon="-4.480926">
        <ele>652.25</ele>
      </trkpt>
      <trkpt lat="38.370445" lon="-4.481246">
        <ele>652.25</ele>
      </trkpt>
      <trkpt lat="38.36933" lon="-4.481623">
        <ele>652</ele>
      </trkpt>
      <trkpt lat="38.368055" lon="-4.482154">
        <ele>652.5</ele>
      </trkpt>
      <trkpt lat="38.366696" lon="-4.482789">
        <ele>649.25</ele>
      </trkpt>
      <trkpt lat="38.365687" lon="-4.483332">
        <ele>646</ele>
      </trkpt>
      <trkpt lat="38.364117" lon="-4.48427">
        <ele>641.75</ele>
      </trkpt>
      <trkpt lat="38.363101" lon="-4.484987">
        <ele>642.25</ele>
      </trkpt>
      <trkpt lat="38.362093" lon="-4.48576">
        <ele>644</ele>
      </trkpt>
      <trkpt lat="38.361301" lon="-4.486414">
        <ele>643.5</ele>
      </trkpt>
      <trkpt lat="38.360614" lon="-4.486995">
        <ele>641</ele>
      </trkpt>
      <trkpt lat="38.359728" lon="-4.487825">
        <ele>643.75</ele>
      </trkpt>
      <trkpt lat="38.358817" lon="-4.4887">
        <ele>650.75</ele>
      </trkpt>
      <trkpt lat="38.356928" lon="-4.490469">
        <ele>659.75</ele>
      </trkpt>
      <trkpt lat="38.35595" lon="-4.49138">
        <ele>662.25</ele>
      </trkpt>
      <trkpt lat="38.354696" lon="-4.492583">
        <ele>657.75</ele>
      </trkpt>
      <trkpt lat="38.3535" lon="-4.493758">
        <ele>657</ele>
      </trkpt>
      <trkpt lat="38.352332" lon="-4.495053">
        <ele>664.25</ele>
      </trkpt>
      <trkpt lat="38.351465" lon="-4.496082">
        <ele>663.5</ele>
      </trkpt>
      <trkpt lat="38.350655" lon="-4.497143">
        <ele>662.5</ele>
      </trkpt>
      <trkpt lat="38.349498" lon="-4.498807">
        <ele>670</ele>
      </trkpt>
      <trkpt lat="38.348908" lon="-4.499756">
        <ele>669.25</ele>
      </trkpt>
      <trkpt lat="38.348405" lon="-4.500618">
        <ele>671</ele>
      </trkpt>
      <trkpt lat="38.347778" lon="-4.501756">
        <ele>675.25</ele>
      </trkpt>
      <trkpt lat="38.347157" lon="-4.502989">
        <ele>682</ele>
      </trkpt>
      <trkpt lat="38.34628" lon="-4.504938">
        <ele>684.25</ele>
      </trkpt>
      <trkpt lat="38.34574" lon="-4.506283">
        <ele>681.25</ele>
      </trkpt>
      <trkpt lat="38.345062" lon="-4.50822">
        <ele>679.75</ele>
      </trkpt>
      <trkpt lat="38.344577" lon="-4.509704">
        <ele>689.5</ele>
      </trkpt>
      <trkpt lat="38.343978" lon="-4.511697">
        <ele>688.25</ele>
      </trkpt>
      <trkpt lat="38.34214" lon="-4.517874">
        <ele>677.75</ele>
      </trkpt>
      <trkpt lat="38.341613" lon="-4.519586">
        <ele>677.25</ele>
      </trkpt>
      <trkpt lat="38.339362" lon="-4.527118">
        <ele>664.25</ele>
      </trkpt>
      <trkpt lat="38.33867" lon="-4.529399">
        <ele>671.25</ele>
      </trkpt>
      <trkpt lat="38.338048" lon="-4.531384">
        <ele>675.75</ele>
      </trkpt>
      <trkpt lat="38.337584" lon="-4.532741">
        <ele>678.75</ele>
      </trkpt>
      <trkpt lat="38.337074" lon="-4.534074">
        <ele>685.5</ele>
      </trkpt>
      <trkpt lat="38.336553" lon="-4.535362">
        <ele>690.5</ele>
      </trkpt>
      <trkpt lat="38.335954" lon="-4.536633">
        <ele>692.25</ele>
      </trkpt>
      <trkpt lat="38.335457" lon="-4.537646">
        <ele>693.25</ele>
      </trkpt>
      <trkpt lat="38.334977" lon="-4.538551">
        <ele>692.5</ele>
      </trkpt>
      <trkpt lat="38.334328" lon="-4.53968">
        <ele>689.25</ele>
      </trkpt>
      <trkpt lat="38.333609" lon="-4.540831">
        <ele>690.75</ele>
      </trkpt>
      <trkpt lat="38.332853" lon="-4.541955">
        <ele>693.25</ele>
      </trkpt>
      <trkpt lat="38.33169" lon="-4.543613">
        <ele>695.25</ele>
      </trkpt>
      <trkpt lat="38.328923" lon="-4.54753">
        <ele>695.75</ele>
      </trkpt>
      <trkpt lat="38.326168" lon="-4.551419">
        <ele>701.5</ele>
      </trkpt>
      <trkpt lat="38.323501" lon="-4.555167">
        <ele>717.75</ele>
      </trkpt>
      <trkpt lat="38.321681" lon="-4.557735">
        <ele>717.75</ele>
      </trkpt>
      <trkpt lat="38.319473" lon="-4.560363">
        <ele>704.5</ele>
      </trkpt>
      <trkpt lat="38.318657" lon="-4.56122">
        <ele>698</ele>
      </trkpt>
      <trkpt lat="38.317031" lon="-4.562741">
        <ele>697.75</ele>
      </trkpt>
      <trkpt lat="38.315554" lon="-4.563944">
        <ele>693</ele>
      </trkpt>
      <trkpt lat="38.314008" lon="-4.565034">
        <ele>693.25</ele>
      </trkpt>
      <trkpt lat="38.312963" lon="-4.565693">
        <ele>693</ele>
      </trkpt>
      <trkpt lat="38.312126" lon="-4.566171">
        <ele>694.25</ele>
      </trkpt>
      <trkpt lat="38.31088" lon="-4.566808">
        <ele>689.25</ele>
      </trkpt>
      <trkpt lat="38.309764" lon="-4.567312">
        <ele>681.75</ele>
      </trkpt>
      <trkpt lat="38.308673" lon="-4.567744">
        <ele>673.25</ele>
      </trkpt>
      <trkpt lat="38.308051" lon="-4.567942">
        <ele>671</ele>
      </trkpt>
      <trkpt lat="38.306958" lon="-4.568272">
        <ele>670.5</ele>
      </trkpt>
      <trkpt lat="38.30579" lon="-4.568567">
        <ele>667</ele>
      </trkpt>
      <trkpt lat="38.304714" lon="-4.568814">
        <ele>668.5</ele>
      </trkpt>
      <trkpt lat="38.296629" lon="-4.57031">
        <ele>660.25</ele>
      </trkpt>
      <trkpt lat="38.294693" lon="-4.570688">
        <ele>656.25</ele>
      </trkpt>
      <trkpt lat="38.293108" lon="-4.570988">
        <ele>653</ele>
      </trkpt>
      <trkpt lat="38.291945" lon="-4.571234">
        <ele>649.25</ele>
      </trkpt>
      <trkpt lat="38.290575" lon="-4.571562">
        <ele>643.75</ele>
      </trkpt>
      <trkpt lat="38.289079" lon="-4.57203">
        <ele>648</ele>
      </trkpt>
      <trkpt lat="38.287353" lon="-4.572697">
        <ele>651.25</ele>
      </trkpt>
      <trkpt lat="38.285782" lon="-4.573392">
        <ele>648.75</ele>
      </trkpt>
      <trkpt lat="38.283644" lon="-4.574355">
        <ele>648</ele>
      </trkpt>
      <trkpt lat="38.282663" lon="-4.57476">
        <ele>642</ele>
      </trkpt>
      <trkpt lat="38.281652" lon="-4.575128">
        <ele>638</ele>
      </trkpt>
      <trkpt lat="38.280675" lon="-4.575442">
        <ele>640.25</ele>
      </trkpt>
      <trkpt lat="38.279851" lon="-4.575675">
        <ele>635.75</ele>
      </trkpt>
      <trkpt lat="38.278932" lon="-4.575887">
        <ele>630</ele>
      </trkpt>
      <trkpt lat="38.277762" lon="-4.576112">
        <ele>622.75</ele>
      </trkpt>
      <trkpt lat="38.276614" lon="-4.576272">
        <ele>621</ele>
      </trkpt>
      <trkpt lat="38.275426" lon="-4.576372">
        <ele>620.25</ele>
      </trkpt>
      <trkpt lat="38.274263" lon="-4.576404">
        <ele>618.75</ele>
      </trkpt>
      <trkpt lat="38.273317" lon="-4.576393">
        <ele>619.25</ele>
      </trkpt>
      <trkpt lat="38.271773" lon="-4.576284">
        <ele>618</ele>
      </trkpt>
      <trkpt lat="38.270827" lon="-4.576171">
        <ele>614.25</ele>
      </trkpt>
      <trkpt lat="38.269669" lon="-4.575962">
        <ele>612.5</ele>
      </trkpt>
      <trkpt lat="38.268502" lon="-4.575701">
        <ele>613</ele>
      </trkpt>
      <trkpt lat="38.26631" lon="-4.575057">
        <ele>611.75</ele>
      </trkpt>
      <trkpt lat="38.263004" lon="-4.573963">
        <ele>612.5</ele>
      </trkpt>
      <trkpt lat="38.260523" lon="-4.573148">
        <ele>614.25</ele>
      </trkpt>
      <trkpt lat="38.260182" lon="-4.573028">
        <ele>614</ele>
      </trkpt>
      <trkpt lat="38.251647" lon="-4.5702">
        <ele>605.25</ele>
      </trkpt>
      <trkpt lat="38.249907" lon="-4.569637">
        <ele>605.5</ele>
      </trkpt>
      <trkpt lat="38.249565" lon="-4.569524">
        <ele>604.75</ele>
      </trkpt>
      <trkpt lat="38.247119" lon="-4.568763">
        <ele>604.25</ele>
      </trkpt>
      <trkpt lat="38.24594" lon="-4.568364">
        <ele>601.25</ele>
      </trkpt>
      <trkpt lat="38.24523" lon="-4.568127">
        <ele>601</ele>
      </trkpt>
      <trkpt lat="38.244575" lon="-4.567908">
        <ele>601.25</ele>
      </trkpt>
      <trkpt lat="38.243675" lon="-4.567558">
        <ele>606.75</ele>
      </trkpt>
      <trkpt lat="38.24288" lon="-4.567221">
        <ele>613</ele>
      </trkpt>
      <trkpt lat="38.241916" lon="-4.566731">
        <ele>617.5</ele>
      </trkpt>
      <trkpt lat="38.240914" lon="-4.566162">
        <ele>617.75</ele>
      </trkpt>
      <trkpt lat="38.239941" lon="-4.565509">
        <ele>612.25</ele>
      </trkpt>
      <trkpt lat="38.238988" lon="-4.564803">
        <ele>611.5</ele>
      </trkpt>
      <trkpt lat="38.238104" lon="-4.564055">
        <ele>607.5</ele>
      </trkpt>
      <trkpt lat="38.237261" lon="-4.563271">
        <ele>603.75</ele>
      </trkpt>
      <trkpt lat="38.235897" lon="-4.561797">
        <ele>599.25</ele>
      </trkpt>
      <trkpt lat="38.234519" lon="-4.559989">
        <ele>587.5</ele>
      </trkpt>
      <trkpt lat="38.234047" lon="-4.559296">
        <ele>587</ele>
      </trkpt>
      <trkpt lat="38.232958" lon="-4.557484">
        <ele>591.25</ele>
      </trkpt>
      <trkpt lat="38.232229" lon="-4.556026">
        <ele>586</ele>
      </trkpt>
      <trkpt lat="38.232079" lon="-4.555708">
        <ele>586</ele>
      </trkpt>
      <trkpt lat="38.231447" lon="-4.554255">
        <ele>591.75</ele>
      </trkpt>
      <trkpt lat="38.229688" lon="-4.549322">
        <ele>588.75</ele>
      </trkpt>
      <trkpt lat="38.228639" lon="-4.546301">
        <ele>586.75</ele>
      </trkpt>
      <trkpt lat="38.22784" lon="-4.544065">
        <ele>579.25</ele>
      </trkpt>
      <trkpt lat="38.227216" lon="-4.542565">
        <ele>582</ele>
      </trkpt>
      <trkpt lat="38.226801" lon="-4.541652">
        <ele>582.75</ele>
      </trkpt>
      <trkpt lat="38.226352" lon="-4.540772">
        <ele>584.5</ele>
      </trkpt>
      <trkpt lat="38.225587" lon="-4.539412">
        <ele>588.5</ele>
      </trkpt>
      <trkpt lat="38.224937" lon="-4.538393">
        <ele>588</ele>
      </trkpt>
      <trkpt lat="38.224365" lon="-4.53756">
        <ele>585.5</ele>
      </trkpt>
      <trkpt lat="38.223689" lon="-4.536675">
        <ele>583.75</ele>
      </trkpt>
      <trkpt lat="38.222884" lon="-4.53573">
        <ele>584</ele>
      </trkpt>
      <trkpt lat="38.221977" lon="-4.534771">
        <ele>585.5</ele>
      </trkpt>
      <trkpt lat="38.221041" lon="-4.533878">
        <ele>581.75</ele>
      </trkpt>
      <trkpt lat="38.220088" lon="-4.533026">
        <ele>573</ele>
      </trkpt>
      <trkpt lat="38.218716" lon="-4.531827">
        <ele>569</ele>
      </trkpt>
      <trkpt lat="38.217525" lon="-4.530776">
        <ele>559.25</ele>
      </trkpt>
      <trkpt lat="38.21616" lon="-4.529574">
        <ele>557.25</ele>
      </trkpt>
      <trkpt lat="38.21471" lon="-4.528315">
        <ele>547.5</ele>
      </trkpt>
      <trkpt lat="38.208851" lon="-4.52318">
        <ele>541.5</ele>
      </trkpt>
      <trkpt lat="38.207417" lon="-4.521928">
        <ele>539.25</ele>
      </trkpt>
      <trkpt lat="38.205958" lon="-4.52066">
        <ele>534</ele>
      </trkpt>
      <trkpt lat="38.205061" lon="-4.519895">
        <ele>538.5</ele>
      </trkpt>
      <trkpt lat="38.20426" lon="-4.519261">
        <ele>540.5</ele>
      </trkpt>
      <trkpt lat="38.20341" lon="-4.518621">
        <ele>546.25</ele>
      </trkpt>
      <trkpt lat="38.202391" lon="-4.517883">
        <ele>544.25</ele>
      </trkpt>
      <trkpt lat="38.197452" lon="-4.514456">
        <ele>514.75</ele>
      </trkpt>
      <trkpt lat="38.194126" lon="-4.512129">
        <ele>539</ele>
      </trkpt>
      <trkpt lat="38.191763" lon="-4.510499">
        <ele>547.75</ele>
      </trkpt>
      <trkpt lat="38.188661" lon="-4.508348">
        <ele>513</ele>
      </trkpt>
      <trkpt lat="38.185732" lon="-4.50635">
        <ele>541.5</ele>
      </trkpt>
      <trkpt lat="38.182969" lon="-4.505373">
        <ele>541.5</ele>
      </trkpt>
      <trkpt lat="38.178953" lon="-4.504202">
        <ele>541.5</ele>
      </trkpt>
      <trkpt lat="38.175627" lon="-4.50396">
        <ele>541.5</ele>
      </trkpt>
      <trkpt lat="38.171355" lon="-4.504365">
        <ele>537</ele>
      </trkpt>
      <trkpt lat="38.169811" lon="-4.504817">
        <ele>510.5</ele>
      </trkpt>
      <trkpt lat="38.165319" lon="-4.506125">
        <ele>494.25</ele>
      </trkpt>
      <trkpt lat="38.164734" lon="-4.506302">
        <ele>496.75</ele>
      </trkpt>
      <trkpt lat="38.164232" lon="-4.506439">
        <ele>493.25</ele>
      </trkpt>
      <trkpt lat="38.161291" lon="-4.507401">
        <ele>478.75</ele>
      </trkpt>
      <trkpt lat="38.160174" lon="-4.50791">
        <ele>488.5</ele>
      </trkpt>
      <trkpt lat="38.159283" lon="-4.508363">
        <ele>501.25</ele>
      </trkpt>
      <trkpt lat="38.157658" lon="-4.50954">
        <ele>501.25</ele>
      </trkpt>
      <trkpt lat="38.155841" lon="-4.511011">
        <ele>501.25</ele>
      </trkpt>
      <trkpt lat="38.154351" lon="-4.512728">
        <ele>501.25</ele>
      </trkpt>
      <trkpt lat="38.152025" lon="-4.514863">
        <ele>501.25</ele>
      </trkpt>
      <trkpt lat="38.149694" lon="-4.516586">
        <ele>501.25</ele>
      </trkpt>
      <trkpt lat="38.146571" lon="-4.518421">
        <ele>501.25</ele>
      </trkpt>
      <trkpt lat="38.142666" lon="-4.519962">
        <ele>501.25</ele>
      </trkpt>
      <trkpt lat="38.138605" lon="-4.520995">
        <ele>471</ele>
      </trkpt>
      <trkpt lat="38.137877" lon="-4.521103">
        <ele>462.25</ele>
      </trkpt>
      <trkpt lat="38.13658" lon="-4.521208">
        <ele>456</ele>
      </trkpt>
      <trkpt lat="38.13552" lon="-4.521226">
        <ele>443.75</ele>
      </trkpt>
      <trkpt lat="38.134907" lon="-4.5212">
        <ele>440.75</ele>
      </trkpt>
      <trkpt lat="38.133743" lon="-4.521078">
        <ele>456.25</ele>
      </trkpt>
      <trkpt lat="38.132582" lon="-4.520885">
        <ele>459.75</ele>
      </trkpt>
      <trkpt lat="38.131757" lon="-4.5207">
        <ele>444.75</ele>
      </trkpt>
      <trkpt lat="38.130848" lon="-4.520451">
        <ele>429.5</ele>
      </trkpt>
      <trkpt lat="38.12982" lon="-4.520067">
        <ele>445</ele>
      </trkpt>
      <trkpt lat="38.128137" lon="-4.519315">
        <ele>448.5</ele>
      </trkpt>
      <trkpt lat="38.127061" lon="-4.518718">
        <ele>445</ele>
      </trkpt>
      <trkpt lat="38.126016" lon="-4.518046">
        <ele>445</ele>
      </trkpt>
      <trkpt lat="38.125029" lon="-4.517352">
        <ele>435</ele>
      </trkpt>
      <trkpt lat="38.124402" lon="-4.51687">
        <ele>420.75</ele>
      </trkpt>
      <trkpt lat="38.123659" lon="-4.516245">
        <ele>420.75</ele>
      </trkpt>
      <trkpt lat="38.122557" lon="-4.515072">
        <ele>431.25</ele>
      </trkpt>
      <trkpt lat="38.121776" lon="-4.514173">
        <ele>441.75</ele>
      </trkpt>
      <trkpt lat="38.121047" lon="-4.513293">
        <ele>440.25</ele>
      </trkpt>
      <trkpt lat="38.120305" lon="-4.512283">
        <ele>435.5</ele>
      </trkpt>
      <trkpt lat="38.119952" lon="-4.511751">
        <ele>429.75</ele>
      </trkpt>
      <trkpt lat="38.119285" lon="-4.510692">
        <ele>425.75</ele>
      </trkpt>
      <trkpt lat="38.118933" lon="-4.510064">
        <ele>432.75</ele>
      </trkpt>
      <trkpt lat="38.116284" lon="-4.504933">
        <ele>434.25</ele>
      </trkpt>
      <trkpt lat="38.115754" lon="-4.503995">
        <ele>424.25</ele>
      </trkpt>
      <trkpt lat="38.115" lon="-4.502844">
        <ele>418.75</ele>
      </trkpt>
      <trkpt lat="38.114274" lon="-4.501846">
        <ele>420.25</ele>
      </trkpt>
      <trkpt lat="38.113463" lon="-4.500836">
        <ele>410</ele>
      </trkpt>
      <trkpt lat="38.112774" lon="-4.500064">
        <ele>410</ele>
      </trkpt>
      <trkpt lat="38.112318" lon="-4.499587">
        <ele>410</ele>
      </trkpt>
      <trkpt lat="38.11181" lon="-4.499083">
        <ele>410</ele>
      </trkpt>
      <trkpt lat="38.11116" lon="-4.498493">
        <ele>410</ele>
      </trkpt>
      <trkpt lat="38.110509" lon="-4.49794">
        <ele>410</ele>
      </trkpt>
      <trkpt lat="38.109986" lon="-4.497541">
        <ele>409</ele>
      </trkpt>
      <trkpt lat="38.109202" lon="-4.496986">
        <ele>414.25</ele>
      </trkpt>
      <trkpt lat="38.10862" lon="-4.496613">
        <ele>427.25</ele>
      </trkpt>
      <trkpt lat="38.106864" lon="-4.495608">
        <ele>427.25</ele>
      </trkpt>
      <trkpt lat="38.105317" lon="-4.494965">
        <ele>427.25</ele>
      </trkpt>
      <trkpt lat="38.103587" lon="-4.494402">
        <ele>412.75</ele>
      </trkpt>
      <trkpt lat="38.102635" lon="-4.494181">
        <ele>396.5</ele>
      </trkpt>
      <trkpt lat="38.101551" lon="-4.493991">
        <ele>388.25</ele>
      </trkpt>
      <trkpt lat="38.099801" lon="-4.493848">
        <ele>383.5</ele>
      </trkpt>
      <trkpt lat="38.098679" lon="-4.493859">
        <ele>386.75</ele>
      </trkpt>
      <trkpt lat="38.097956" lon="-4.493908">
        <ele>393.75</ele>
      </trkpt>
      <trkpt lat="38.097325" lon="-4.493968">
        <ele>406</ele>
      </trkpt>
      <trkpt lat="38.094934" lon="-4.49424">
        <ele>399.5</ele>
      </trkpt>
      <trkpt lat="38.093365" lon="-4.494422">
        <ele>389.75</ele>
      </trkpt>
      <trkpt lat="38.092454" lon="-4.494576">
        <ele>389.75</ele>
      </trkpt>
      <trkpt lat="38.091284" lon="-4.494835">
        <ele>370.75</ele>
      </trkpt>
      <trkpt lat="38.090433" lon="-4.495058">
        <ele>370.75</ele>
      </trkpt>
      <trkpt lat="38.089507" lon="-4.495422">
        <ele>369.25</ele>
      </trkpt>
      <trkpt lat="38.087437" lon="-4.496329">
        <ele>363</ele>
      </trkpt>
      <trkpt lat="38.08527" lon="-4.497291">
        <ele>363</ele>
      </trkpt>
      <trkpt lat="38.083084" lon="-4.49834">
        <ele>361.5</ele>
      </trkpt>
      <trkpt lat="38.080692" lon="-4.499452">
        <ele>376.5</ele>
      </trkpt>
      <trkpt lat="38.07833" lon="-4.500526">
        <ele>378</ele>
      </trkpt>
      <trkpt lat="38.075664" lon="-4.501767">
        <ele>370.5</ele>
      </trkpt>
      <trkpt lat="38.074022" lon="-4.502577">
        <ele>367.75</ele>
      </trkpt>
      <trkpt lat="38.072968" lon="-4.503199">
        <ele>362.5</ele>
      </trkpt>
      <trkpt lat="38.071976" lon="-4.503861">
        <ele>374</ele>
      </trkpt>
      <trkpt lat="38.070228" lon="-4.505399">
        <ele>374</ele>
      </trkpt>
      <trkpt lat="38.068493" lon="-4.507024">
        <ele>362.25</ele>
      </trkpt>
      <trkpt lat="38.066805" lon="-4.508982">
        <ele>361.5</ele>
      </trkpt>
      <trkpt lat="38.064532" lon="-4.511446">
        <ele>350.5</ele>
      </trkpt>
      <trkpt lat="38.063656" lon="-4.512267">
        <ele>322.25</ele>
      </trkpt>
      <trkpt lat="38.063078" lon="-4.51276">
        <ele>322.25</ele>
      </trkpt>
      <trkpt lat="38.062528" lon="-4.513198">
        <ele>322.25</ele>
      </trkpt>
      <trkpt lat="38.061389" lon="-4.51392">
        <ele>330.5</ele>
      </trkpt>
      <trkpt lat="38.060279" lon="-4.514554">
        <ele>334</ele>
      </trkpt>
      <trkpt lat="38.0594" lon="-4.515005">
        <ele>338.75</ele>
      </trkpt>
      <trkpt lat="38.056874" lon="-4.516216">
        <ele>329.75</ele>
      </trkpt>
      <trkpt lat="38.053857" lon="-4.517675">
        <ele>317.5</ele>
      </trkpt>
      <trkpt lat="38.051739" lon="-4.518837">
        <ele>311</ele>
      </trkpt>
      <trkpt lat="38.050508" lon="-4.519613">
        <ele>338.75</ele>
      </trkpt>
      <trkpt lat="38.048" lon="-4.521757">
        <ele>330.25</ele>
      </trkpt>
      <trkpt lat="38.04719" lon="-4.522625">
        <ele>308.75</ele>
      </trkpt>
      <trkpt lat="38.045863" lon="-4.524207">
        <ele>301.75</ele>
      </trkpt>
      <trkpt lat="38.045046" lon="-4.525335">
        <ele>313</ele>
      </trkpt>
      <trkpt lat="38.044346" lon="-4.526458">
        <ele>317.75</ele>
      </trkpt>
      <trkpt lat="38.043558" lon="-4.527842">
        <ele>316</ele>
      </trkpt>
      <trkpt lat="38.042842" lon="-4.52928">
        <ele>315.5</ele>
      </trkpt>
      <trkpt lat="38.042227" lon="-4.530734">
        <ele>319.75</ele>
      </trkpt>
      <trkpt lat="38.041656" lon="-4.532324">
        <ele>307.5</ele>
      </trkpt>
      <trkpt lat="38.04144" lon="-4.53299">
        <ele>295</ele>
      </trkpt>
      <trkpt lat="38.041019" lon="-4.534536">
        <ele>295</ele>
      </trkpt>
      <trkpt lat="38.040819" lon="-4.535368">
        <ele>295</ele>
      </trkpt>
      <trkpt lat="38.040661" lon="-4.536211">
        <ele>287</ele>
      </trkpt>
      <trkpt lat="38.039913" lon="-4.54053">
        <ele>298.5</ele>
      </trkpt>
      <trkpt lat="38.039637" lon="-4.54187">
        <ele>303.75</ele>
      </trkpt>
      <trkpt lat="38.039282" lon="-4.543321">
        <ele>293.5</ele>
      </trkpt>
      <trkpt lat="38.039031" lon="-4.544197">
        <ele>281.75</ele>
      </trkpt>
      <trkpt lat="38.038716" lon="-4.545143">
        <ele>283.5</ele>
      </trkpt>
      <trkpt lat="38.038403" lon="-4.546058">
        <ele>289.75</ele>
      </trkpt>
      <trkpt lat="38.038044" lon="-4.546963">
        <ele>298.5</ele>
      </trkpt>
      <trkpt lat="38.037521" lon="-4.548145">
        <ele>296</ele>
      </trkpt>
      <trkpt lat="38.03691" lon="-4.54938">
        <ele>287.75</ele>
      </trkpt>
      <trkpt lat="38.036225" lon="-4.550592">
        <ele>290.5</ele>
      </trkpt>
      <trkpt lat="38.03563" lon="-4.551546">
        <ele>286.5</ele>
      </trkpt>
      <trkpt lat="38.035044" lon="-4.552393">
        <ele>278.75</ele>
      </trkpt>
      <trkpt lat="38.034438" lon="-4.553194">
        <ele>275.75</ele>
      </trkpt>
      <trkpt lat="38.033584" lon="-4.55424">
        <ele>275.25</ele>
      </trkpt>
      <trkpt lat="38.032328" lon="-4.555562">
        <ele>269.75</ele>
      </trkpt>
      <trkpt lat="38.031565" lon="-4.556249">
        <ele>262</ele>
      </trkpt>
      <trkpt lat="38.030426" lon="-4.557195">
        <ele>257.5</ele>
      </trkpt>
      <trkpt lat="38.029406" lon="-4.557933">
        <ele>254.75</ele>
      </trkpt>
      <trkpt lat="38.028608" lon="-4.558436">
        <ele>254.75</ele>
      </trkpt>
      <trkpt lat="38.027808" lon="-4.558894">
        <ele>260.75</ele>
      </trkpt>
      <trkpt lat="38.026715" lon="-4.559446">
        <ele>262.25</ele>
      </trkpt>
      <trkpt lat="38.025059" lon="-4.560108">
        <ele>257.25</ele>
      </trkpt>
      <trkpt lat="38.023755" lon="-4.560545">
        <ele>261.25</ele>
      </trkpt>
      <trkpt lat="38.020006" lon="-4.561704">
        <ele>255.5</ele>
      </trkpt>
      <trkpt lat="38.018013" lon="-4.562325">
        <ele>252.5</ele>
      </trkpt>
      <trkpt lat="38.014578" lon="-4.563371">
        <ele>265</ele>
      </trkpt>
      <trkpt lat="38.010362" lon="-4.564677">
        <ele>268.75</ele>
      </trkpt>
      <trkpt lat="38.008016" lon="-4.565355">
        <ele>269</ele>
      </trkpt>
      <trkpt lat="38.002913" lon="-4.566933">
        <ele>267.75</ele>
      </trkpt>
      <trkpt lat="37.998986" lon="-4.568625">
        <ele>267.75</ele>
      </trkpt>
      <trkpt lat="37.990952" lon="-4.573372">
        <ele>267.75</ele>
      </trkpt>
      <trkpt lat="37.987884" lon="-4.576104">
        <ele>246</ele>
      </trkpt>
      <trkpt lat="37.986426" lon="-4.57784">
        <ele>222.25</ele>
      </trkpt>
      <trkpt lat="37.98509" lon="-4.579707">
        <ele>211.25</ele>
      </trkpt>
      <trkpt lat="37.984173" lon="-4.581165">
        <ele>208</ele>
      </trkpt>
      <trkpt lat="37.983593" lon="-4.582168">
        <ele>203.5</ele>
      </trkpt>
      <trkpt lat="37.982727" lon="-4.583838">
        <ele>203.5</ele>
      </trkpt>
      <trkpt lat="37.98211" lon="-4.58512">
        <ele>203.5</ele>
      </trkpt>
      <trkpt lat="37.980423" lon="-4.588867">
        <ele>211.25</ele>
      </trkpt>
      <trkpt lat="37.979982" lon="-4.589788">
        <ele>205.25</ele>
      </trkpt>
      <trkpt lat="37.979484" lon="-4.590784">
        <ele>203.5</ele>
      </trkpt>
      <trkpt lat="37.978825" lon="-4.59202">
        <ele>196.75</ele>
      </trkpt>
      <trkpt lat="37.978126" lon="-4.593203">
        <ele>197</ele>
      </trkpt>
      <trkpt lat="37.977397" lon="-4.594335">
        <ele>191.5</ele>
      </trkpt>
      <trkpt lat="37.976613" lon="-4.595459">
        <ele>198.5</ele>
      </trkpt>
      <trkpt lat="37.975822" lon="-4.596516">
        <ele>194.5</ele>
      </trkpt>
      <trkpt lat="37.975138" lon="-4.597363">
        <ele>188</ele>
      </trkpt>
      <trkpt lat="37.974513" lon="-4.598079">
        <ele>185</ele>
      </trkpt>
      <trkpt lat="37.973691" lon="-4.598971">
        <ele>187.25</ele>
      </trkpt>
      <trkpt lat="37.972768" lon="-4.599894">
        <ele>198.25</ele>
      </trkpt>
      <trkpt lat="37.971824" lon="-4.600746">
        <ele>193.5</ele>
      </trkpt>
      <trkpt lat="37.97083" lon="-4.601593">
        <ele>182.25</ele>
      </trkpt>
      <trkpt lat="37.970269" lon="-4.602018">
        <ele>182.5</ele>
      </trkpt>
      <trkpt lat="37.96986" lon="-4.602327">
        <ele>184.5</ele>
      </trkpt>
      <trkpt lat="37.968976" lon="-4.602963">
        <ele>183</ele>
      </trkpt>
      <trkpt lat="37.968208" lon="-4.603462">
        <ele>181.5</ele>
      </trkpt>
      <trkpt lat="37.967502" lon="-4.603884">
        <ele>185.25</ele>
      </trkpt>
      <trkpt lat="37.966694" lon="-4.60435">
        <ele>183.25</ele>
      </trkpt>
      <trkpt lat="37.96494" lon="-4.605331">
        <ele>174.5</ele>
      </trkpt>
      <trkpt lat="37.962744" lon="-4.606625">
        <ele>170.75</ele>
      </trkpt>
      <trkpt lat="37.961322" lon="-4.607569">
        <ele>171.25</ele>
      </trkpt>
      <trkpt lat="37.959771" lon="-4.608758">
        <ele>171.5</ele>
      </trkpt>
      <trkpt lat="37.958417" lon="-4.609959">
        <ele>173.25</ele>
      </trkpt>
      <trkpt lat="37.957468" lon="-4.610889">
        <ele>174.25</ele>
      </trkpt>
      <trkpt lat="37.956258" lon="-4.612196">
        <ele>173.5</ele>
      </trkpt>
      <trkpt lat="37.955285" lon="-4.613369">
        <ele>165.25</ele>
      </trkpt>
      <trkpt lat="37.954547" lon="-4.614319">
        <ele>174.25</ele>
      </trkpt>
      <trkpt lat="37.953595" lon="-4.615672">
        <ele>175</ele>
      </trkpt>
      <trkpt lat="37.952641" lon="-4.617168">
        <ele>170</ele>
      </trkpt>
      <trkpt lat="37.951959" lon="-4.618345">
        <ele>168.25</ele>
      </trkpt>
      <trkpt lat="37.951243" lon="-4.619719">
        <ele>163.75</ele>
      </trkpt>
      <trkpt lat="37.950519" lon="-4.621239">
        <ele>164</ele>
      </trkpt>
      <trkpt lat="37.949925" lon="-4.622631">
        <ele>161</ele>
      </trkpt>
      <trkpt lat="37.949365" lon="-4.624074">
        <ele>160</ele>
      </trkpt>
      <trkpt lat="37.948718" lon="-4.626026">
        <ele>153.75</ele>
      </trkpt>
      <trkpt lat="37.948321" lon="-4.627415">
        <ele>149</ele>
      </trkpt>
      <trkpt lat="37.947959" lon="-4.628823">
        <ele>147</ele>
      </trkpt>
      <trkpt lat="37.947514" lon="-4.630998">
        <ele>140.5</ele>
      </trkpt>
      <trkpt lat="37.947269" lon="-4.632333">
        <ele>137</ele>
      </trkpt>
      <trkpt lat="37.946976" lon="-4.634232">
        <ele>134</ele>
      </trkpt>
      <trkpt lat="37.946747" lon="-4.636276">
        <ele>134</ele>
      </trkpt>
      <trkpt lat="37.946512" lon="-4.638027">
        <ele>128</ele>
      </trkpt>
      <trkpt lat="37.946353" lon="-4.639095">
        <ele>133.25</ele>
      </trkpt>
      <trkpt lat="37.946001" lon="-4.642899">
        <ele>136</ele>
      </trkpt>
      <trkpt lat="37.945858" lon="-4.644802">
        <ele>134.25</ele>
      </trkpt>
      <trkpt lat="37.945685" lon="-4.646993">
        <ele>135.75</ele>
      </trkpt>
      <trkpt lat="37.945514" lon="-4.648451">
        <ele>134</ele>
      </trkpt>
      <trkpt lat="37.945291" lon="-4.649905">
        <ele>137.5</ele>
      </trkpt>
      <trkpt lat="37.945051" lon="-4.651384">
        <ele>137</ele>
      </trkpt>
      <trkpt lat="37.94482" lon="-4.652525">
        <ele>136.25</ele>
      </trkpt>
      <trkpt lat="37.944529" lon="-4.6538">
        <ele>132.25</ele>
      </trkpt>
      <trkpt lat="37.944087" lon="-4.65556">
        <ele>129.5</ele>
      </trkpt>
      <trkpt lat="37.943447" lon="-4.657635">
        <ele>134.25</ele>
      </trkpt>
      <trkpt lat="37.942981" lon="-4.658985">
        <ele>132</ele>
      </trkpt>
      <trkpt lat="37.942472" lon="-4.660294">
        <ele>130.25</ele>
      </trkpt>
      <trkpt lat="37.941976" lon="-4.661518">
        <ele>132</ele>
      </trkpt>
      <trkpt lat="37.940235" lon="-4.665641">
        <ele>128</ele>
      </trkpt>
      <trkpt lat="37.939406" lon="-4.667581">
        <ele>129.25</ele>
      </trkpt>
      <trkpt lat="37.93832" lon="-4.670204">
        <ele>127.5</ele>
      </trkpt>
      <trkpt lat="37.937225" lon="-4.672725">
        <ele>126</ele>
      </trkpt>
      <trkpt lat="37.936682" lon="-4.673876">
        <ele>127.5</ele>
      </trkpt>
      <trkpt lat="37.936189" lon="-4.674832">
        <ele>127</ele>
      </trkpt>
      <trkpt lat="37.935877" lon="-4.675422">
        <ele>125</ele>
      </trkpt>
      <trkpt lat="37.935329" lon="-4.67633">
        <ele>124</ele>
      </trkpt>
      <trkpt lat="37.934873" lon="-4.67706">
        <ele>119.5</ele>
      </trkpt>
      <trkpt lat="37.933814" lon="-4.678565">
        <ele>112.75</ele>
      </trkpt>
      <trkpt lat="37.932973" lon="-4.679599">
        <ele>114</ele>
      </trkpt>
      <trkpt lat="37.931591" lon="-4.681137">
        <ele>116.25</ele>
      </trkpt>
      <trkpt lat="37.93009" lon="-4.682763">
        <ele>113.75</ele>
      </trkpt>
      <trkpt lat="37.92938" lon="-4.683586">
        <ele>111.25</ele>
      </trkpt>
      <trkpt lat="37.928965" lon="-4.684099">
        <ele>110.25</ele>
      </trkpt>
      <trkpt lat="37.928305" lon="-4.684997">
        <ele>111.75</ele>
      </trkpt>
      <trkpt lat="37.927988" lon="-4.68546">
        <ele>110.75</ele>
      </trkpt>
      <trkpt lat="37.927383" lon="-4.686423">
        <ele>111.75</ele>
      </trkpt>
      <trkpt lat="37.926835" lon="-4.687356">
        <ele>110</ele>
      </trkpt>
      <trkpt lat="37.92657" lon="-4.687847">
        <ele>109.25</ele>
      </trkpt>
      <trkpt lat="37.926083" lon="-4.68883">
        <ele>109.5</ele>
      </trkpt>
      <trkpt lat="37.925645" lon="-4.689848">
        <ele>111.25</ele>
      </trkpt>
      <trkpt lat="37.925208" lon="-4.69098">
        <ele>110.5</ele>
      </trkpt>
      <trkpt lat="37.925157" lon="-4.691121">
        <ele>110.5</ele>
      </trkpt>
      <trkpt lat="37.924725" lon="-4.692323">
        <ele>111.25</ele>
      </trkpt>
      <trkpt lat="37.922904" lon="-4.697933">
        <ele>113</ele>
      </trkpt>
      <trkpt lat="37.922426" lon="-4.699368">
        <ele>120.75</ele>
      </trkpt>
      <trkpt lat="37.921786" lon="-4.701336">
        <ele>128.5</ele>
      </trkpt>
      <trkpt lat="37.920624" lon="-4.704867">
        <ele>133.75</ele>
      </trkpt>
      <trkpt lat="37.920198" lon="-4.706117">
        <ele>134</ele>
      </trkpt>
      <trkpt lat="37.919959" lon="-4.706765">
        <ele>131.25</ele>
      </trkpt>
      <trkpt lat="37.91969" lon="-4.707388">
        <ele>128.25</ele>
      </trkpt>
      <trkpt lat="37.919337" lon="-4.7081">
        <ele>126.5</ele>
      </trkpt>
      <trkpt lat="37.918978" lon="-4.70875">
        <ele>125.5</ele>
      </trkpt>
      <trkpt lat="37.918525" lon="-4.709522">
        <ele>129</ele>
      </trkpt>
      <trkpt lat="37.918175" lon="-4.710077">
        <ele>132.25</ele>
      </trkpt>
      <trkpt lat="37.917766" lon="-4.710608">
        <ele>133.5</ele>
      </trkpt>
      <trkpt lat="37.917249" lon="-4.711233">
        <ele>132.25</ele>
      </trkpt>
      <trkpt lat="37.916842" lon="-4.711682">
        <ele>132.75</ele>
      </trkpt>
      <trkpt lat="37.91515" lon="-4.713372">
        <ele>132.25</ele>
      </trkpt>
      <trkpt lat="37.914453" lon="-4.714146">
        <ele>132.5</ele>
      </trkpt>
      <trkpt lat="37.91373" lon="-4.715116">
        <ele>134.25</ele>
      </trkpt>
      <trkpt lat="37.913394" lon="-4.715653">
        <ele>134</ele>
      </trkpt>
      <trkpt lat="37.91301" lon="-4.716317">
        <ele>133.75</ele>
      </trkpt>
      <trkpt lat="37.912767" lon="-4.716777">
        <ele>133.25</ele>
      </trkpt>
      <trkpt lat="37.912675" lon="-4.716971">
        <ele>133</ele>
      </trkpt>
      <trkpt lat="37.912407" lon="-4.717538">
        <ele>132.75</ele>
      </trkpt>
      <trkpt lat="37.912158" lon="-4.718182">
        <ele>132</ele>
      </trkpt>
      <trkpt lat="37.911863" lon="-4.719">
        <ele>131</ele>
      </trkpt>
      <trkpt lat="37.911628" lon="-4.719794">
        <ele>128.5</ele>
      </trkpt>
      <trkpt lat="37.911489" lon="-4.720358">
        <ele>126.75</ele>
      </trkpt>
      <trkpt lat="37.911332" lon="-4.721119">
        <ele>125.25</ele>
      </trkpt>
      <trkpt lat="37.911219" lon="-4.721726">
        <ele>124</ele>
      </trkpt>
      <trkpt lat="37.911122" lon="-4.722589">
        <ele>128.5</ele>
      </trkpt>
      <trkpt lat="37.911069" lon="-4.723354">
        <ele>126.75</ele>
      </trkpt>
      <trkpt lat="37.911035" lon="-4.724339">
        <ele>126</ele>
      </trkpt>
      <trkpt lat="37.911058" lon="-4.725338">
        <ele>123.25</ele>
      </trkpt>
      <trkpt lat="37.911304" lon="-4.728875">
        <ele>114.75</ele>
      </trkpt>
      <trkpt lat="37.911312" lon="-4.730011">
        <ele>114.5</ele>
      </trkpt>
      <trkpt lat="37.911305" lon="-4.730223">
        <ele>115</ele>
      </trkpt>
      <trkpt lat="37.911266" lon="-4.730981">
        <ele>116.25</ele>
      </trkpt>
      <trkpt lat="37.911196" lon="-4.731841">
        <ele>117.25</ele>
      </trkpt>
      <trkpt lat="37.911064" lon="-4.732821">
        <ele>122.5</ele>
      </trkpt>
      <trkpt lat="37.910884" lon="-4.73375">
        <ele>119.5</ele>
      </trkpt>
      <trkpt lat="37.91067" lon="-4.734644">
        <ele>119</ele>
      </trkpt>
      <trkpt lat="37.910473" lon="-4.735353">
        <ele>121.25</ele>
      </trkpt>
      <trkpt lat="37.910216" lon="-4.73611">
        <ele>125</ele>
      </trkpt>
      <trkpt lat="37.909959" lon="-4.736794">
        <ele>126.25</ele>
      </trkpt>
      <trkpt lat="37.90973" lon="-4.737342">
        <ele>127.5</ele>
      </trkpt>
      <trkpt lat="37.909513" lon="-4.737832">
        <ele>128.25</ele>
      </trkpt>
      <trkpt lat="37.906383" lon="-4.744408">
        <ele>124</ele>
      </trkpt>
      <trkpt lat="37.906101" lon="-4.745037">
        <ele>123.25</ele>
      </trkpt>
      <trkpt lat="37.905881" lon="-4.745569">
        <ele>124.25</ele>
      </trkpt>
      <trkpt lat="37.905716" lon="-4.746008">
        <ele>124.75</ele>
      </trkpt>
      <trkpt lat="37.905546" lon="-4.746499">
        <ele>124.5</ele>
      </trkpt>
      <trkpt lat="37.905318" lon="-4.747261">
        <ele>124.25</ele>
      </trkpt>
      <trkpt lat="37.905121" lon="-4.748033">
        <ele>123.5</ele>
      </trkpt>
      <trkpt lat="37.904951" lon="-4.748742">
        <ele>123.25</ele>
      </trkpt>
      <trkpt lat="37.903703" lon="-4.754075">
        <ele>117.5</ele>
      </trkpt>
      <trkpt lat="37.903408" lon="-4.755304">
        <ele>116.75</ele>
      </trkpt>
      <trkpt lat="37.90322" lon="-4.756025">
        <ele>118.5</ele>
      </trkpt>
      <trkpt lat="37.903117" lon="-4.756373">
        <ele>120.5</ele>
      </trkpt>
      <trkpt lat="37.902887" lon="-4.757112">
        <ele>124</ele>
      </trkpt>
      <trkpt lat="37.902683" lon="-4.75771">
        <ele>125.25</ele>
      </trkpt>
      <trkpt lat="37.902527" lon="-4.75813">
        <ele>125.25</ele>
      </trkpt>
      <trkpt lat="37.902325" lon="-4.758645">
        <ele>125.5</ele>
      </trkpt>
      <trkpt lat="37.902149" lon="-4.759073">
        <ele>125.25</ele>
      </trkpt>
      <trkpt lat="37.901545" lon="-4.760445">
        <ele>125.25</ele>
      </trkpt>
      <trkpt lat="37.898397" lon="-4.767535">
        <ele>117.25</ele>
      </trkpt>
      <trkpt lat="37.898301" lon="-4.767749">
        <ele>117.5</ele>
      </trkpt>
      <trkpt lat="37.897708" lon="-4.769111">
        <ele>118.75</ele>
      </trkpt>
      <trkpt lat="37.896133" lon="-4.77289">
        <ele>121.75</ele>
      </trkpt>
      <trkpt lat="37.89157" lon="-4.782707">
        <ele>121.75</ele>
      </trkpt>
      <trkpt lat="37.891545" lon="-4.78277">
        <ele>121.25</ele>
      </trkpt>
      <trkpt lat="37.891303" lon="-4.783384">
        <ele>121.25</ele>
      </trkpt>
      <trkpt lat="37.891017" lon="-4.784001">
        <ele>121.25</ele>
      </trkpt>
      <trkpt lat="37.890146" lon="-4.785878">
        <ele>121.25</ele>
      </trkpt>
      <trkpt lat="37.888709" lon="-4.788989">
        <ele>121.25</ele>
      </trkpt>
      <trkpt lat="37.886641" lon="-4.793549">
        <ele>122.25</ele>
      </trkpt>
      <trkpt lat="37.886529" lon="-4.793826">
        <ele>121.5</ele>
      </trkpt>
      <trkpt lat="37.886448" lon="-4.79405">
        <ele>120.75</ele>
      </trkpt>
      <trkpt lat="37.88621" lon="-4.794817">
        <ele>120.75</ele>
      </trkpt>
      <trkpt lat="37.886004" lon="-4.795463">
        <ele>122</ele>
      </trkpt>
      <trkpt lat="37.88582" lon="-4.795956">
        <ele>122.75</ele>
      </trkpt>
      <trkpt lat="37.884973" lon="-4.797848">
        <ele>117</ele>
      </trkpt>
      <trkpt lat="37.884645" lon="-4.798572">
        <ele>118</ele>
      </trkpt>
      <trkpt lat="37.883901" lon="-4.800237">
        <ele>122</ele>
      </trkpt>
      <trkpt lat="37.88351" lon="-4.80109">
        <ele>118.75</ele>
      </trkpt>
      <trkpt lat="37.883284" lon="-4.801582">
        <ele>118</ele>
      </trkpt>
      <trkpt lat="37.882131" lon="-4.803921">
        <ele>120.5</ele>
      </trkpt>
      <trkpt lat="37.881733" lon="-4.804763">
        <ele>120</ele>
      </trkpt>
      <trkpt lat="37.880237" lon="-4.808031">
        <ele>118.5</ele>
      </trkpt>
      <trkpt lat="37.879748" lon="-4.809084">
        <ele>117.25</ele>
      </trkpt>
      <trkpt lat="37.878963" lon="-4.810873">
        <ele>117</ele>
      </trkpt>
      <trkpt lat="37.878574" lon="-4.811844">
        <ele>116.5</ele>
      </trkpt>
      <trkpt lat="37.877928" lon="-4.813714">
        <ele>114.75</ele>
      </trkpt>
      <trkpt lat="37.877552" lon="-4.814925">
        <ele>115</ele>
      </trkpt>
      <trkpt lat="37.877201" lon="-4.816103">
        <ele>114.25</ele>
      </trkpt>
      <trkpt lat="37.874012" lon="-4.826792">
        <ele>113</ele>
      </trkpt>
      <trkpt lat="37.871838" lon="-4.834067">
        <ele>114.75</ele>
      </trkpt>
      <trkpt lat="37.87143" lon="-4.835448">
        <ele>112.25</ele>
      </trkpt>
      <trkpt lat="37.870642" lon="-4.838079">
        <ele>111.75</ele>
      </trkpt>
      <trkpt lat="37.869831" lon="-4.840755">
        <ele>111.5</ele>
      </trkpt>
      <trkpt lat="37.86867" lon="-4.844631">
        <ele>113.5</ele>
      </trkpt>
      <trkpt lat="37.866104" lon="-4.853226">
        <ele>116.5</ele>
      </trkpt>
      <trkpt lat="37.864222" lon="-4.859594">
        <ele>116.5</ele>
      </trkpt>
      <trkpt lat="37.863267" lon="-4.862777">
        <ele>115.75</ele>
      </trkpt>
      <trkpt lat="37.862401" lon="-4.865702">
        <ele>114.75</ele>
      </trkpt>
      <trkpt lat="37.859484" lon="-4.875443">
        <ele>111.25</ele>
      </trkpt>
      <trkpt lat="37.858034" lon="-4.88027">
        <ele>110.25</ele>
      </trkpt>
      <trkpt lat="37.856844" lon="-4.884394">
        <ele>108.25</ele>
      </trkpt>
      <trkpt lat="37.856207" lon="-4.886752">
        <ele>105.75</ele>
      </trkpt>
      <trkpt lat="37.855483" lon="-4.889492">
        <ele>102.75</ele>
      </trkpt>
      <trkpt lat="37.854685" lon="-4.892288">
        <ele>102.25</ele>
      </trkpt>
      <trkpt lat="37.853804" lon="-4.895252">
        <ele>103</ele>
      </trkpt>
      <trkpt lat="37.851588" lon="-4.902627">
        <ele>95.75</ele>
      </trkpt>
      <trkpt lat="37.850033" lon="-4.907448">
        <ele>96.75</ele>
      </trkpt>
      <trkpt lat="37.848673" lon="-4.911925">
        <ele>98.75</ele>
      </trkpt>
      <trkpt lat="37.847718" lon="-4.915201">
        <ele>99</ele>
      </trkpt>
      <trkpt lat="37.846299" lon="-4.919929">
        <ele>94.75</ele>
      </trkpt>
      <trkpt lat="37.844881" lon="-4.924985">
        <ele>92</ele>
      </trkpt>
      <trkpt lat="37.843126" lon="-4.930928">
        <ele>88.5</ele>
      </trkpt>
      <trkpt lat="37.841333" lon="-4.936907">
        <ele>84.5</ele>
      </trkpt>
      <trkpt lat="37.840611" lon="-4.939342">
        <ele>84.25</ele>
      </trkpt>
      <trkpt lat="37.840504" lon="-4.939682">
        <ele>85.25</ele>
      </trkpt>
      <trkpt lat="37.839942" lon="-4.941577">
        <ele>86</ele>
      </trkpt>
      <trkpt lat="37.838895" lon="-4.945089">
        <ele>87.25</ele>
      </trkpt>
      <trkpt lat="37.838106" lon="-4.947818">
        <ele>86.25</ele>
      </trkpt>
      <trkpt lat="37.8372" lon="-4.950773">
        <ele>87</ele>
      </trkpt>
      <trkpt lat="37.836602" lon="-4.952458">
        <ele>85.75</ele>
      </trkpt>
      <trkpt lat="37.83624" lon="-4.953416">
        <ele>86.75</ele>
      </trkpt>
      <trkpt lat="37.835074" lon="-4.956166">
        <ele>85.5</ele>
      </trkpt>
      <trkpt lat="37.834499" lon="-4.957409">
        <ele>83</ele>
      </trkpt>
      <trkpt lat="37.833924" lon="-4.958576">
        <ele>84.5</ele>
      </trkpt>
      <trkpt lat="37.833286" lon="-4.959766">
        <ele>83.5</ele>
      </trkpt>
      <trkpt lat="37.831966" lon="-4.962028">
        <ele>84</ele>
      </trkpt>
      <trkpt lat="37.829745" lon="-4.965602">
        <ele>83.5</ele>
      </trkpt>
      <trkpt lat="37.82866" lon="-4.967336">
        <ele>85</ele>
      </trkpt>
      <trkpt lat="37.827592" lon="-4.969148">
        <ele>85.75</ele>
      </trkpt>
      <trkpt lat="37.826608" lon="-4.97096">
        <ele>87</ele>
      </trkpt>
      <trkpt lat="37.825702" lon="-4.972772">
        <ele>83.75</ele>
      </trkpt>
      <trkpt lat="37.824976" lon="-4.974417">
        <ele>84.75</ele>
      </trkpt>
      <trkpt lat="37.824266" lon="-4.976157">
        <ele>83.75</ele>
      </trkpt>
      <trkpt lat="37.82383" lon="-4.977267">
        <ele>84.75</ele>
      </trkpt>
      <trkpt lat="37.823467" lon="-4.978317">
        <ele>83</ele>
      </trkpt>
      <trkpt lat="37.822987" lon="-4.979767">
        <ele>83.25</ele>
      </trkpt>
      <trkpt lat="37.822393" lon="-4.981747">
        <ele>82</ele>
      </trkpt>
      <trkpt lat="37.821734" lon="-4.984276">
        <ele>81.25</ele>
      </trkpt>
      <trkpt lat="37.820963" lon="-4.987118">
        <ele>82</ele>
      </trkpt>
      <trkpt lat="37.820095" lon="-4.990443">
        <ele>81.25</ele>
      </trkpt>
      <trkpt lat="37.81911" lon="-4.99431">
        <ele>80.75</ele>
      </trkpt>
      <trkpt lat="37.818402" lon="-4.997035">
        <ele>80.5</ele>
      </trkpt>
      <trkpt lat="37.817591" lon="-5.000067">
        <ele>79</ele>
      </trkpt>
      <trkpt lat="37.817258" lon="-5.00108">
        <ele>78.5</ele>
      </trkpt>
      <trkpt lat="37.816885" lon="-5.002114">
        <ele>78.5</ele>
      </trkpt>
      <trkpt lat="37.816487" lon="-5.003158">
        <ele>77.75</ele>
      </trkpt>
      <trkpt lat="37.816071" lon="-5.004172">
        <ele>79</ele>
      </trkpt>
      <trkpt lat="37.81555" lon="-5.005304">
        <ele>79.25</ele>
      </trkpt>
      <trkpt lat="37.815074" lon="-5.006244">
        <ele>77.5</ele>
      </trkpt>
      <trkpt lat="37.814308" lon="-5.007641">
        <ele>77.75</ele>
      </trkpt>
      <trkpt lat="37.813886" lon="-5.008351">
        <ele>77.25</ele>
      </trkpt>
      <trkpt lat="37.813445" lon="-5.009041">
        <ele>77.75</ele>
      </trkpt>
      <trkpt lat="37.813083" lon="-5.009587">
        <ele>77</ele>
      </trkpt>
      <trkpt lat="37.811751" lon="-5.011471">
        <ele>74</ele>
      </trkpt>
      <trkpt lat="37.811201" lon="-5.012221">
        <ele>75</ele>
      </trkpt>
      <trkpt lat="37.810664" lon="-5.01298">
        <ele>76.5</ele>
      </trkpt>
      <trkpt lat="37.809586" lon="-5.014591">
        <ele>75.75</ele>
      </trkpt>
      <trkpt lat="37.808434" lon="-5.016667">
        <ele>75.75</ele>
      </trkpt>
      <trkpt lat="37.807543" lon="-5.018544">
        <ele>82.5</ele>
      </trkpt>
      <trkpt lat="37.807075" lon="-5.01967">
        <ele>86.5</ele>
      </trkpt>
      <trkpt lat="37.806594" lon="-5.020897">
        <ele>95.75</ele>
      </trkpt>
      <trkpt lat="37.805666" lon="-5.023825">
        <ele>111.25</ele>
      </trkpt>
      <trkpt lat="37.805448" lon="-5.024665">
        <ele>100</ele>
      </trkpt>
      <trkpt lat="37.80506" lon="-5.026444">
        <ele>86.75</ele>
      </trkpt>
      <trkpt lat="37.804771" lon="-5.028009">
        <ele>88.75</ele>
      </trkpt>
      <trkpt lat="37.804569" lon="-5.029555">
        <ele>89.25</ele>
      </trkpt>
      <trkpt lat="37.804428" lon="-5.031005">
        <ele>87.5</ele>
      </trkpt>
      <trkpt lat="37.804347" lon="-5.032431">
        <ele>89.25</ele>
      </trkpt>
      <trkpt lat="37.804298" lon="-5.034677">
        <ele>96.25</ele>
      </trkpt>
      <trkpt lat="37.804387" lon="-5.036874">
        <ele>100</ele>
      </trkpt>
      <trkpt lat="37.804617" lon="-5.03931">
        <ele>92.25</ele>
      </trkpt>
      <trkpt lat="37.804913" lon="-5.041193">
        <ele>96.5</ele>
      </trkpt>
      <trkpt lat="37.805316" lon="-5.04323">
        <ele>100.75</ele>
      </trkpt>
      <trkpt lat="37.80572" lon="-5.044798">
        <ele>98.75</ele>
      </trkpt>
      <trkpt lat="37.806312" lon="-5.046814">
        <ele>97.25</ele>
      </trkpt>
      <trkpt lat="37.806992" lon="-5.048572">
        <ele>88</ele>
      </trkpt>
      <trkpt lat="37.807736" lon="-5.050305">
        <ele>81.5</ele>
      </trkpt>
      <trkpt lat="37.808398" lon="-5.05182">
        <ele>79.75</ele>
      </trkpt>
      <trkpt lat="37.809435" lon="-5.054169">
        <ele>73.25</ele>
      </trkpt>
      <trkpt lat="37.809644" lon="-5.054674">
        <ele>73.25</ele>
      </trkpt>
      <trkpt lat="37.809906" lon="-5.05536">
        <ele>75.5</ele>
      </trkpt>
      <trkpt lat="37.810266" lon="-5.056349">
        <ele>81</ele>
      </trkpt>
      <trkpt lat="37.810715" lon="-5.057698">
        <ele>83</ele>
      </trkpt>
      <trkpt lat="37.811128" lon="-5.05907">
        <ele>90</ele>
      </trkpt>
      <trkpt lat="37.811519" lon="-5.060589">
        <ele>84.75</ele>
      </trkpt>
      <trkpt lat="37.811886" lon="-5.062123">
        <ele>85.5</ele>
      </trkpt>
      <trkpt lat="37.812439" lon="-5.065169">
        <ele>85.25</ele>
      </trkpt>
      <trkpt lat="37.812765" lon="-5.067946">
        <ele>75.75</ele>
      </trkpt>
      <trkpt lat="37.812942" lon="-5.070811">
        <ele>83</ele>
      </trkpt>
      <trkpt lat="37.812972" lon="-5.07292">
        <ele>79.25</ele>
      </trkpt>
      <trkpt lat="37.812932" lon="-5.074515">
        <ele>79.75</ele>
      </trkpt>
      <trkpt lat="37.812846" lon="-5.076264">
        <ele>78.75</ele>
      </trkpt>
      <trkpt lat="37.812671" lon="-5.078007">
        <ele>75.75</ele>
      </trkpt>
      <trkpt lat="37.812489" lon="-5.079359">
        <ele>76.25</ele>
      </trkpt>
      <trkpt lat="37.812398" lon="-5.079982">
        <ele>77.5</ele>
      </trkpt>
      <trkpt lat="37.812196" lon="-5.081214">
        <ele>78.25</ele>
      </trkpt>
      <trkpt lat="37.812091" lon="-5.081791">
        <ele>79</ele>
      </trkpt>
      <trkpt lat="37.81183" lon="-5.083077">
        <ele>84.5</ele>
      </trkpt>
      <trkpt lat="37.810985" lon="-5.086689">
        <ele>92.25</ele>
      </trkpt>
      <trkpt lat="37.810586" lon="-5.088547">
        <ele>94.75</ele>
      </trkpt>
      <trkpt lat="37.810256" lon="-5.090219">
        <ele>96.5</ele>
      </trkpt>
      <trkpt lat="37.810048" lon="-5.091649">
        <ele>98</ele>
      </trkpt>
      <trkpt lat="37.809864" lon="-5.093085">
        <ele>103</ele>
      </trkpt>
      <trkpt lat="37.809733" lon="-5.094501">
        <ele>103.75</ele>
      </trkpt>
      <trkpt lat="37.809652" lon="-5.095731">
        <ele>103.5</ele>
      </trkpt>
      <trkpt lat="37.809592" lon="-5.097478">
        <ele>103</ele>
      </trkpt>
      <trkpt lat="37.809575" lon="-5.098908">
        <ele>103.25</ele>
      </trkpt>
      <trkpt lat="37.809627" lon="-5.1008">
        <ele>102</ele>
      </trkpt>
      <trkpt lat="37.809809" lon="-5.103421">
        <ele>103.75</ele>
      </trkpt>
      <trkpt lat="37.809826" lon="-5.103644">
        <ele>103.5</ele>
      </trkpt>
      <trkpt lat="37.810084" lon="-5.106455">
        <ele>106</ele>
      </trkpt>
      <trkpt lat="37.810205" lon="-5.108689">
        <ele>111.25</ele>
      </trkpt>
      <trkpt lat="37.810258" lon="-5.110477">
        <ele>115</ele>
      </trkpt>
      <trkpt lat="37.810254" lon="-5.112074">
        <ele>116.5</ele>
      </trkpt>
      <trkpt lat="37.810177" lon="-5.114378">
        <ele>120.75</ele>
      </trkpt>
      <trkpt lat="37.810114" lon="-5.115462">
        <ele>120.75</ele>
      </trkpt>
      <trkpt lat="37.810066" lon="-5.116033">
        <ele>120</ele>
      </trkpt>
      <trkpt lat="37.809938" lon="-5.117398">
        <ele>119.5</ele>
      </trkpt>
      <trkpt lat="37.809738" lon="-5.119026">
        <ele>119.25</ele>
      </trkpt>
      <trkpt lat="37.809511" lon="-5.120647">
        <ele>118</ele>
      </trkpt>
      <trkpt lat="37.808932" lon="-5.123662">
        <ele>110.5</ele>
      </trkpt>
      <trkpt lat="37.808424" lon="-5.125843">
        <ele>107.25</ele>
      </trkpt>
      <trkpt lat="37.807965" lon="-5.127515">
        <ele>107.25</ele>
      </trkpt>
      <trkpt lat="37.807511" lon="-5.129001">
        <ele>109.75</ele>
      </trkpt>
      <trkpt lat="37.807016" lon="-5.130488">
        <ele>103</ele>
      </trkpt>
      <trkpt lat="37.806333" lon="-5.132291">
        <ele>105</ele>
      </trkpt>
      <trkpt lat="37.805697" lon="-5.133866">
        <ele>106</ele>
      </trkpt>
      <trkpt lat="37.805129" lon="-5.13513">
        <ele>101.25</ele>
      </trkpt>
      <trkpt lat="37.804529" lon="-5.136396">
        <ele>97.5</ele>
      </trkpt>
      <trkpt lat="37.8031" lon="-5.139082">
        <ele>94.5</ele>
      </trkpt>
      <trkpt lat="37.800889" lon="-5.142765">
        <ele>90</ele>
      </trkpt>
      <trkpt lat="37.8" lon="-5.14431">
        <ele>90</ele>
      </trkpt>
      <trkpt lat="37.79942" lon="-5.145398">
        <ele>89.25</ele>
      </trkpt>
      <trkpt lat="37.798883" lon="-5.146451">
        <ele>87.25</ele>
      </trkpt>
      <trkpt lat="37.797901" lon="-5.148613">
        <ele>80.25</ele>
      </trkpt>
      <trkpt lat="37.797821" lon="-5.14879">
        <ele>80</ele>
      </trkpt>
      <trkpt lat="37.796919" lon="-5.151037">
        <ele>74.5</ele>
      </trkpt>
      <trkpt lat="37.796158" lon="-5.153288">
        <ele>73.5</ele>
      </trkpt>
      <trkpt lat="37.795824" lon="-5.154351">
        <ele>72.75</ele>
      </trkpt>
      <trkpt lat="37.795507" lon="-5.155428">
        <ele>71</ele>
      </trkpt>
      <trkpt lat="37.794961" lon="-5.157584">
        <ele>70.75</ele>
      </trkpt>
      <trkpt lat="37.794357" lon="-5.160414">
        <ele>68.75</ele>
      </trkpt>
      <trkpt lat="37.791815" lon="-5.17286">
        <ele>72.25</ele>
      </trkpt>
      <trkpt lat="37.791365" lon="-5.175432">
        <ele>75.25</ele>
      </trkpt>
      <trkpt lat="37.791192" lon="-5.176811">
        <ele>74.75</ele>
      </trkpt>
      <trkpt lat="37.791038" lon="-5.178124">
        <ele>76.25</ele>
      </trkpt>
      <trkpt lat="37.790908" lon="-5.179579">
        <ele>76.5</ele>
      </trkpt>
      <trkpt lat="37.790782" lon="-5.181601">
        <ele>79</ele>
      </trkpt>
      <trkpt lat="37.790722" lon="-5.187286">
        <ele>83.5</ele>
      </trkpt>
      <trkpt lat="37.79064" lon="-5.189446">
        <ele>86.5</ele>
      </trkpt>
      <trkpt lat="37.79051" lon="-5.191023">
        <ele>88.75</ele>
      </trkpt>
      <trkpt lat="37.790354" lon="-5.192584">
        <ele>85.75</ele>
      </trkpt>
      <trkpt lat="37.79012" lon="-5.194268">
        <ele>88.25</ele>
      </trkpt>
      <trkpt lat="37.789871" lon="-5.195779">
        <ele>87</ele>
      </trkpt>
      <trkpt lat="37.789611" lon="-5.197187">
        <ele>87.75</ele>
      </trkpt>
      <trkpt lat="37.789217" lon="-5.198992">
        <ele>87.25</ele>
      </trkpt>
      <trkpt lat="37.788757" lon="-5.200747">
        <ele>85.25</ele>
      </trkpt>
      <trkpt lat="37.788499" lon="-5.201676">
        <ele>85.75</ele>
      </trkpt>
      <trkpt lat="37.788204" lon="-5.202625">
        <ele>83.75</ele>
      </trkpt>
      <trkpt lat="37.787582" lon="-5.204478">
        <ele>84.75</ele>
      </trkpt>
      <trkpt lat="37.786986" lon="-5.206057">
        <ele>85.75</ele>
      </trkpt>
      <trkpt lat="37.786535" lon="-5.207191">
        <ele>80.25</ele>
      </trkpt>
      <trkpt lat="37.785882" lon="-5.208684">
        <ele>68.25</ele>
      </trkpt>
      <trkpt lat="37.785576" lon="-5.209324">
        <ele>62.75</ele>
      </trkpt>
      <trkpt lat="37.784859" lon="-5.210768">
        <ele>61.25</ele>
      </trkpt>
      <trkpt lat="37.783375" lon="-5.213408">
        <ele>64.75</ele>
      </trkpt>
      <trkpt lat="37.782748" lon="-5.214436">
        <ele>64.5</ele>
      </trkpt>
      <trkpt lat="37.781691" lon="-5.216003">
        <ele>65.25</ele>
      </trkpt>
      <trkpt lat="37.780128" lon="-5.218259">
        <ele>66</ele>
      </trkpt>
      <trkpt lat="37.779398" lon="-5.219365">
        <ele>63.5</ele>
      </trkpt>
      <trkpt lat="37.778655" lon="-5.220549">
        <ele>66</ele>
      </trkpt>
      <trkpt lat="37.777474" lon="-5.222521">
        <ele>69</ele>
      </trkpt>
      <trkpt lat="37.77637" lon="-5.224597">
        <ele>75.5</ele>
      </trkpt>
      <trkpt lat="37.775426" lon="-5.226411">
        <ele>78.25</ele>
      </trkpt>
      <trkpt lat="37.774774" lon="-5.22768">
        <ele>79.5</ele>
      </trkpt>
      <trkpt lat="37.769407" lon="-5.238017">
        <ele>86.25</ele>
      </trkpt>
      <trkpt lat="37.769032" lon="-5.238741">
        <ele>85.75</ele>
      </trkpt>
      <trkpt lat="37.768373" lon="-5.240017">
        <ele>86</ele>
      </trkpt>
      <trkpt lat="37.764599" lon="-5.247253">
        <ele>84.5</ele>
      </trkpt>
      <trkpt lat="37.763968" lon="-5.248488">
        <ele>84.5</ele>
      </trkpt>
      <trkpt lat="37.763653" lon="-5.249094">
        <ele>85.5</ele>
      </trkpt>
      <trkpt lat="37.762637" lon="-5.25113">
        <ele>86</ele>
      </trkpt>
      <trkpt lat="37.758773" lon="-5.258548">
        <ele>86.75</ele>
      </trkpt>
      <trkpt lat="37.758693" lon="-5.258702">
        <ele>86.5</ele>
      </trkpt>
      <trkpt lat="37.756604" lon="-5.262744">
        <ele>95.5</ele>
      </trkpt>
      <trkpt lat="37.750344" lon="-5.274791">
        <ele>113</ele>
      </trkpt>
      <trkpt lat="37.747889" lon="-5.279529">
        <ele>112.75</ele>
      </trkpt>
      <trkpt lat="37.746643" lon="-5.281909">
        <ele>111.75</ele>
      </trkpt>
      <trkpt lat="37.744836" lon="-5.285362">
        <ele>108.75</ele>
      </trkpt>
      <trkpt lat="37.744383" lon="-5.286254">
        <ele>107</ele>
      </trkpt>
      <trkpt lat="37.743156" lon="-5.288713">
        <ele>105.25</ele>
      </trkpt>
      <trkpt lat="37.741271" lon="-5.292745">
        <ele>104</ele>
      </trkpt>
      <trkpt lat="37.740246" lon="-5.295124">
        <ele>99.75</ele>
      </trkpt>
      <trkpt lat="37.739273" lon="-5.297519">
        <ele>96.75</ele>
      </trkpt>
      <trkpt lat="37.73763" lon="-5.301706">
        <ele>80.5</ele>
      </trkpt>
      <trkpt lat="37.735564" lon="-5.30705">
        <ele>69.25</ele>
      </trkpt>
      <trkpt lat="37.735426" lon="-5.307399">
        <ele>69.75</ele>
      </trkpt>
      <trkpt lat="37.735069" lon="-5.308284">
        <ele>74.5</ele>
      </trkpt>
      <trkpt lat="37.734996" lon="-5.308482">
        <ele>75.75</ele>
      </trkpt>
      <trkpt lat="37.73395" lon="-5.311138">
        <ele>80.75</ele>
      </trkpt>
      <trkpt lat="37.732276" lon="-5.315432">
        <ele>77.75</ele>
      </trkpt>
      <trkpt lat="37.727048" lon="-5.328803">
        <ele>91</ele>
      </trkpt>
      <trkpt lat="37.72698" lon="-5.328985">
        <ele>90.75</ele>
      </trkpt>
      <trkpt lat="37.724317" lon="-5.335778">
        <ele>101.25</ele>
      </trkpt>
      <trkpt lat="37.722675" lon="-5.340029">
        <ele>104.75</ele>
      </trkpt>
      <trkpt lat="37.721038" lon="-5.34445">
        <ele>100.75</ele>
      </trkpt>
      <trkpt lat="37.719778" lon="-5.348264">
        <ele>91.5</ele>
      </trkpt>
      <trkpt lat="37.719724" lon="-5.348446">
        <ele>90.75</ele>
      </trkpt>
      <trkpt lat="37.718288" lon="-5.353288">
        <ele>77.75</ele>
      </trkpt>
      <trkpt lat="37.717357" lon="-5.356585">
        <ele>78.25</ele>
      </trkpt>
      <trkpt lat="37.717288" lon="-5.356831">
        <ele>76.75</ele>
      </trkpt>
      <trkpt lat="37.711722" lon="-5.376447">
        <ele>67</ele>
      </trkpt>
      <trkpt lat="37.710986" lon="-5.379099">
        <ele>67.75</ele>
      </trkpt>
      <trkpt lat="37.707429" lon="-5.391617">
        <ele>67</ele>
      </trkpt>
      <trkpt lat="37.701485" lon="-5.412589">
        <ele>72.75</ele>
      </trkpt>
      <trkpt lat="37.697135" lon="-5.427921">
        <ele>65.75</ele>
      </trkpt>
      <trkpt lat="37.69455" lon="-5.437285">
        <ele>66.5</ele>
      </trkpt>
      <trkpt lat="37.692412" lon="-5.445653">
        <ele>63.5</ele>
      </trkpt>
      <trkpt lat="37.689498" lon="-5.457529">
        <ele>59.25</ele>
      </trkpt>
      <trkpt lat="37.685358" lon="-5.47448">
        <ele>46.25</ele>
      </trkpt>
      <trkpt lat="37.684764" lon="-5.476879">
        <ele>40.75</ele>
      </trkpt>
      <trkpt lat="37.684537" lon="-5.477703">
        <ele>39</ele>
      </trkpt>
      <trkpt lat="37.683841" lon="-5.480073">
        <ele>33.75</ele>
      </trkpt>
      <trkpt lat="37.6836" lon="-5.480774">
        <ele>34.25</ele>
      </trkpt>
      <trkpt lat="37.682908" lon="-5.482742">
        <ele>39.5</ele>
      </trkpt>
      <trkpt lat="37.682223" lon="-5.484455">
        <ele>48.25</ele>
      </trkpt>
      <trkpt lat="37.681636" lon="-5.485828">
        <ele>49.75</ele>
      </trkpt>
      <trkpt lat="37.68074" lon="-5.487655">
        <ele>48.75</ele>
      </trkpt>
      <trkpt lat="37.679832" lon="-5.48939">
        <ele>47</ele>
      </trkpt>
      <trkpt lat="37.677578" lon="-5.49312">
        <ele>46.75</ele>
      </trkpt>
      <trkpt lat="37.676076" lon="-5.495626">
        <ele>47.75</ele>
      </trkpt>
      <trkpt lat="37.67528" lon="-5.497088">
        <ele>49.5</ele>
      </trkpt>
      <trkpt lat="37.67465" lon="-5.498363">
        <ele>49.75</ele>
      </trkpt>
      <trkpt lat="37.673702" lon="-5.500464">
        <ele>51.75</ele>
      </trkpt>
      <trkpt lat="37.673094" lon="-5.501986">
        <ele>51.75</ele>
      </trkpt>
      <trkpt lat="37.672545" lon="-5.503498">
        <ele>52.5</ele>
      </trkpt>
      <trkpt lat="37.67198" lon="-5.505244">
        <ele>50.5</ele>
      </trkpt>
      <trkpt lat="37.67145" lon="-5.507007">
        <ele>51.25</ele>
      </trkpt>
      <trkpt lat="37.671046" lon="-5.508643">
        <ele>48.5</ele>
      </trkpt>
      <trkpt lat="37.670682" lon="-5.510273">
        <ele>44</ele>
      </trkpt>
      <trkpt lat="37.670254" lon="-5.512608">
        <ele>47.5</ele>
      </trkpt>
      <trkpt lat="37.670034" lon="-5.51405">
        <ele>53.75</ele>
      </trkpt>
      <trkpt lat="37.669852" lon="-5.515515">
        <ele>55.75</ele>
      </trkpt>
      <trkpt lat="37.669547" lon="-5.518484">
        <ele>53.5</ele>
      </trkpt>
      <trkpt lat="37.669412" lon="-5.519681">
        <ele>52</ele>
      </trkpt>
      <trkpt lat="37.669088" lon="-5.522933">
        <ele>55.25</ele>
      </trkpt>
      <trkpt lat="37.668988" lon="-5.523822">
        <ele>55</ele>
      </trkpt>
      <trkpt lat="37.668887" lon="-5.52466">
        <ele>55</ele>
      </trkpt>
      <trkpt lat="37.668679" lon="-5.526135">
        <ele>55</ele>
      </trkpt>
      <trkpt lat="37.668372" lon="-5.527835">
        <ele>50.5</ele>
      </trkpt>
      <trkpt lat="37.668133" lon="-5.528897">
        <ele>51.25</ele>
      </trkpt>
      <trkpt lat="37.667796" lon="-5.530298">
        <ele>51.75</ele>
      </trkpt>
      <trkpt lat="37.667439" lon="-5.531615">
        <ele>50</ele>
      </trkpt>
      <trkpt lat="37.666859" lon="-5.533513">
        <ele>43.25</ele>
      </trkpt>
      <trkpt lat="37.666555" lon="-5.534404">
        <ele>40</ele>
      </trkpt>
      <trkpt lat="37.665356" lon="-5.537299">
        <ele>48.5</ele>
      </trkpt>
      <trkpt lat="37.664904" lon="-5.538272">
        <ele>48.25</ele>
      </trkpt>
      <trkpt lat="37.664392" lon="-5.539306">
        <ele>48</ele>
      </trkpt>
      <trkpt lat="37.663255" lon="-5.541358">
        <ele>47.75</ele>
      </trkpt>
      <trkpt lat="37.662296" lon="-5.542887">
        <ele>50.25</ele>
      </trkpt>
      <trkpt lat="37.661585" lon="-5.543939">
        <ele>47.5</ele>
      </trkpt>
      <trkpt lat="37.660588" lon="-5.545292">
        <ele>47</ele>
      </trkpt>
      <trkpt lat="37.659386" lon="-5.546763">
        <ele>47.5</ele>
      </trkpt>
      <trkpt lat="37.658197" lon="-5.548049">
        <ele>45</ele>
      </trkpt>
      <trkpt lat="37.656994" lon="-5.549269">
        <ele>44.25</ele>
      </trkpt>
      <trkpt lat="37.655542" lon="-5.550544">
        <ele>44</ele>
      </trkpt>
      <trkpt lat="37.654063" lon="-5.551707">
        <ele>43.25</ele>
      </trkpt>
      <trkpt lat="37.653048" lon="-5.552409">
        <ele>41.75</ele>
      </trkpt>
      <trkpt lat="37.651748" lon="-5.553232">
        <ele>42.25</ele>
      </trkpt>
      <trkpt lat="37.649334" lon="-5.55479">
        <ele>39.75</ele>
      </trkpt>
      <trkpt lat="37.647272" lon="-5.556332">
        <ele>43.25</ele>
      </trkpt>
      <trkpt lat="37.644345" lon="-5.558997">
        <ele>41.25</ele>
      </trkpt>
      <trkpt lat="37.643044" lon="-5.560417">
        <ele>38.25</ele>
      </trkpt>
      <trkpt lat="37.64141" lon="-5.562475">
        <ele>35.5</ele>
      </trkpt>
      <trkpt lat="37.640583" lon="-5.563653">
        <ele>34.5</ele>
      </trkpt>
      <trkpt lat="37.639571" lon="-5.565208">
        <ele>35.75</ele>
      </trkpt>
      <trkpt lat="37.638444" lon="-5.567185">
        <ele>36</ele>
      </trkpt>
      <trkpt lat="37.637504" lon="-5.569033">
        <ele>36</ele>
      </trkpt>
      <trkpt lat="37.636921" lon="-5.570354">
        <ele>35.25</ele>
      </trkpt>
      <trkpt lat="37.635541" lon="-5.573573">
        <ele>33.75</ele>
      </trkpt>
      <trkpt lat="37.634642" lon="-5.575737">
        <ele>34</ele>
      </trkpt>
      <trkpt lat="37.633545" lon="-5.578217">
        <ele>34.25</ele>
      </trkpt>
      <trkpt lat="37.632931" lon="-5.579474">
        <ele>34</ele>
      </trkpt>
      <trkpt lat="37.632274" lon="-5.580697">
        <ele>33</ele>
      </trkpt>
      <trkpt lat="37.631299" lon="-5.582433">
        <ele>34.5</ele>
      </trkpt>
      <trkpt lat="37.629602" lon="-5.585081">
        <ele>33.25</ele>
      </trkpt>
      <trkpt lat="37.627053" lon="-5.588454">
        <ele>30.5</ele>
      </trkpt>
      <trkpt lat="37.625582" lon="-5.590088">
        <ele>32</ele>
      </trkpt>
      <trkpt lat="37.624066" lon="-5.591671">
        <ele>31</ele>
      </trkpt>
      <trkpt lat="37.620891" lon="-5.594696">
        <ele>32.75</ele>
      </trkpt>
      <trkpt lat="37.619805" lon="-5.595763">
        <ele>29.5</ele>
      </trkpt>
      <trkpt lat="37.618064" lon="-5.597427">
        <ele>29.5</ele>
      </trkpt>
      <trkpt lat="37.615589" lon="-5.599768">
        <ele>31.75</ele>
      </trkpt>
      <trkpt lat="37.614578" lon="-5.600769">
        <ele>32</ele>
      </trkpt>
      <trkpt lat="37.613132" lon="-5.602366">
        <ele>31.75</ele>
      </trkpt>
      <trkpt lat="37.61177" lon="-5.604043">
        <ele>31.75</ele>
      </trkpt>
      <trkpt lat="37.610461" lon="-5.605826">
        <ele>32.25</ele>
      </trkpt>
      <trkpt lat="37.609544" lon="-5.607183">
        <ele>31.75</ele>
      </trkpt>
      <trkpt lat="37.608676" lon="-5.608598">
        <ele>32.25</ele>
      </trkpt>
      <trkpt lat="37.607315" lon="-5.610908">
        <ele>32</ele>
      </trkpt>
      <trkpt lat="37.605972" lon="-5.613229">
        <ele>31.25</ele>
      </trkpt>
      <trkpt lat="37.605787" lon="-5.613538">
        <ele>31</ele>
      </trkpt>
      <trkpt lat="37.603058" lon="-5.618241">
        <ele>31.5</ele>
      </trkpt>
      <trkpt lat="37.597646" lon="-5.627538">
        <ele>30.75</ele>
      </trkpt>
      <trkpt lat="37.597388" lon="-5.627984">
        <ele>30.25</ele>
      </trkpt>
      <trkpt lat="37.595936" lon="-5.630469">
        <ele>30.75</ele>
      </trkpt>
      <trkpt lat="37.592224" lon="-5.636857">
        <ele>30.75</ele>
      </trkpt>
      <trkpt lat="37.591484" lon="-5.638156">
        <ele>30.5</ele>
      </trkpt>
      <trkpt lat="37.591104" lon="-5.638875">
        <ele>30.5</ele>
      </trkpt>
      <trkpt lat="37.590723" lon="-5.639624">
        <ele>30.75</ele>
      </trkpt>
      <trkpt lat="37.590307" lon="-5.640473">
        <ele>30</ele>
      </trkpt>
      <trkpt lat="37.58976" lon="-5.641626">
        <ele>29</ele>
      </trkpt>
      <trkpt lat="37.589242" lon="-5.642836">
        <ele>28.25</ele>
      </trkpt>
      <trkpt lat="37.588735" lon="-5.644127">
        <ele>29.25</ele>
      </trkpt>
      <trkpt lat="37.58826" lon="-5.645417">
        <ele>29.5</ele>
      </trkpt>
      <trkpt lat="37.587869" lon="-5.64658">
        <ele>30</ele>
      </trkpt>
      <trkpt lat="37.587413" lon="-5.648014">
        <ele>29.25</ele>
      </trkpt>
      <trkpt lat="37.587082" lon="-5.649233">
        <ele>26.75</ele>
      </trkpt>
      <trkpt lat="37.58696" lon="-5.64967">
        <ele>26.5</ele>
      </trkpt>
      <trkpt lat="37.586733" lon="-5.650578">
        <ele>27.25</ele>
      </trkpt>
      <trkpt lat="37.586232" lon="-5.652819">
        <ele>26.25</ele>
      </trkpt>
      <trkpt lat="37.585984" lon="-5.654206">
        <ele>25.75</ele>
      </trkpt>
      <trkpt lat="37.585751" lon="-5.65559">
        <ele>26.5</ele>
      </trkpt>
      <trkpt lat="37.585391" lon="-5.65864">
        <ele>25.75</ele>
      </trkpt>
      <trkpt lat="37.58528" lon="-5.660222">
        <ele>25.75</ele>
      </trkpt>
      <trkpt lat="37.585204" lon="-5.661795">
        <ele>26.75</ele>
      </trkpt>
      <trkpt lat="37.585162" lon="-5.66329">
        <ele>27.25</ele>
      </trkpt>
      <trkpt lat="37.585173" lon="-5.664793">
        <ele>27</ele>
      </trkpt>
      <trkpt lat="37.585269" lon="-5.668659">
        <ele>26.25</ele>
      </trkpt>
      <trkpt lat="37.585269" lon="-5.668792">
        <ele>26.25</ele>
      </trkpt>
      <trkpt lat="37.585316" lon="-5.670835">
        <ele>24.75</ele>
      </trkpt>
      <trkpt lat="37.585335" lon="-5.671502">
        <ele>26</ele>
      </trkpt>
      <trkpt lat="37.585727" lon="-5.68457">
        <ele>34</ele>
      </trkpt>
      <trkpt lat="37.586115" lon="-5.699337">
        <ele>35.5</ele>
      </trkpt>
      <trkpt lat="37.586183" lon="-5.70154">
        <ele>34.75</ele>
      </trkpt>
      <trkpt lat="37.586359" lon="-5.707492">
        <ele>32.25</ele>
      </trkpt>
      <trkpt lat="37.58653" lon="-5.711774">
        <ele>33.5</ele>
      </trkpt>
      <trkpt lat="37.586803" lon="-5.714973">
        <ele>32</ele>
      </trkpt>
      <trkpt lat="37.587766" lon="-5.724238">
        <ele>32</ele>
      </trkpt>
      <trkpt lat="37.587939" lon="-5.726641">
        <ele>32.75</ele>
      </trkpt>
      <trkpt lat="37.588001" lon="-5.728188">
        <ele>30.25</ele>
      </trkpt>
      <trkpt lat="37.588005" lon="-5.730267">
        <ele>30.25</ele>
      </trkpt>
      <trkpt lat="37.587947" lon="-5.732339">
        <ele>31</ele>
      </trkpt>
      <trkpt lat="37.587865" lon="-5.733632">
        <ele>31</ele>
      </trkpt>
      <trkpt lat="37.587658" lon="-5.735886">
        <ele>30.5</ele>
      </trkpt>
      <trkpt lat="37.587483" lon="-5.7373">
        <ele>29.75</ele>
      </trkpt>
      <trkpt lat="37.587183" lon="-5.739216">
        <ele>29.25</ele>
      </trkpt>
      <trkpt lat="37.586766" lon="-5.741448">
        <ele>29.25</ele>
      </trkpt>
      <trkpt lat="37.583464" lon="-5.758249">
        <ele>30</ele>
      </trkpt>
      <trkpt lat="37.574635" lon="-5.803168">
        <ele>21.5</ele>
      </trkpt>
      <trkpt lat="37.569275" lon="-5.830354">
        <ele>19.25</ele>
      </trkpt>
      <trkpt lat="37.569043" lon="-5.83144">
        <ele>19</ele>
      </trkpt>
      <trkpt lat="37.568789" lon="-5.832548">
        <ele>19.25</ele>
      </trkpt>
      <trkpt lat="37.568163" lon="-5.834859">
        <ele>19.25</ele>
      </trkpt>
      <trkpt lat="37.567557" lon="-5.836797">
        <ele>19</ele>
      </trkpt>
      <trkpt lat="37.566958" lon="-5.838487">
        <ele>20</ele>
      </trkpt>
      <trkpt lat="37.566417" lon="-5.839877">
        <ele>18.5</ele>
      </trkpt>
      <trkpt lat="37.565872" lon="-5.841142">
        <ele>17.25</ele>
      </trkpt>
      <trkpt lat="37.565061" lon="-5.842917">
        <ele>19.25</ele>
      </trkpt>
      <trkpt lat="37.563954" lon="-5.845037">
        <ele>19.5</ele>
      </trkpt>
      <trkpt lat="37.562793" lon="-5.847011">
        <ele>18.5</ele>
      </trkpt>
      <trkpt lat="37.561423" lon="-5.849096">
        <ele>18.25</ele>
      </trkpt>
      <trkpt lat="37.559909" lon="-5.851144">
        <ele>18.75</ele>
      </trkpt>
      <trkpt lat="37.558193" lon="-5.853212">
        <ele>20.25</ele>
      </trkpt>
      <trkpt lat="37.555641" lon="-5.856018">
        <ele>21</ele>
      </trkpt>
      <trkpt lat="37.546321" lon="-5.866312">
        <ele>22</ele>
      </trkpt>
      <trkpt lat="37.487563" lon="-5.931267">
        <ele>15</ele>
      </trkpt>
      <trkpt lat="37.481597" lon="-5.937862">
        <ele>14.5</ele>
      </trkpt>
      <trkpt lat="37.474215" lon="-5.945995">
        <ele>15</ele>
      </trkpt>
      <trkpt lat="37.473542" lon="-5.946724">
        <ele>14.75</ele>
      </trkpt>
      <trkpt lat="37.472959" lon="-5.947338">
        <ele>13.5</ele>
      </trkpt>
      <trkpt lat="37.472503" lon="-5.947804">
        <ele>13.5</ele>
      </trkpt>
      <trkpt lat="37.472142" lon="-5.948159">
        <ele>13.75</ele>
      </trkpt>
      <trkpt lat="37.471472" lon="-5.948776">
        <ele>14.75</ele>
      </trkpt>
      <trkpt lat="37.471022" lon="-5.949208">
        <ele>14</ele>
      </trkpt>
      <trkpt lat="37.470472" lon="-5.949694">
        <ele>14</ele>
      </trkpt>
      <trkpt lat="37.469694" lon="-5.950349">
        <ele>14</ele>
      </trkpt>
      <trkpt lat="37.468994" lon="-5.950907">
        <ele>13.5</ele>
      </trkpt>
      <trkpt lat="37.468143" lon="-5.951545">
        <ele>12.75</ele>
      </trkpt>
      <trkpt lat="37.467637" lon="-5.951911">
        <ele>11.75</ele>
      </trkpt>
      <trkpt lat="37.467083" lon="-5.952299">
        <ele>11</ele>
      </trkpt>
      <trkpt lat="37.465518" lon="-5.953349">
        <ele>10.5</ele>
      </trkpt>
      <trkpt lat="37.463343" lon="-5.954795">
        <ele>11.25</ele>
      </trkpt>
      <trkpt lat="37.459096" lon="-5.957632">
        <ele>9</ele>
      </trkpt>
      <trkpt lat="37.458457" lon="-5.958127">
        <ele>8.75</ele>
      </trkpt>
      <trkpt lat="37.458064" lon="-5.958395">
        <ele>9</ele>
      </trkpt>
      <trkpt lat="37.457425" lon="-5.958801">
        <ele>9.5</ele>
      </trkpt>
      <trkpt lat="37.457161" lon="-5.958966">
        <ele>10.25</ele>
      </trkpt>
      <trkpt lat="37.456875" lon="-5.95913">
        <ele>10.75</ele>
      </trkpt>
      <trkpt lat="37.455165" lon="-5.96006">
        <ele>11.75</ele>
      </trkpt>
      <trkpt lat="37.454791" lon="-5.960216">
        <ele>11.5</ele>
      </trkpt>
      <trkpt lat="37.454477" lon="-5.960329">
        <ele>10.75</ele>
      </trkpt>
      <trkpt lat="37.453968" lon="-5.960486">
        <ele>10.5</ele>
      </trkpt>
      <trkpt lat="37.453552" lon="-5.96058">
        <ele>10.75</ele>
      </trkpt>
      <trkpt lat="37.453473" lon="-5.960598">
        <ele>10.75</ele>
      </trkpt>
      <trkpt lat="37.453398" lon="-5.960614">
        <ele>10.75</ele>
      </trkpt>
      <trkpt lat="37.452939" lon="-5.960717">
        <ele>11.75</ele>
      </trkpt>
      <trkpt lat="37.452482" lon="-5.960831">
        <ele>12.75</ele>
      </trkpt>
      <trkpt lat="37.452141" lon="-5.960904">
        <ele>12.5</ele>
      </trkpt>
      <trkpt lat="37.452052" lon="-5.960924">
        <ele>12.5</ele>
      </trkpt>
      <trkpt lat="37.451044" lon="-5.961155">
        <ele>11</ele>
      </trkpt>
      <trkpt lat="37.450778" lon="-5.96123">
        <ele>11</ele>
      </trkpt>
      <trkpt lat="37.450528" lon="-5.961321">
        <ele>11.5</ele>
      </trkpt>
      <trkpt lat="37.449676" lon="-5.961707">
        <ele>12</ele>
      </trkpt>
      <trkpt lat="37.449353" lon="-5.961841">
        <ele>11.25</ele>
      </trkpt>
      <trkpt lat="37.449036" lon="-5.961938">
        <ele>10.75</ele>
      </trkpt>
      <trkpt lat="37.448748" lon="-5.961998">
        <ele>10.5</ele>
      </trkpt>
      <trkpt lat="37.44852" lon="-5.962024">
        <ele>10.5</ele>
      </trkpt>
      <trkpt lat="37.448261" lon="-5.962035">
        <ele>10.25</ele>
      </trkpt>
      <trkpt lat="37.447856" lon="-5.96201">
        <ele>10.5</ele>
      </trkpt>
      <trkpt lat="37.447638" lon="-5.96198">
        <ele>10.75</ele>
      </trkpt>
      <trkpt lat="37.447378" lon="-5.961917">
        <ele>11</ele>
      </trkpt>
      <trkpt lat="37.447001" lon="-5.961794">
        <ele>11.25</ele>
      </trkpt>
      <trkpt lat="37.446353" lon="-5.961514">
        <ele>12.25</ele>
      </trkpt>
      <trkpt lat="37.44543" lon="-5.96102">
        <ele>11.75</ele>
      </trkpt>
      <trkpt lat="37.444706" lon="-5.960719">
        <ele>10.75</ele>
      </trkpt>
      <trkpt lat="37.44392" lon="-5.9603">
        <ele>10.5</ele>
      </trkpt>
      <trkpt lat="37.442948" lon="-5.959767">
        <ele>12.25</ele>
      </trkpt>
      <trkpt lat="37.442101" lon="-5.959313">
        <ele>11</ele>
      </trkpt>
      <trkpt lat="37.44092" lon="-5.958679">
        <ele>11.25</ele>
      </trkpt>
      <trkpt lat="37.438919" lon="-5.957564">
        <ele>11</ele>
      </trkpt>
      <trkpt lat="37.435827" lon="-5.955885">
        <ele>16</ele>
      </trkpt>
      <trkpt lat="37.43452" lon="-5.955187">
        <ele>18</ele>
      </trkpt>
      <trkpt lat="37.432555" lon="-5.954164">
        <ele>18.75</ele>
      </trkpt>
      <trkpt lat="37.431126" lon="-5.953555">
        <ele>15.75</ele>
      </trkpt>
      <trkpt lat="37.425699" lon="-5.951473">
        <ele>14.5</ele>
      </trkpt>
      <trkpt lat="37.425568" lon="-5.951416">
        <ele>14.75</ele>
      </trkpt>
      <trkpt lat="37.424729" lon="-5.951093">
        <ele>14.75</ele>
      </trkpt>
      <trkpt lat="37.424152" lon="-5.950882">
        <ele>14</ele>
      </trkpt>
      <trkpt lat="37.423694" lon="-5.950707">
        <ele>13.25</ele>
      </trkpt>
      <trkpt lat="37.423093" lon="-5.950507">
        <ele>14.25</ele>
      </trkpt>
      <trkpt lat="37.422797" lon="-5.95042">
        <ele>15.25</ele>
      </trkpt>
      <trkpt lat="37.422398" lon="-5.950363">
        <ele>16.25</ele>
      </trkpt>
      <trkpt lat="37.422008" lon="-5.950329">
        <ele>16.75</ele>
      </trkpt>
      <trkpt lat="37.421591" lon="-5.950343">
        <ele>17</ele>
      </trkpt>
      <trkpt lat="37.421168" lon="-5.950395">
        <ele>17.25</ele>
      </trkpt>
      <trkpt lat="37.420808" lon="-5.950473">
        <ele>17.75</ele>
      </trkpt>
      <trkpt lat="37.420447" lon="-5.950578">
        <ele>17.75</ele>
      </trkpt>
      <trkpt lat="37.420109" lon="-5.950702">
        <ele>17.75</ele>
      </trkpt>
      <trkpt lat="37.41966" lon="-5.950957">
        <ele>17.75</ele>
      </trkpt>
      <trkpt lat="37.419374" lon="-5.951131">
        <ele>17.25</ele>
      </trkpt>
      <trkpt lat="37.418967" lon="-5.951426">
        <ele>16.5</ele>
      </trkpt>
      <trkpt lat="37.418475" lon="-5.951803">
        <ele>15.25</ele>
      </trkpt>
      <trkpt lat="37.416936" lon="-5.952946">
        <ele>15.75</ele>
      </trkpt>
      <trkpt lat="37.416837" lon="-5.953019">
        <ele>16</ele>
      </trkpt>
      <trkpt lat="37.416643" lon="-5.95317">
        <ele>16.5</ele>
      </trkpt>
      <trkpt lat="37.415736" lon="-5.953836">
        <ele>19.5</ele>
      </trkpt>
      <trkpt lat="37.412949" lon="-5.955908">
        <ele>18</ele>
      </trkpt>
      <trkpt lat="37.412307" lon="-5.956329">
        <ele>18.75</ele>
      </trkpt>
      <trkpt lat="37.411346" lon="-5.956886">
        <ele>18.5</ele>
      </trkpt>
      <trkpt lat="37.405492" lon="-5.960174">
        <ele>16.5</ele>
      </trkpt>
      <trkpt lat="37.404719" lon="-5.960607">
        <ele>14.25</ele>
      </trkpt>
      <trkpt lat="37.403079" lon="-5.961542">
        <ele>13.5</ele>
      </trkpt>
      <trkpt lat="37.402651" lon="-5.961856">
        <ele>13.25</ele>
      </trkpt>
      <trkpt lat="37.402432" lon="-5.962041">
        <ele>13</ele>
      </trkpt>
      <trkpt lat="37.402252" lon="-5.962218">
        <ele>13</ele>
      </trkpt>
      <trkpt lat="37.401817" lon="-5.96271">
        <ele>12.5</ele>
      </trkpt>
      <trkpt lat="37.399924" lon="-5.965097">
        <ele>11.25</ele>
      </trkpt>
      <trkpt lat="37.399096" lon="-5.966129">
        <ele>11.5</ele>
      </trkpt>
      <trkpt lat="37.398017" lon="-5.967581">
        <ele>12.25</ele>
      </trkpt>
      <trkpt lat="37.397847" lon="-5.967793">
        <ele>11.75</ele>
      </trkpt>
      <trkpt lat="37.397204" lon="-5.968601">
        <ele>9.75</ele>
      </trkpt>
      <trkpt lat="37.396709" lon="-5.96922">
        <ele>8</ele>
      </trkpt>
      <trkpt lat="37.396572" lon="-5.969402">
        <ele>8.25</ele>
      </trkpt>
      <trkpt lat="37.396344" lon="-5.969741">
        <ele>8.5</ele>
      </trkpt>
      <trkpt lat="37.396222" lon="-5.969948">
        <ele>8.25</ele>
      </trkpt>
      <trkpt lat="37.396096" lon="-5.970198">
        <ele>8</ele>
      </trkpt>
      <trkpt lat="37.395986" lon="-5.970394">
        <ele>8</ele>
      </trkpt>
      <trkpt lat="37.395815" lon="-5.970669">
        <ele>8</ele>
      </trkpt>
      <trkpt lat="37.395675" lon="-5.970869">
        <ele>7.75</ele>
      </trkpt>
      <trkpt lat="37.395563" lon="-5.971019">
        <ele>7.5</ele>
      </trkpt>
      <trkpt lat="37.394345" lon="-5.972562">
        <ele>15</ele>
      </trkpt>
      <trkpt lat="37.392301" lon="-5.975127">
        <ele>15</ele>
      </trkpt>
      <trkpt lat="37.391885" lon="-5.975636">
        <ele>15</ele>
      </trkpt>
      <trkpt lat="37.391845" lon="-5.975677">
        <ele>15</ele>
      </trkpt>
    </trkseg>
  </trk>
  <trk>
    <name>L030</name>
    <trkseg>
      <trkpt lat="37.839988" lon="-4.941422">
        <ele>85.75</ele>
      </trkpt>
      <trkpt lat="37.839942" lon="-4.941577">
        <ele>86</ele>
      </trkpt>
      <trkpt lat="37.838944" lon="-4.945106">
        <ele>87.25</ele>
      </trkpt>
      <trkpt lat="37.838155" lon="-4.947849">
        <ele>86.5</ele>
      </trkpt>
      <trkpt lat="37.837235" lon="-4.950804">
        <ele>87.25</ele>
      </trkpt>
      <trkpt lat="37.836644" lon="-4.952483">
        <ele>85.75</ele>
      </trkpt>
      <trkpt lat="37.836281" lon="-4.953436">
        <ele>86.75</ele>
      </trkpt>
      <trkpt lat="37.835115" lon="-4.956217">
        <ele>85.75</ele>
      </trkpt>
      <trkpt lat="37.834543" lon="-4.957467">
        <ele>83</ele>
      </trkpt>
      <trkpt lat="37.833979" lon="-4.958629">
        <ele>84.5</ele>
      </trkpt>
      <trkpt lat="37.833353" lon="-4.959838">
        <ele>83.75</ele>
      </trkpt>
      <trkpt lat="37.832081" lon="-4.962128">
        <ele>84.25</ele>
      </trkpt>
      <trkpt lat="37.830225" lon="-4.965125">
        <ele>83.5</ele>
      </trkpt>
      <trkpt lat="37.829169" lon="-4.966701">
        <ele>83.25</ele>
      </trkpt>
      <trkpt lat="37.827517" lon="-4.969011">
        <ele>82.75</ele>
      </trkpt>
      <trkpt lat="37.8264" lon="-4.970493">
        <ele>82.25</ele>
      </trkpt>
      <trkpt lat="37.82573" lon="-4.971348">
        <ele>82</ele>
      </trkpt>
      <trkpt lat="37.824267" lon="-4.973146">
        <ele>82.25</ele>
      </trkpt>
      <trkpt lat="37.820578" lon="-4.977089">
        <ele>80.75</ele>
      </trkpt>
      <trkpt lat="37.820091" lon="-4.977564">
        <ele>80.75</ele>
      </trkpt>
      <trkpt lat="37.819522" lon="-4.978113">
        <ele>80.5</ele>
      </trkpt>
      <trkpt lat="37.816404" lon="-4.980908">
        <ele>78</ele>
      </trkpt>
      <trkpt lat="37.81464" lon="-4.982296">
        <ele>78</ele>
      </trkpt>
      <trkpt lat="37.810439" lon="-4.985362">
        <ele>78.25</ele>
      </trkpt>
      <trkpt lat="37.80901" lon="-4.986406">
        <ele>76.75</ele>
      </trkpt>
      <trkpt lat="37.801933" lon="-4.991469">
        <ele>75.5</ele>
      </trkpt>
      <trkpt lat="37.798138" lon="-4.994156">
        <ele>76.5</ele>
      </trkpt>
      <trkpt lat="37.797636" lon="-4.994549">
        <ele>79.25</ele>
      </trkpt>
      <trkpt lat="37.793439" lon="-4.997526">
        <ele>83</ele>
      </trkpt>
      <trkpt lat="37.791655" lon="-4.998781">
        <ele>86.5</ele>
      </trkpt>
      <trkpt lat="37.791492" lon="-4.998908">
        <ele>89.5</ele>
      </trkpt>
      <trkpt lat="37.786657" lon="-5.002378">
        <ele>107</ele>
      </trkpt>
      <trkpt lat="37.783891" lon="-5.004327">
        <ele>90</ele>
      </trkpt>
      <trkpt lat="37.780609" lon="-5.00668">
        <ele>90.25</ele>
      </trkpt>
      <trkpt lat="37.777982" lon="-5.008485">
        <ele>103.75</ele>
      </trkpt>
      <trkpt lat="37.775578" lon="-5.010017">
        <ele>122</ele>
      </trkpt>
      <trkpt lat="37.773335" lon="-5.011319">
        <ele>136.25</ele>
      </trkpt>
      <trkpt lat="37.771059" lon="-5.012522">
        <ele>132.75</ele>
      </trkpt>
      <trkpt lat="37.768511" lon="-5.013754">
        <ele>118.5</ele>
      </trkpt>
      <trkpt lat="37.765883" lon="-5.014876">
        <ele>130.5</ele>
      </trkpt>
      <trkpt lat="37.760846" lon="-5.016661">
        <ele>115.5</ele>
      </trkpt>
      <trkpt lat="37.759784" lon="-5.017018">
        <ele>112.5</ele>
      </trkpt>
      <trkpt lat="37.75865" lon="-5.017324">
        <ele>109</ele>
      </trkpt>
      <trkpt lat="37.756407" lon="-5.017855">
        <ele>102.75</ele>
      </trkpt>
      <trkpt lat="37.752874" lon="-5.018486">
        <ele>102.75</ele>
      </trkpt>
      <trkpt lat="37.750731" lon="-5.01878">
        <ele>111.5</ele>
      </trkpt>
      <trkpt lat="37.748552" lon="-5.019027">
        <ele>113.75</ele>
      </trkpt>
      <trkpt lat="37.74567" lon="-5.019225">
        <ele>131.5</ele>
      </trkpt>
      <trkpt lat="37.744868" lon="-5.019257">
        <ele>137.25</ele>
      </trkpt>
      <trkpt lat="37.744138" lon="-5.019241">
        <ele>141</ele>
      </trkpt>
      <trkpt lat="37.743627" lon="-5.019246">
        <ele>139.25</ele>
      </trkpt>
      <trkpt lat="37.741796" lon="-5.019244">
        <ele>138</ele>
      </trkpt>
      <trkpt lat="37.739953" lon="-5.019171">
        <ele>131</ele>
      </trkpt>
      <trkpt lat="37.737647" lon="-5.018991">
        <ele>146.5</ele>
      </trkpt>
      <trkpt lat="37.735922" lon="-5.018788">
        <ele>152</ele>
      </trkpt>
      <trkpt lat="37.733199" lon="-5.018387">
        <ele>138</ele>
      </trkpt>
      <trkpt lat="37.732011" lon="-5.01817">
        <ele>135.25</ele>
      </trkpt>
      <trkpt lat="37.72935" lon="-5.017578">
        <ele>143</ele>
      </trkpt>
      <trkpt lat="37.728755" lon="-5.017432">
        <ele>142</ele>
      </trkpt>
      <trkpt lat="37.726058" lon="-5.016634">
        <ele>151</ele>
      </trkpt>
      <trkpt lat="37.723074" lon="-5.015691">
        <ele>156</ele>
      </trkpt>
      <trkpt lat="37.719614" lon="-5.014536">
        <ele>159</ele>
      </trkpt>
      <trkpt lat="37.718079" lon="-5.014041">
        <ele>158</ele>
      </trkpt>
      <trkpt lat="37.716422" lon="-5.013488">
        <ele>167.75</ele>
      </trkpt>
      <trkpt lat="37.710992" lon="-5.011693">
        <ele>173.5</ele>
      </trkpt>
      <trkpt lat="37.708036" lon="-5.010668">
        <ele>174.75</ele>
      </trkpt>
      <trkpt lat="37.705101" lon="-5.009506">
        <ele>174.25</ele>
      </trkpt>
      <trkpt lat="37.702357" lon="-5.008277">
        <ele>176</ele>
      </trkpt>
      <trkpt lat="37.70102" lon="-5.007617">
        <ele>177.5</ele>
      </trkpt>
      <trkpt lat="37.696707" lon="-5.005247">
        <ele>178.25</ele>
      </trkpt>
      <trkpt lat="37.694683" lon="-5.003971">
        <ele>181.25</ele>
      </trkpt>
      <trkpt lat="37.692656" lon="-5.002598">
        <ele>179</ele>
      </trkpt>
      <trkpt lat="37.689191" lon="-5.000024">
        <ele>180.75</ele>
      </trkpt>
      <trkpt lat="37.687156" lon="-4.998335">
        <ele>179</ele>
      </trkpt>
      <trkpt lat="37.683554" lon="-4.995157">
        <ele>185</ele>
      </trkpt>
      <trkpt lat="37.674794" lon="-4.987311">
        <ele>180.75</ele>
      </trkpt>
      <trkpt lat="37.670837" lon="-4.983751">
        <ele>185.75</ele>
      </trkpt>
      <trkpt lat="37.667203" lon="-4.98042">
        <ele>188</ele>
      </trkpt>
      <trkpt lat="37.664936" lon="-4.978186">
        <ele>192.5</ele>
      </trkpt>
      <trkpt lat="37.662717" lon="-4.975845">
        <ele>185.75</ele>
      </trkpt>
      <trkpt lat="37.660978" lon="-4.973903">
        <ele>190.5</ele>
      </trkpt>
      <trkpt lat="37.65931" lon="-4.971936">
        <ele>189.5</ele>
      </trkpt>
      <trkpt lat="37.657266" lon="-4.969374">
        <ele>195</ele>
      </trkpt>
      <trkpt lat="37.656271" lon="-4.968081">
        <ele>194.75</ele>
      </trkpt>
      <trkpt lat="37.655273" lon="-4.966748">
        <ele>198.5</ele>
      </trkpt>
      <trkpt lat="37.652214" lon="-4.962333">
        <ele>204.5</ele>
      </trkpt>
      <trkpt lat="37.650048" lon="-4.958932">
        <ele>201</ele>
      </trkpt>
      <trkpt lat="37.648732" lon="-4.956708">
        <ele>203.5</ele>
      </trkpt>
      <trkpt lat="37.648063" lon="-4.955526">
        <ele>204</ele>
      </trkpt>
      <trkpt lat="37.646116" lon="-4.951916">
        <ele>202.25</ele>
      </trkpt>
      <trkpt lat="37.643634" lon="-4.946999">
        <ele>198.25</ele>
      </trkpt>
      <trkpt lat="37.642087" lon="-4.94392">
        <ele>203.75</ele>
      </trkpt>
      <trkpt lat="37.638783" lon="-4.937985">
        <ele>207.25</ele>
      </trkpt>
      <trkpt lat="37.636658" lon="-4.934544">
        <ele>209.5</ele>
      </trkpt>
      <trkpt lat="37.63455" lon="-4.931389">
        <ele>211.25</ele>
      </trkpt>
      <trkpt lat="37.632081" lon="-4.927968">
        <ele>214.5</ele>
      </trkpt>
      <trkpt lat="37.630478" lon="-4.925895">
        <ele>218.25</ele>
      </trkpt>
      <trkpt lat="37.628847" lon="-4.92389">
        <ele>219</ele>
      </trkpt>
      <trkpt lat="37.626293" lon="-4.920941">
        <ele>221.75</ele>
      </trkpt>
      <trkpt lat="37.622758" lon="-4.917213">
        <ele>220.75</ele>
      </trkpt>
      <trkpt lat="37.621268" lon="-4.915752">
        <ele>223.5</ele>
      </trkpt>
      <trkpt lat="37.619089" lon="-4.913729">
        <ele>225</ele>
      </trkpt>
      <trkpt lat="37.616717" lon="-4.911653">
        <ele>224</ele>
      </trkpt>
      <trkpt lat="37.615264" lon="-4.910469">
        <ele>225.5</ele>
      </trkpt>
      <trkpt lat="37.612872" lon="-4.908607">
        <ele>226</ele>
      </trkpt>
      <trkpt lat="37.61019" lon="-4.906661">
        <ele>222.5</ele>
      </trkpt>
      <trkpt lat="37.607473" lon="-4.904778">
        <ele>217.75</ele>
      </trkpt>
      <trkpt lat="37.605095" lon="-4.903116">
        <ele>204.75</ele>
      </trkpt>
      <trkpt lat="37.592887" lon="-4.894686">
        <ele>195.75</ele>
      </trkpt>
      <trkpt lat="37.590898" lon="-4.893305">
        <ele>192</ele>
      </trkpt>
      <trkpt lat="37.584008" lon="-4.888528">
        <ele>173.5</ele>
      </trkpt>
      <trkpt lat="37.57889" lon="-4.884978">
        <ele>175.5</ele>
      </trkpt>
      <trkpt lat="37.576417" lon="-4.883293">
        <ele>169.5</ele>
      </trkpt>
      <trkpt lat="37.573525" lon="-4.881265">
        <ele>163</ele>
      </trkpt>
      <trkpt lat="37.57074" lon="-4.879342">
        <ele>165.5</ele>
      </trkpt>
      <trkpt lat="37.568179" lon="-4.877646">
        <ele>162</ele>
      </trkpt>
      <trkpt lat="37.566637" lon="-4.876697">
        <ele>160</ele>
      </trkpt>
      <trkpt lat="37.562488" lon="-4.874364">
        <ele>155</ele>
      </trkpt>
      <trkpt lat="37.558644" lon="-4.872438">
        <ele>150.5</ele>
      </trkpt>
      <trkpt lat="37.557615" lon="-4.871969">
        <ele>150.5</ele>
      </trkpt>
      <trkpt lat="37.556073" lon="-4.871296">
        <ele>155.25</ele>
      </trkpt>
      <trkpt lat="37.554422" lon="-4.870629">
        <ele>157.5</ele>
      </trkpt>
      <trkpt lat="37.554281" lon="-4.870579">
        <ele>158.25</ele>
      </trkpt>
      <trkpt lat="37.551686" lon="-4.869608">
        <ele>167.75</ele>
      </trkpt>
      <trkpt lat="37.550007" lon="-4.869043">
        <ele>170.75</ele>
      </trkpt>
      <trkpt lat="37.547826" lon="-4.868378">
        <ele>163.5</ele>
      </trkpt>
      <trkpt lat="37.54609" lon="-4.867898">
        <ele>164.5</ele>
      </trkpt>
      <trkpt lat="37.544428" lon="-4.867467">
        <ele>167.75</ele>
      </trkpt>
      <trkpt lat="37.539998" lon="-4.866545">
        <ele>166.5</ele>
      </trkpt>
      <trkpt lat="37.539789" lon="-4.866515">
        <ele>165</ele>
      </trkpt>
      <trkpt lat="37.537852" lon="-4.866206">
        <ele>164.75</ele>
      </trkpt>
      <trkpt lat="37.535589" lon="-4.8659">
        <ele>175.5</ele>
      </trkpt>
      <trkpt lat="37.532714" lon="-4.865651">
        <ele>173.25</ele>
      </trkpt>
      <trkpt lat="37.530394" lon="-4.865522">
        <ele>171.25</ele>
      </trkpt>
      <trkpt lat="37.527513" lon="-4.865449">
        <ele>166.75</ele>
      </trkpt>
      <trkpt lat="37.524625" lon="-4.865507">
        <ele>166.75</ele>
      </trkpt>
      <trkpt lat="37.522331" lon="-4.865646">
        <ele>167</ele>
      </trkpt>
      <trkpt lat="37.520033" lon="-4.865838">
        <ele>158.25</ele>
      </trkpt>
      <trkpt lat="37.518296" lon="-4.866046">
        <ele>156</ele>
      </trkpt>
      <trkpt lat="37.514375" lon="-4.866596">
        <ele>153.75</ele>
      </trkpt>
      <trkpt lat="37.510144" lon="-4.867202">
        <ele>149</ele>
      </trkpt>
      <trkpt lat="37.508075" lon="-4.867494">
        <ele>155</ele>
      </trkpt>
      <trkpt lat="37.5064" lon="-4.867721">
        <ele>166.5</ele>
      </trkpt>
      <trkpt lat="37.496658" lon="-4.869117">
        <ele>176.5</ele>
      </trkpt>
      <trkpt lat="37.488775" lon="-4.870235">
        <ele>171.5</ele>
      </trkpt>
      <trkpt lat="37.488655" lon="-4.870249">
        <ele>172.25</ele>
      </trkpt>
      <trkpt lat="37.478601" lon="-4.871683">
        <ele>191.25</ele>
      </trkpt>
      <trkpt lat="37.472299" lon="-4.872554">
        <ele>181.75</ele>
      </trkpt>
      <trkpt lat="37.470584" lon="-4.87276">
        <ele>178.5</ele>
      </trkpt>
      <trkpt lat="37.468847" lon="-4.872928">
        <ele>174</ele>
      </trkpt>
      <trkpt lat="37.467146" lon="-4.873031">
        <ele>171.25</ele>
      </trkpt>
      <trkpt lat="37.464844" lon="-4.873108">
        <ele>173</ele>
      </trkpt>
      <trkpt lat="37.46261" lon="-4.873097">
        <ele>166</ele>
      </trkpt>
      <trkpt lat="37.460297" lon="-4.873011">
        <ele>181.25</ele>
      </trkpt>
      <trkpt lat="37.458256" lon="-4.872862">
        <ele>184</ele>
      </trkpt>
      <trkpt lat="37.455554" lon="-4.872577">
        <ele>171.75</ele>
      </trkpt>
      <trkpt lat="37.453619" lon="-4.872299">
        <ele>172.75</ele>
      </trkpt>
      <trkpt lat="37.4521" lon="-4.872055">
        <ele>173.5</ele>
      </trkpt>
      <trkpt lat="37.450628" lon="-4.871736">
        <ele>174.5</ele>
      </trkpt>
      <trkpt lat="37.449416" lon="-4.871463">
        <ele>174.5</ele>
      </trkpt>
      <trkpt lat="37.448348" lon="-4.871205">
        <ele>178</ele>
      </trkpt>
      <trkpt lat="37.446725" lon="-4.870782">
        <ele>171</ele>
      </trkpt>
      <trkpt lat="37.445036" lon="-4.8703">
        <ele>157.5</ele>
      </trkpt>
      <trkpt lat="37.443348" lon="-4.869769">
        <ele>158</ele>
      </trkpt>
      <trkpt lat="37.44114" lon="-4.86899">
        <ele>173.75</ele>
      </trkpt>
      <trkpt lat="37.438445" lon="-4.867932">
        <ele>190.5</ele>
      </trkpt>
      <trkpt lat="37.436795" lon="-4.867198">
        <ele>185.75</ele>
      </trkpt>
      <trkpt lat="37.434315" lon="-4.866041">
        <ele>198.5</ele>
      </trkpt>
      <trkpt lat="37.425357" lon="-4.861534">
        <ele>186.5</ele>
      </trkpt>
      <trkpt lat="37.417986" lon="-4.857811">
        <ele>192.75</ele>
      </trkpt>
      <trkpt lat="37.411881" lon="-4.854737">
        <ele>197.75</ele>
      </trkpt>
      <trkpt lat="37.410456" lon="-4.854008">
        <ele>199</ele>
      </trkpt>
      <trkpt lat="37.40907" lon="-4.853285">
        <ele>200.25</ele>
      </trkpt>
      <trkpt lat="37.407481" lon="-4.852418">
        <ele>201.5</ele>
      </trkpt>
      <trkpt lat="37.406246" lon="-4.851707">
        <ele>202.75</ele>
      </trkpt>
      <trkpt lat="37.404918" lon="-4.850905">
        <ele>202.75</ele>
      </trkpt>
      <trkpt lat="37.400946" lon="-4.848338">
        <ele>214</ele>
      </trkpt>
      <trkpt lat="37.394686" lon="-4.84375">
        <ele>215</ele>
      </trkpt>
      <trkpt lat="37.390721" lon="-4.84082">
        <ele>237.75</ele>
      </trkpt>
      <trkpt lat="37.387239" lon="-4.838436">
        <ele>258.75</ele>
      </trkpt>
      <trkpt lat="37.384291" lon="-4.836604">
        <ele>267.5</ele>
      </trkpt>
      <trkpt lat="37.379046" lon="-4.833604">
        <ele>271.75</ele>
      </trkpt>
      <trkpt lat="37.373346" lon="-4.830362">
        <ele>253.75</ele>
      </trkpt>
      <trkpt lat="37.369591" lon="-4.82823">
        <ele>245.75</ele>
      </trkpt>
      <trkpt lat="37.369156" lon="-4.827974">
        <ele>246.75</ele>
      </trkpt>
      <trkpt lat="37.368558" lon="-4.827593">
        <ele>248.75</ele>
      </trkpt>
      <trkpt lat="37.368124" lon="-4.827337">
        <ele>250.75</ele>
      </trkpt>
      <trkpt lat="37.36521" lon="-4.825682">
        <ele>276</ele>
      </trkpt>
      <trkpt lat="37.364052" lon="-4.824963">
        <ele>284.25</ele>
      </trkpt>
      <trkpt lat="37.363575" lon="-4.824663">
        <ele>286</ele>
      </trkpt>
      <trkpt lat="37.360488" lon="-4.822934">
        <ele>293</ele>
      </trkpt>
      <trkpt lat="37.358965" lon="-4.822144">
        <ele>288.5</ele>
      </trkpt>
      <trkpt lat="37.355615" lon="-4.820434">
        <ele>283.5</ele>
      </trkpt>
      <trkpt lat="37.353084" lon="-4.819192">
        <ele>278</ele>
      </trkpt>
      <trkpt lat="37.352631" lon="-4.818984">
        <ele>280.5</ele>
      </trkpt>
      <trkpt lat="37.352051" lon="-4.81873">
        <ele>282.5</ele>
      </trkpt>
      <trkpt lat="37.350876" lon="-4.818205">
        <ele>286</ele>
      </trkpt>
      <trkpt lat="37.341777" lon="-4.813722">
        <ele>309.75</ele>
      </trkpt>
      <trkpt lat="37.334672" lon="-4.810221">
        <ele>308</ele>
      </trkpt>
      <trkpt lat="37.308092" lon="-4.797132">
        <ele>309</ele>
      </trkpt>
      <trkpt lat="37.295532" lon="-4.790961">
        <ele>322.25</ele>
      </trkpt>
      <trkpt lat="37.295391" lon="-4.790895">
        <ele>322.25</ele>
      </trkpt>
      <trkpt lat="37.293112" lon="-4.789854">
        <ele>334.5</ele>
      </trkpt>
      <trkpt lat="37.291053" lon="-4.788989">
        <ele>347.75</ele>
      </trkpt>
      <trkpt lat="37.288845" lon="-4.788137">
        <ele>354.75</ele>
      </trkpt>
      <trkpt lat="37.28606" lon="-4.787203">
        <ele>362</ele>
      </trkpt>
      <trkpt lat="37.285015" lon="-4.786889">
        <ele>364</ele>
      </trkpt>
      <trkpt lat="37.283266" lon="-4.786394">
        <ele>365.75</ele>
      </trkpt>
      <trkpt lat="37.281001" lon="-4.785813">
        <ele>367</ele>
      </trkpt>
      <trkpt lat="37.279294" lon="-4.78542">
        <ele>366.25</ele>
      </trkpt>
      <trkpt lat="37.276463" lon="-4.784739">
        <ele>364</ele>
      </trkpt>
      <trkpt lat="37.274768" lon="-4.78429">
        <ele>360.25</ele>
      </trkpt>
      <trkpt lat="37.272619" lon="-4.783672">
        <ele>358.5</ele>
      </trkpt>
      <trkpt lat="37.271115" lon="-4.783169">
        <ele>354</ele>
      </trkpt>
      <trkpt lat="37.26886" lon="-4.782347">
        <ele>356.75</ele>
      </trkpt>
      <trkpt lat="37.26679" lon="-4.781504">
        <ele>361</ele>
      </trkpt>
      <trkpt lat="37.263013" lon="-4.779752">
        <ele>366.75</ele>
      </trkpt>
      <trkpt lat="37.260655" lon="-4.778512">
        <ele>363.75</ele>
      </trkpt>
      <trkpt lat="37.258385" lon="-4.777195">
        <ele>359.5</ele>
      </trkpt>
      <trkpt lat="37.257352" lon="-4.776559">
        <ele>363.5</ele>
      </trkpt>
      <trkpt lat="37.255308" lon="-4.775216">
        <ele>372</ele>
      </trkpt>
      <trkpt lat="37.253407" lon="-4.77387">
        <ele>371.75</ele>
      </trkpt>
      <trkpt lat="37.251446" lon="-4.772394">
        <ele>367.25</ele>
      </trkpt>
      <trkpt lat="37.249427" lon="-4.770752">
        <ele>367.5</ele>
      </trkpt>
      <trkpt lat="37.247159" lon="-4.768768">
        <ele>364.75</ele>
      </trkpt>
      <trkpt lat="37.244576" lon="-4.766264">
        <ele>364.75</ele>
      </trkpt>
      <trkpt lat="37.243247" lon="-4.764869">
        <ele>364.75</ele>
      </trkpt>
      <trkpt lat="37.242226" lon="-4.763842">
        <ele>364.75</ele>
      </trkpt>
      <trkpt lat="37.241427" lon="-4.762987">
        <ele>365</ele>
      </trkpt>
      <trkpt lat="37.23935" lon="-4.760597">
        <ele>381</ele>
      </trkpt>
      <trkpt lat="37.237053" lon="-4.757729">
        <ele>384.25</ele>
      </trkpt>
      <trkpt lat="37.23574" lon="-4.755948">
        <ele>390.5</ele>
      </trkpt>
      <trkpt lat="37.234221" lon="-4.753775">
        <ele>400.5</ele>
      </trkpt>
      <trkpt lat="37.232761" lon="-4.751551">
        <ele>403</ele>
      </trkpt>
      <trkpt lat="37.230336" lon="-4.747519">
        <ele>425.5</ele>
      </trkpt>
      <trkpt lat="37.228653" lon="-4.744571">
        <ele>425.25</ele>
      </trkpt>
      <trkpt lat="37.22659" lon="-4.74105">
        <ele>412.25</ele>
      </trkpt>
      <trkpt lat="37.225533" lon="-4.739338">
        <ele>408</ele>
      </trkpt>
      <trkpt lat="37.223889" lon="-4.736863">
        <ele>404</ele>
      </trkpt>
      <trkpt lat="37.222187" lon="-4.734464">
        <ele>402.25</ele>
      </trkpt>
      <trkpt lat="37.220596" lon="-4.732378">
        <ele>406</ele>
      </trkpt>
      <trkpt lat="37.219327" lon="-4.73079">
        <ele>407</ele>
      </trkpt>
      <trkpt lat="37.217672" lon="-4.728855">
        <ele>408.75</ele>
      </trkpt>
      <trkpt lat="37.215917" lon="-4.726925">
        <ele>415.75</ele>
      </trkpt>
      <trkpt lat="37.214587" lon="-4.72554">
        <ele>419</ele>
      </trkpt>
      <trkpt lat="37.212779" lon="-4.723757">
        <ele>426.75</ele>
      </trkpt>
      <trkpt lat="37.210457" lon="-4.721628">
        <ele>430.5</ele>
      </trkpt>
      <trkpt lat="37.209229" lon="-4.720527">
        <ele>435</ele>
      </trkpt>
      <trkpt lat="37.207569" lon="-4.719222">
        <ele>441.5</ele>
      </trkpt>
      <trkpt lat="37.206111" lon="-4.718097">
        <ele>442.5</ele>
      </trkpt>
      <trkpt lat="37.204699" lon="-4.717065">
        <ele>450.25</ele>
      </trkpt>
      <trkpt lat="37.202775" lon="-4.715751">
        <ele>466.75</ele>
      </trkpt>
      <trkpt lat="37.201242" lon="-4.714747">
        <ele>467.25</ele>
      </trkpt>
      <trkpt lat="37.199692" lon="-4.71381">
        <ele>461</ele>
      </trkpt>
      <trkpt lat="37.198639" lon="-4.713204">
        <ele>457.5</ele>
      </trkpt>
      <trkpt lat="37.196516" lon="-4.712057">
        <ele>450.5</ele>
      </trkpt>
      <trkpt lat="37.193927" lon="-4.710792">
        <ele>455.75</ele>
      </trkpt>
      <trkpt lat="37.191748" lon="-4.709839">
        <ele>462.25</ele>
      </trkpt>
      <trkpt lat="37.19011" lon="-4.709182">
        <ele>463</ele>
      </trkpt>
      <trkpt lat="37.188449" lon="-4.708565">
        <ele>457.5</ele>
      </trkpt>
      <trkpt lat="37.186781" lon="-4.708001">
        <ele>449.75</ele>
      </trkpt>
      <trkpt lat="37.184521" lon="-4.707317">
        <ele>446</ele>
      </trkpt>
      <trkpt lat="37.182269" lon="-4.706734">
        <ele>447</ele>
      </trkpt>
      <trkpt lat="37.180008" lon="-4.70625">
        <ele>451.25</ele>
      </trkpt>
      <trkpt lat="37.176845" lon="-4.70571">
        <ele>447.5</ele>
      </trkpt>
      <trkpt lat="37.174844" lon="-4.705472">
        <ele>449.75</ele>
      </trkpt>
      <trkpt lat="37.172542" lon="-4.705274">
        <ele>450</ele>
      </trkpt>
      <trkpt lat="37.170251" lon="-4.705165">
        <ele>443.25</ele>
      </trkpt>
      <trkpt lat="37.167939" lon="-4.705147">
        <ele>442.5</ele>
      </trkpt>
      <trkpt lat="37.165249" lon="-4.705225">
        <ele>441</ele>
      </trkpt>
      <trkpt lat="37.163358" lon="-4.705379">
        <ele>437.5</ele>
      </trkpt>
      <trkpt lat="37.162247" lon="-4.705492">
        <ele>435</ele>
      </trkpt>
      <trkpt lat="37.160613" lon="-4.705705">
        <ele>435</ele>
      </trkpt>
      <trkpt lat="37.158319" lon="-4.70607">
        <ele>437.5</ele>
      </trkpt>
      <trkpt lat="37.156046" lon="-4.706522">
        <ele>434</ele>
      </trkpt>
      <trkpt lat="37.153769" lon="-4.707068">
        <ele>431.5</ele>
      </trkpt>
      <trkpt lat="37.151517" lon="-4.7077">
        <ele>427.75</ele>
      </trkpt>
      <trkpt lat="37.149857" lon="-4.708233">
        <ele>428.25</ele>
      </trkpt>
      <trkpt lat="37.146518" lon="-4.709448">
        <ele>437.75</ele>
      </trkpt>
      <trkpt lat="37.14234" lon="-4.711052">
        <ele>440</ele>
      </trkpt>
      <trkpt lat="37.137802" lon="-4.712828">
        <ele>455.5</ele>
      </trkpt>
      <trkpt lat="37.137283" lon="-4.71301">
        <ele>454.5</ele>
      </trkpt>
      <trkpt lat="37.13652" lon="-4.713289">
        <ele>450.5</ele>
      </trkpt>
      <trkpt lat="37.13309" lon="-4.714626">
        <ele>445</ele>
      </trkpt>
      <trkpt lat="37.123144" lon="-4.718483">
        <ele>446</ele>
      </trkpt>
      <trkpt lat="37.120935" lon="-4.719325">
        <ele>436.75</ele>
      </trkpt>
      <trkpt lat="37.117933" lon="-4.720485">
        <ele>429</ele>
      </trkpt>
      <trkpt lat="37.115545" lon="-4.721306">
        <ele>428.25</ele>
      </trkpt>
      <trkpt lat="37.114488" lon="-4.721641">
        <ele>427.5</ele>
      </trkpt>
      <trkpt lat="37.113441" lon="-4.721946">
        <ele>429.25</ele>
      </trkpt>
      <trkpt lat="37.111182" lon="-4.722543">
        <ele>440.25</ele>
      </trkpt>
      <trkpt lat="37.10947" lon="-4.722936">
        <ele>448.5</ele>
      </trkpt>
      <trkpt lat="37.107847" lon="-4.723252">
        <ele>459.5</ele>
      </trkpt>
      <trkpt lat="37.104922" lon="-4.723709">
        <ele>475.5</ele>
      </trkpt>
      <trkpt lat="37.102623" lon="-4.723956">
        <ele>477.75</ele>
      </trkpt>
      <trkpt lat="37.099687" lon="-4.724132">
        <ele>468.5</ele>
      </trkpt>
      <trkpt lat="37.096809" lon="-4.72418">
        <ele>459.25</ele>
      </trkpt>
      <trkpt lat="37.093905" lon="-4.724056">
        <ele>453.5</ele>
      </trkpt>
      <trkpt lat="37.090148" lon="-4.72372">
        <ele>444.75</ele>
      </trkpt>
      <trkpt lat="37.088544" lon="-4.723487">
        <ele>442</ele>
      </trkpt>
      <trkpt lat="37.08723" lon="-4.723254">
        <ele>441.75</ele>
      </trkpt>
      <trkpt lat="37.086928" lon="-4.723214">
        <ele>440.5</ele>
      </trkpt>
      <trkpt lat="37.083565" lon="-4.722497">
        <ele>432.25</ele>
      </trkpt>
      <trkpt lat="37.082864" lon="-4.722347">
        <ele>431.25</ele>
      </trkpt>
      <trkpt lat="37.082159" lon="-4.722209">
        <ele>430.25</ele>
      </trkpt>
      <trkpt lat="37.081414" lon="-4.722046">
        <ele>428</ele>
      </trkpt>
      <trkpt lat="37.080708" lon="-4.72191">
        <ele>425.75</ele>
      </trkpt>
      <trkpt lat="37.080004" lon="-4.721758">
        <ele>423</ele>
      </trkpt>
      <trkpt lat="37.079262" lon="-4.721594">
        <ele>420</ele>
      </trkpt>
      <trkpt lat="37.077689" lon="-4.721245">
        <ele>412.75</ele>
      </trkpt>
      <trkpt lat="37.070937" lon="-4.719746">
        <ele>396</ele>
      </trkpt>
      <trkpt lat="37.06585" lon="-4.718612">
        <ele>391.5</ele>
      </trkpt>
      <trkpt lat="37.063609" lon="-4.718103">
        <ele>388.75</ele>
      </trkpt>
      <trkpt lat="37.062508" lon="-4.71787">
        <ele>389.25</ele>
      </trkpt>
      <trkpt lat="37.062419" lon="-4.717851">
        <ele>389</ele>
      </trkpt>
      <trkpt lat="37.061859" lon="-4.717728">
        <ele>387.25</ele>
      </trkpt>
      <trkpt lat="37.05986" lon="-4.717285">
        <ele>385</ele>
      </trkpt>
      <trkpt lat="37.059118" lon="-4.71712">
        <ele>386</ele>
      </trkpt>
      <trkpt lat="37.058417" lon="-4.716961">
        <ele>384.5</ele>
      </trkpt>
      <trkpt lat="37.056623" lon="-4.716523">
        <ele>382</ele>
      </trkpt>
      <trkpt lat="37.05557" lon="-4.716279">
        <ele>383</ele>
      </trkpt>
      <trkpt lat="37.053703" lon="-4.715849">
        <ele>381.5</ele>
      </trkpt>
      <trkpt lat="37.052967" lon="-4.715709">
        <ele>381.25</ele>
      </trkpt>
      <trkpt lat="37.052213" lon="-4.715584">
        <ele>380.75</ele>
      </trkpt>
      <trkpt lat="37.050072" lon="-4.715212">
        <ele>377</ele>
      </trkpt>
      <trkpt lat="37.047928" lon="-4.714937">
        <ele>375.75</ele>
      </trkpt>
      <trkpt lat="37.045765" lon="-4.714723">
        <ele>373.75</ele>
      </trkpt>
      <trkpt lat="37.045285" lon="-4.714702">
        <ele>373.75</ele>
      </trkpt>
      <trkpt lat="37.042732" lon="-4.714609">
        <ele>374</ele>
      </trkpt>
      <trkpt lat="37.041467" lon="-4.714599">
        <ele>375.25</ele>
      </trkpt>
      <trkpt lat="37.040184" lon="-4.714626">
        <ele>374.75</ele>
      </trkpt>
      <trkpt lat="37.038924" lon="-4.714645">
        <ele>374.25</ele>
      </trkpt>
      <trkpt lat="37.037239" lon="-4.714775">
        <ele>373.75</ele>
      </trkpt>
      <trkpt lat="37.035609" lon="-4.714946">
        <ele>373.5</ele>
      </trkpt>
      <trkpt lat="37.032521" lon="-4.715375">
        <ele>373.5</ele>
      </trkpt>
      <trkpt lat="37.031494" lon="-4.715591">
        <ele>372.25</ele>
      </trkpt>
      <trkpt lat="37.030307" lon="-4.715811">
        <ele>373.25</ele>
      </trkpt>
      <trkpt lat="37.029199" lon="-4.716043">
        <ele>372.25</ele>
      </trkpt>
      <trkpt lat="37.027371" lon="-4.716502">
        <ele>374</ele>
      </trkpt>
      <trkpt lat="37.026323" lon="-4.716787">
        <ele>373.5</ele>
      </trkpt>
      <trkpt lat="37.025759" lon="-4.716956">
        <ele>373.25</ele>
      </trkpt>
      <trkpt lat="37.023836" lon="-4.717566">
        <ele>374</ele>
      </trkpt>
      <trkpt lat="37.02192" lon="-4.718232">
        <ele>374</ele>
      </trkpt>
      <trkpt lat="37.020813" lon="-4.718657">
        <ele>372.75</ele>
      </trkpt>
      <trkpt lat="37.019276" lon="-4.719279">
        <ele>370.25</ele>
      </trkpt>
      <trkpt lat="37.017444" lon="-4.720115">
        <ele>376.25</ele>
      </trkpt>
      <trkpt lat="37.015658" lon="-4.720962">
        <ele>381</ele>
      </trkpt>
      <trkpt lat="37.012618" lon="-4.722502">
        <ele>380.75</ele>
      </trkpt>
      <trkpt lat="37.010669" lon="-4.723503">
        <ele>383.75</ele>
      </trkpt>
      <trkpt lat="37.008329" lon="-4.724703">
        <ele>393.75</ele>
      </trkpt>
      <trkpt lat="37.006194" lon="-4.725751">
        <ele>401.25</ele>
      </trkpt>
      <trkpt lat="37.005108" lon="-4.726251">
        <ele>400.25</ele>
      </trkpt>
      <trkpt lat="37.004021" lon="-4.726734">
        <ele>400</ele>
      </trkpt>
      <trkpt lat="37.002908" lon="-4.727188">
        <ele>402.25</ele>
      </trkpt>
      <trkpt lat="37.001814" lon="-4.727619">
        <ele>402</ele>
      </trkpt>
      <trkpt lat="37.000729" lon="-4.728022">
        <ele>398.75</ele>
      </trkpt>
      <trkpt lat="36.999041" lon="-4.728556">
        <ele>397</ele>
      </trkpt>
      <trkpt lat="36.99794" lon="-4.728894">
        <ele>393.5</ele>
      </trkpt>
      <trkpt lat="36.997346" lon="-4.729055">
        <ele>393.5</ele>
      </trkpt>
      <trkpt lat="36.994419" lon="-4.729791">
        <ele>396.25</ele>
      </trkpt>
      <trkpt lat="36.993542" lon="-4.729987">
        <ele>391.75</ele>
      </trkpt>
      <trkpt lat="36.992731" lon="-4.730182">
        <ele>400</ele>
      </trkpt>
      <trkpt lat="36.992388" lon="-4.730263">
        <ele>406.75</ele>
      </trkpt>
      <trkpt lat="36.976526" lon="-4.733915">
        <ele>420.75</ele>
      </trkpt>
      <trkpt lat="36.974231" lon="-4.734446">
        <ele>397</ele>
      </trkpt>
      <trkpt lat="36.972874" lon="-4.734743">
        <ele>402.75</ele>
      </trkpt>
      <trkpt lat="36.972118" lon="-4.734896">
        <ele>420.75</ele>
      </trkpt>
      <trkpt lat="36.971313" lon="-4.735049">
        <ele>434.5</ele>
      </trkpt>
      <trkpt lat="36.970587" lon="-4.735176">
        <ele>429.25</ele>
      </trkpt>
      <trkpt lat="36.969811" lon="-4.735302">
        <ele>411.75</ele>
      </trkpt>
      <trkpt lat="36.969028" lon="-4.735418">
        <ele>405.75</ele>
      </trkpt>
      <trkpt lat="36.968192" lon="-4.735534">
        <ele>404.5</ele>
      </trkpt>
      <trkpt lat="36.967446" lon="-4.735621">
        <ele>403.25</ele>
      </trkpt>
      <trkpt lat="36.96628" lon="-4.735745">
        <ele>401.25</ele>
      </trkpt>
      <trkpt lat="36.962883" lon="-4.736016">
        <ele>396.25</ele>
      </trkpt>
      <trkpt lat="36.93865" lon="-4.735062">
        <ele>359.5</ele>
      </trkpt>
      <trkpt lat="36.932626" lon="-4.733926">
        <ele>350.25</ele>
      </trkpt>
      <trkpt lat="36.906695" lon="-4.724983">
        <ele>309.75</ele>
      </trkpt>
      <trkpt lat="36.902474" lon="-4.72303">
        <ele>303</ele>
      </trkpt>
      <trkpt lat="36.90149" lon="-4.722505">
        <ele>303</ele>
      </trkpt>
      <trkpt lat="36.900728" lon="-4.722089">
        <ele>302</ele>
      </trkpt>
      <trkpt lat="36.899957" lon="-4.721653">
        <ele>300</ele>
      </trkpt>
      <trkpt lat="36.899214" lon="-4.721216">
        <ele>303</ele>
      </trkpt>
      <trkpt lat="36.898425" lon="-4.720735">
        <ele>305.25</ele>
      </trkpt>
      <trkpt lat="36.89756" lon="-4.720187">
        <ele>304.5</ele>
      </trkpt>
      <trkpt lat="36.896886" lon="-4.719746">
        <ele>297.75</ele>
      </trkpt>
      <trkpt lat="36.895762" lon="-4.718983">
        <ele>288.75</ele>
      </trkpt>
      <trkpt lat="36.894793" lon="-4.718295">
        <ele>282</ele>
      </trkpt>
      <trkpt lat="36.894289" lon="-4.717925">
        <ele>280.25</ele>
      </trkpt>
      <trkpt lat="36.893377" lon="-4.71724">
        <ele>281.75</ele>
      </trkpt>
      <trkpt lat="36.892425" lon="-4.716493">
        <ele>290.75</ele>
      </trkpt>
      <trkpt lat="36.891606" lon="-4.715821">
        <ele>292.25</ele>
      </trkpt>
      <trkpt lat="36.890728" lon="-4.715082">
        <ele>293</ele>
      </trkpt>
      <trkpt lat="36.889971" lon="-4.714422">
        <ele>287</ele>
      </trkpt>
      <trkpt lat="36.888405" lon="-4.712994">
        <ele>272.25</ele>
      </trkpt>
      <trkpt lat="36.88794" lon="-4.712557">
        <ele>267.25</ele>
      </trkpt>
      <trkpt lat="36.887512" lon="-4.712143">
        <ele>264.75</ele>
      </trkpt>
      <trkpt lat="36.885205" lon="-4.709888">
        <ele>252</ele>
      </trkpt>
      <trkpt lat="36.883204" lon="-4.707959">
        <ele>240.75</ele>
      </trkpt>
      <trkpt lat="36.882163" lon="-4.707061">
        <ele>235.25</ele>
      </trkpt>
      <trkpt lat="36.880319" lon="-4.705494">
        <ele>225.5</ele>
      </trkpt>
      <trkpt lat="36.879738" lon="-4.705028">
        <ele>222.5</ele>
      </trkpt>
      <trkpt lat="36.878598" lon="-4.704152">
        <ele>216.75</ele>
      </trkpt>
      <trkpt lat="36.875465" lon="-4.701681">
        <ele>216.75</ele>
      </trkpt>
      <trkpt lat="36.871908" lon="-4.699228">
        <ele>206</ele>
      </trkpt>
      <trkpt lat="36.869913" lon="-4.697961">
        <ele>198.5</ele>
      </trkpt>
      <trkpt lat="36.86691" lon="-4.696151">
        <ele>189</ele>
      </trkpt>
      <trkpt lat="36.864439" lon="-4.694764">
        <ele>195.75</ele>
      </trkpt>
      <trkpt lat="36.862829" lon="-4.6939">
        <ele>210</ele>
      </trkpt>
      <trkpt lat="36.858637" lon="-4.691469">
        <ele>185</ele>
      </trkpt>
      <trkpt lat="36.856417" lon="-4.6901">
        <ele>186.75</ele>
      </trkpt>
      <trkpt lat="36.853671" lon="-4.68857">
        <ele>179.75</ele>
      </trkpt>
      <trkpt lat="36.852816" lon="-4.688084">
        <ele>177.5</ele>
      </trkpt>
      <trkpt lat="36.851545" lon="-4.687359">
        <ele>174.25</ele>
      </trkpt>
      <trkpt lat="36.848931" lon="-4.685903">
        <ele>167.75</ele>
      </trkpt>
      <trkpt lat="36.846314" lon="-4.684579">
        <ele>161.25</ele>
      </trkpt>
      <trkpt lat="36.845893" lon="-4.68438">
        <ele>161.5</ele>
      </trkpt>
      <trkpt lat="36.844382" lon="-4.68372">
        <ele>162.75</ele>
      </trkpt>
      <trkpt lat="36.843383" lon="-4.683314">
        <ele>163.5</ele>
      </trkpt>
      <trkpt lat="36.842383" lon="-4.682925">
        <ele>164.25</ele>
      </trkpt>
      <trkpt lat="36.840518" lon="-4.682256">
        <ele>165.75</ele>
      </trkpt>
      <trkpt lat="36.838579" lon="-4.681578">
        <ele>167.25</ele>
      </trkpt>
      <trkpt lat="36.837621" lon="-4.681246">
        <ele>167.5</ele>
      </trkpt>
      <trkpt lat="36.836493" lon="-4.68088">
        <ele>184.25</ele>
      </trkpt>
      <trkpt lat="36.834714" lon="-4.680272">
        <ele>203.75</ele>
      </trkpt>
      <trkpt lat="36.833192" lon="-4.679718">
        <ele>209.25</ele>
      </trkpt>
      <trkpt lat="36.832483" lon="-4.679446">
        <ele>215.5</ele>
      </trkpt>
      <trkpt lat="36.825164" lon="-4.676177">
        <ele>212.5</ele>
      </trkpt>
      <trkpt lat="36.82421" lon="-4.675691">
        <ele>212</ele>
      </trkpt>
      <trkpt lat="36.808812" lon="-4.667934">
        <ele>206.25</ele>
      </trkpt>
      <trkpt lat="36.808142" lon="-4.667639">
        <ele>206</ele>
      </trkpt>
      <trkpt lat="36.80746" lon="-4.667382">
        <ele>206</ele>
      </trkpt>
      <trkpt lat="36.806714" lon="-4.667111">
        <ele>206</ele>
      </trkpt>
      <trkpt lat="36.805598" lon="-4.666718">
        <ele>223.5</ele>
      </trkpt>
      <trkpt lat="36.797445" lon="-4.663886">
        <ele>228.75</ele>
      </trkpt>
      <trkpt lat="36.796622" lon="-4.663548">
        <ele>228.25</ele>
      </trkpt>
      <trkpt lat="36.788522" lon="-4.659409">
        <ele>225.25</ele>
      </trkpt>
      <trkpt lat="36.786226" lon="-4.658053">
        <ele>224.25</ele>
      </trkpt>
      <trkpt lat="36.783743" lon="-4.656379">
        <ele>223.25</ele>
      </trkpt>
      <trkpt lat="36.781741" lon="-4.654791">
        <ele>222.25</ele>
      </trkpt>
      <trkpt lat="36.78022" lon="-4.653504">
        <ele>221.75</ele>
      </trkpt>
      <trkpt lat="36.778733" lon="-4.652077">
        <ele>221</ele>
      </trkpt>
      <trkpt lat="36.77747" lon="-4.650811">
        <ele>220.5</ele>
      </trkpt>
      <trkpt lat="36.776275" lon="-4.649577">
        <ele>219.75</ele>
      </trkpt>
      <trkpt lat="36.774891" lon="-4.648107">
        <ele>219.25</ele>
      </trkpt>
      <trkpt lat="36.772279" lon="-4.645092">
        <ele>217.75</ele>
      </trkpt>
      <trkpt lat="36.771601" lon="-4.64427">
        <ele>214.5</ele>
      </trkpt>
      <trkpt lat="36.769892" lon="-4.642232">
        <ele>206.5</ele>
      </trkpt>
      <trkpt lat="36.768282" lon="-4.640013">
        <ele>198.25</ele>
      </trkpt>
      <trkpt lat="36.766565" lon="-4.637483">
        <ele>189.25</ele>
      </trkpt>
      <trkpt lat="36.765122" lon="-4.635124">
        <ele>181</ele>
      </trkpt>
      <trkpt lat="36.763696" lon="-4.632594">
        <ele>172.75</ele>
      </trkpt>
      <trkpt lat="36.762425" lon="-4.630171">
        <ele>164.75</ele>
      </trkpt>
      <trkpt lat="36.761257" lon="-4.627769">
        <ele>157</ele>
      </trkpt>
      <trkpt lat="36.760191" lon="-4.625442">
        <ele>149.75</ele>
      </trkpt>
      <trkpt lat="36.758942" lon="-4.622468">
        <ele>140.5</ele>
      </trkpt>
      <trkpt lat="36.758333" lon="-4.621079">
        <ele>140.75</ele>
      </trkpt>
      <trkpt lat="36.757724" lon="-4.619712">
        <ele>135.25</ele>
      </trkpt>
      <trkpt lat="36.75711" lon="-4.618384">
        <ele>129.75</ele>
      </trkpt>
      <trkpt lat="36.756471" lon="-4.617075">
        <ele>119.75</ele>
      </trkpt>
      <trkpt lat="36.756072" lon="-4.616302">
        <ele>116.5</ele>
      </trkpt>
      <trkpt lat="36.755604" lon="-4.615466">
        <ele>113</ele>
      </trkpt>
      <trkpt lat="36.75467" lon="-4.613851">
        <ele>106.5</ele>
      </trkpt>
      <trkpt lat="36.754189" lon="-4.613052">
        <ele>103</ele>
      </trkpt>
      <trkpt lat="36.753506" lon="-4.611942">
        <ele>98.5</ele>
      </trkpt>
      <trkpt lat="36.753105" lon="-4.611348">
        <ele>98.5</ele>
      </trkpt>
      <trkpt lat="36.752378" lon="-4.610306">
        <ele>93.75</ele>
      </trkpt>
      <trkpt lat="36.752058" lon="-4.609867">
        <ele>93.5</ele>
      </trkpt>
      <trkpt lat="36.750494" lon="-4.607807">
        <ele>70.25</ele>
      </trkpt>
      <trkpt lat="36.749861" lon="-4.607047">
        <ele>72.25</ele>
      </trkpt>
      <trkpt lat="36.749357" lon="-4.606501">
        <ele>71.75</ele>
      </trkpt>
      <trkpt lat="36.747914" lon="-4.604922">
        <ele>77.25</ele>
      </trkpt>
      <trkpt lat="36.746328" lon="-4.60331">
        <ele>80.5</ele>
      </trkpt>
      <trkpt lat="36.745729" lon="-4.602719">
        <ele>67.5</ele>
      </trkpt>
      <trkpt lat="36.744696" lon="-4.601676">
        <ele>44.5</ele>
      </trkpt>
      <trkpt lat="36.742207" lon="-4.599191">
        <ele>50.75</ele>
      </trkpt>
      <trkpt lat="36.74133" lon="-4.598306">
        <ele>53</ele>
      </trkpt>
      <trkpt lat="36.740795" lon="-4.59778">
        <ele>54.5</ele>
      </trkpt>
      <trkpt lat="36.739577" lon="-4.596694">
        <ele>54.5</ele>
      </trkpt>
      <trkpt lat="36.73643" lon="-4.594097">
        <ele>41</ele>
      </trkpt>
      <trkpt lat="36.73321" lon="-4.591772">
        <ele>30.5</ele>
      </trkpt>
      <trkpt lat="36.732646" lon="-4.591385">
        <ele>28.25</ele>
      </trkpt>
      <trkpt lat="36.732161" lon="-4.591055">
        <ele>28.75</ele>
      </trkpt>
      <trkpt lat="36.73108" lon="-4.590346">
        <ele>34.5</ele>
      </trkpt>
      <trkpt lat="36.728585" lon="-4.588354">
        <ele>31.25</ele>
      </trkpt>
      <trkpt lat="36.727797" lon="-4.587635">
        <ele>32</ele>
      </trkpt>
      <trkpt lat="36.727004" lon="-4.586871">
        <ele>34.25</ele>
      </trkpt>
      <trkpt lat="36.726246" lon="-4.58606">
        <ele>35</ele>
      </trkpt>
      <trkpt lat="36.725173" lon="-4.584788">
        <ele>35</ele>
      </trkpt>
      <trkpt lat="36.724485" lon="-4.583905">
        <ele>32.25</ele>
      </trkpt>
      <trkpt lat="36.723507" lon="-4.582501">
        <ele>28</ele>
      </trkpt>
      <trkpt lat="36.722911" lon="-4.581591">
        <ele>29.5</ele>
      </trkpt>
      <trkpt lat="36.7223" lon="-4.580553">
        <ele>29.25</ele>
      </trkpt>
      <trkpt lat="36.721722" lon="-4.579495">
        <ele>29</ele>
      </trkpt>
      <trkpt lat="36.720985" lon="-4.57805">
        <ele>24.5</ele>
      </trkpt>
      <trkpt lat="36.720238" lon="-4.576377">
        <ele>19.75</ele>
      </trkpt>
      <trkpt lat="36.720046" lon="-4.575919">
        <ele>19</ele>
      </trkpt>
      <trkpt lat="36.719239" lon="-4.573675">
        <ele>18.5</ele>
      </trkpt>
      <trkpt lat="36.717355" lon="-4.567973">
        <ele>24.5</ele>
      </trkpt>
      <trkpt lat="36.717015" lon="-4.56713">
        <ele>31.25</ele>
      </trkpt>
      <trkpt lat="36.71666" lon="-4.566321">
        <ele>38.25</ele>
      </trkpt>
      <trkpt lat="36.716157" lon="-4.56524">
        <ele>40.25</ele>
      </trkpt>
      <trkpt lat="36.715618" lon="-4.564198">
        <ele>44</ele>
      </trkpt>
      <trkpt lat="36.714735" lon="-4.562685">
        <ele>34</ele>
      </trkpt>
      <trkpt lat="36.714133" lon="-4.561742">
        <ele>26.75</ele>
      </trkpt>
      <trkpt lat="36.71344" lon="-4.560822">
        <ele>37</ele>
      </trkpt>
      <trkpt lat="36.712105" lon="-4.559106">
        <ele>25.25</ele>
      </trkpt>
      <trkpt lat="36.711372" lon="-4.558194">
        <ele>18.25</ele>
      </trkpt>
      <trkpt lat="36.710179" lon="-4.556629">
        <ele>12.25</ele>
      </trkpt>
      <trkpt lat="36.709867" lon="-4.556179">
        <ele>12.75</ele>
      </trkpt>
      <trkpt lat="36.709074" lon="-4.554954">
        <ele>14</ele>
      </trkpt>
      <trkpt lat="36.708226" lon="-4.553495">
        <ele>18.25</ele>
      </trkpt>
      <trkpt lat="36.707456" lon="-4.551917">
        <ele>16.5</ele>
      </trkpt>
      <trkpt lat="36.706997" lon="-4.550844">
        <ele>15</ele>
      </trkpt>
      <trkpt lat="36.706565" lon="-4.549713">
        <ele>15.25</ele>
      </trkpt>
      <trkpt lat="36.706227" lon="-4.548702">
        <ele>16</ele>
      </trkpt>
      <trkpt lat="36.705883" lon="-4.547547">
        <ele>17</ele>
      </trkpt>
      <trkpt lat="36.705587" lon="-4.546356">
        <ele>15.75</ele>
      </trkpt>
      <trkpt lat="36.705336" lon="-4.545166">
        <ele>19.75</ele>
      </trkpt>
      <trkpt lat="36.705136" lon="-4.543983">
        <ele>19</ele>
      </trkpt>
      <trkpt lat="36.704979" lon="-4.542763">
        <ele>15.25</ele>
      </trkpt>
      <trkpt lat="36.704872" lon="-4.541532">
        <ele>14.75</ele>
      </trkpt>
      <trkpt lat="36.704815" lon="-4.540486">
        <ele>14.75</ele>
      </trkpt>
      <trkpt lat="36.704793" lon="-4.539395">
        <ele>15.75</ele>
      </trkpt>
      <trkpt lat="36.704829" lon="-4.537353">
        <ele>14</ele>
      </trkpt>
      <trkpt lat="36.704991" lon="-4.533661">
        <ele>22.25</ele>
      </trkpt>
      <trkpt lat="36.705001" lon="-4.532423">
        <ele>19.75</ele>
      </trkpt>
      <trkpt lat="36.704975" lon="-4.531186">
        <ele>20</ele>
      </trkpt>
      <trkpt lat="36.704937" lon="-4.530565">
        <ele>19.75</ele>
      </trkpt>
      <trkpt lat="36.704888" lon="-4.529952">
        <ele>20</ele>
      </trkpt>
      <trkpt lat="36.704754" lon="-4.52873">
        <ele>19.25</ele>
      </trkpt>
      <trkpt lat="36.704611" lon="-4.527549">
        <ele>11.75</ele>
      </trkpt>
      <trkpt lat="36.70451" lon="-4.526944">
        <ele>12.5</ele>
      </trkpt>
      <trkpt lat="36.70428" lon="-4.52575">
        <ele>12.5</ele>
      </trkpt>
      <trkpt lat="36.704015" lon="-4.524559">
        <ele>12</ele>
      </trkpt>
      <trkpt lat="36.7036" lon="-4.522824">
        <ele>15</ele>
      </trkpt>
      <trkpt lat="36.703333" lon="-4.521649">
        <ele>13.75</ele>
      </trkpt>
      <trkpt lat="36.703093" lon="-4.520481">
        <ele>12.5</ele>
      </trkpt>
      <trkpt lat="36.702878" lon="-4.519263">
        <ele>13.5</ele>
      </trkpt>
      <trkpt lat="36.702712" lon="-4.518036">
        <ele>11.5</ele>
      </trkpt>
      <trkpt lat="36.702648" lon="-4.517456">
        <ele>10.75</ele>
      </trkpt>
      <trkpt lat="36.702594" lon="-4.516849">
        <ele>9.5</ele>
      </trkpt>
      <trkpt lat="36.70252" lon="-4.515555">
        <ele>8.5</ele>
      </trkpt>
      <trkpt lat="36.702493" lon="-4.514487">
        <ele>9.25</ele>
      </trkpt>
      <trkpt lat="36.702506" lon="-4.513285">
        <ele>9</ele>
      </trkpt>
      <trkpt lat="36.702856" lon="-4.501189">
        <ele>11</ele>
      </trkpt>
      <trkpt lat="36.702931" lon="-4.49849">
        <ele>13</ele>
      </trkpt>
      <trkpt lat="36.702955" lon="-4.4976">
        <ele>16.25</ele>
      </trkpt>
      <trkpt lat="36.70296" lon="-4.497016">
        <ele>17.5</ele>
      </trkpt>
      <trkpt lat="36.702946" lon="-4.495801">
        <ele>18.5</ele>
      </trkpt>
      <trkpt lat="36.702916" lon="-4.495168">
        <ele>16.25</ele>
      </trkpt>
      <trkpt lat="36.702878" lon="-4.494538">
        <ele>15.75</ele>
      </trkpt>
      <trkpt lat="36.70282" lon="-4.493944">
        <ele>15.75</ele>
      </trkpt>
      <trkpt lat="36.702751" lon="-4.493335">
        <ele>15.75</ele>
      </trkpt>
      <trkpt lat="36.70266" lon="-4.492696">
        <ele>15.5</ele>
      </trkpt>
      <trkpt lat="36.702506" lon="-4.491728">
        <ele>14</ele>
      </trkpt>
      <trkpt lat="36.702217" lon="-4.490318">
        <ele>15.5</ele>
      </trkpt>
      <trkpt lat="36.701926" lon="-4.489117">
        <ele>17.75</ele>
      </trkpt>
      <trkpt lat="36.701601" lon="-4.487857">
        <ele>13.5</ele>
      </trkpt>
      <trkpt lat="36.700111" lon="-4.481871">
        <ele>15.25</ele>
      </trkpt>
      <trkpt lat="36.699834" lon="-4.480853">
        <ele>13</ele>
      </trkpt>
      <trkpt lat="36.699655" lon="-4.480316">
        <ele>12.75</ele>
      </trkpt>
      <trkpt lat="36.699467" lon="-4.479802">
        <ele>12.5</ele>
      </trkpt>
      <trkpt lat="36.69905" lon="-4.478846">
        <ele>13.5</ele>
      </trkpt>
      <trkpt lat="36.698811" lon="-4.478343">
        <ele>13.75</ele>
      </trkpt>
      <trkpt lat="36.698187" lon="-4.477086">
        <ele>14.25</ele>
      </trkpt>
      <trkpt lat="36.697957" lon="-4.476639">
        <ele>13.5</ele>
      </trkpt>
      <trkpt lat="36.696934" lon="-4.47458">
        <ele>18.75</ele>
      </trkpt>
      <trkpt lat="36.696658" lon="-4.473957">
        <ele>19.5</ele>
      </trkpt>
      <trkpt lat="36.696374" lon="-4.473212">
        <ele>18.5</ele>
      </trkpt>
      <trkpt lat="36.696231" lon="-4.472757">
        <ele>17</ele>
      </trkpt>
      <trkpt lat="36.696102" lon="-4.472283">
        <ele>15.75</ele>
      </trkpt>
      <trkpt lat="36.695991" lon="-4.4718">
        <ele>14.75</ele>
      </trkpt>
      <trkpt lat="36.695818" lon="-4.470807">
        <ele>12.75</ele>
      </trkpt>
      <trkpt lat="36.695766" lon="-4.470315">
        <ele>11</ele>
      </trkpt>
      <trkpt lat="36.695731" lon="-4.46981">
        <ele>10</ele>
      </trkpt>
      <trkpt lat="36.695738" lon="-4.46886">
        <ele>11</ele>
      </trkpt>
      <trkpt lat="36.695761" lon="-4.468357">
        <ele>12</ele>
      </trkpt>
      <trkpt lat="36.69581" lon="-4.467851">
        <ele>12</ele>
      </trkpt>
      <trkpt lat="36.695863" lon="-4.467405">
        <ele>12</ele>
      </trkpt>
      <trkpt lat="36.696013" lon="-4.466557">
        <ele>12.25</ele>
      </trkpt>
      <trkpt lat="36.69612" lon="-4.466113">
        <ele>13.5</ele>
      </trkpt>
      <trkpt lat="36.696241" lon="-4.465688">
        <ele>14.75</ele>
      </trkpt>
      <trkpt lat="36.696389" lon="-4.465222">
        <ele>14.25</ele>
      </trkpt>
      <trkpt lat="36.696547" lon="-4.464753">
        <ele>13</ele>
      </trkpt>
      <trkpt lat="36.696765" lon="-4.464217">
        <ele>11.25</ele>
      </trkpt>
      <trkpt lat="36.697124" lon="-4.463433">
        <ele>12.25</ele>
      </trkpt>
      <trkpt lat="36.698492" lon="-4.460574">
        <ele>10</ele>
      </trkpt>
      <trkpt lat="36.699255" lon="-4.458955">
        <ele>9.5</ele>
      </trkpt>
      <trkpt lat="36.699723" lon="-4.4579">
        <ele>9.25</ele>
      </trkpt>
      <trkpt lat="36.700488" lon="-4.456367">
        <ele>9</ele>
      </trkpt>
      <trkpt lat="36.70471" lon="-4.447352">
        <ele>7</ele>
      </trkpt>
      <trkpt lat="36.707035" lon="-4.44241">
        <ele>6</ele>
      </trkpt>
      <trkpt lat="36.708091" lon="-4.440235">
        <ele>5.75</ele>
      </trkpt>
      <trkpt lat="36.708669" lon="-4.439011">
        <ele>5.75</ele>
      </trkpt>
      <trkpt lat="36.708829" lon="-4.43861">
        <ele>6.5</ele>
      </trkpt>
      <trkpt lat="36.709031" lon="-4.438216">
        <ele>6.5</ele>
      </trkpt>
      <trkpt lat="36.70918" lon="-4.437907">
        <ele>5.25</ele>
      </trkpt>
      <trkpt lat="36.709361" lon="-4.437552">
        <ele>4</ele>
      </trkpt>
      <trkpt lat="36.709585" lon="-4.437096">
        <ele>4</ele>
      </trkpt>
      <trkpt lat="36.709777" lon="-4.436699">
        <ele>4.5</ele>
      </trkpt>
      <trkpt lat="36.711303" lon="-4.433421">
        <ele>2.5</ele>
      </trkpt>
      <trkpt lat="36.711605" lon="-4.432743">
        <ele>3.25</ele>
      </trkpt>
    </trkseg>
  </trk>
  <trk>
    <name>L040</name>
    <desc>{{https://i.gyazo.com/65afa6b1b09ba60bfe19de94bbb8d19a.jpg}}
{{https://i.gyazo.com/1fda8580bff1211a902b619c28ce519c.jpg}}
{{https://i.gyazo.com/a14964ceda23e569b0638c8c44242841.jpg}}
{{https://i.gyazo.com/1ed9ed997858027404a02bbfcd83b526.jpg}}</desc>
    <trkseg>
      <trkpt lat="40.472298" lon="-3.681473"/>
      <trkpt lat="40.471935" lon="-3.681625"/>
      <trkpt lat="40.471303" lon="-3.681889">
        <ele>733.75</ele>
      </trkpt>
      <trkpt lat="40.471114" lon="-3.681962">
        <ele>733.75</ele>
      </trkpt>
      <trkpt lat="40.470918" lon="-3.682051">
        <ele>733.75</ele>
      </trkpt>
      <trkpt lat="40.470515" lon="-3.682214">
        <ele>732.75</ele>
      </trkpt>
      <trkpt lat="40.470209" lon="-3.682349">
        <ele>730.75</ele>
      </trkpt>
      <trkpt lat="40.469891" lon="-3.682493">
        <ele>728.25</ele>
      </trkpt>
      <trkpt lat="40.469646" lon="-3.682608">
        <ele>726.25</ele>
      </trkpt>
      <trkpt lat="40.469235" lon="-3.682789">
        <ele>722.75</ele>
      </trkpt>
      <trkpt lat="40.469003" lon="-3.682877">
        <ele>721.75</ele>
      </trkpt>
      <trkpt lat="40.468899" lon="-3.682904">
        <ele>721.5</ele>
      </trkpt>
      <trkpt lat="40.468727" lon="-3.682939">
        <ele>721</ele>
      </trkpt>
      <trkpt lat="40.468405" lon="-3.682977">
        <ele>720.5</ele>
      </trkpt>
      <trkpt lat="40.468242" lon="-3.682983">
        <ele>721.25</ele>
      </trkpt>
      <trkpt lat="40.467925" lon="-3.682953">
        <ele>724</ele>
      </trkpt>
      <trkpt lat="40.467513" lon="-3.682901">
        <ele>724</ele>
      </trkpt>
      <trkpt lat="40.467181" lon="-3.682859">
        <ele>724</ele>
      </trkpt>
      <trkpt lat="40.466431" lon="-3.682762">
        <ele>724</ele>
      </trkpt>
      <trkpt lat="40.465149" lon="-3.682574">
        <ele>724</ele>
      </trkpt>
      <trkpt lat="40.464848" lon="-3.68258">
        <ele>724</ele>
      </trkpt>
      <trkpt lat="40.464603" lon="-3.682611">
        <ele>724</ele>
      </trkpt>
      <trkpt lat="40.464364" lon="-3.682661">
        <ele>724</ele>
      </trkpt>
      <trkpt lat="40.463913" lon="-3.682811">
        <ele>724</ele>
      </trkpt>
      <trkpt lat="40.461848" lon="-3.684003">
        <ele>724</ele>
      </trkpt>
      <trkpt lat="40.461163" lon="-3.684335">
        <ele>724</ele>
      </trkpt>
      <trkpt lat="40.460787" lon="-3.684502">
        <ele>724</ele>
      </trkpt>
      <trkpt lat="40.46056" lon="-3.684568">
        <ele>724</ele>
      </trkpt>
      <trkpt lat="40.460236" lon="-3.684624">
        <ele>724</ele>
      </trkpt>
      <trkpt lat="40.459822" lon="-3.684645">
        <ele>724</ele>
      </trkpt>
      <trkpt lat="40.457521" lon="-3.684377">
        <ele>724</ele>
      </trkpt>
      <trkpt lat="40.456942" lon="-3.684302">
        <ele>724</ele>
      </trkpt>
      <trkpt lat="40.456402" lon="-3.684248">
        <ele>724</ele>
      </trkpt>
      <trkpt lat="40.453397" lon="-3.684194">
        <ele>724</ele>
      </trkpt>
      <trkpt lat="40.452726" lon="-3.684237">
        <ele>724</ele>
      </trkpt>
      <trkpt lat="40.452007" lon="-3.684334">
        <ele>724</ele>
      </trkpt>
      <trkpt lat="40.450741" lon="-3.684527">
        <ele>724</ele>
      </trkpt>
      <trkpt lat="40.449377" lon="-3.684795">
        <ele>724</ele>
      </trkpt>
      <trkpt lat="40.448702" lon="-3.684959">
        <ele>724</ele>
      </trkpt>
      <trkpt lat="40.446854" lon="-3.685407">
        <ele>724</ele>
      </trkpt>
      <trkpt lat="40.446259" lon="-3.685536">
        <ele>724</ele>
      </trkpt>
      <trkpt lat="40.445574" lon="-3.685611">
        <ele>724</ele>
      </trkpt>
      <trkpt lat="40.444407" lon="-3.685696">
        <ele>724</ele>
      </trkpt>
      <trkpt lat="40.432452" lon="-3.686716">
        <ele>724</ele>
      </trkpt>
      <trkpt lat="40.43126" lon="-3.686823">
        <ele>724</ele>
      </trkpt>
      <trkpt lat="40.43054" lon="-3.686898">
        <ele>724</ele>
      </trkpt>
      <trkpt lat="40.42867" lon="-3.68722">
        <ele>724</ele>
      </trkpt>
      <trkpt lat="40.424047" lon="-3.688046">
        <ele>724</ele>
      </trkpt>
      <trkpt lat="40.422961" lon="-3.68825">
        <ele>724</ele>
      </trkpt>
      <trkpt lat="40.421175" lon="-3.688459">
        <ele>724</ele>
      </trkpt>
      <trkpt lat="40.417203" lon="-3.688926">
        <ele>724</ele>
      </trkpt>
      <trkpt lat="40.416494" lon="-3.688969">
        <ele>724</ele>
      </trkpt>
      <trkpt lat="40.415866" lon="-3.688947">
        <ele>724</ele>
      </trkpt>
      <trkpt lat="40.415098" lon="-3.688904">
        <ele>724</ele>
      </trkpt>
      <trkpt lat="40.413211" lon="-3.688822">
        <ele>724</ele>
      </trkpt>
      <trkpt lat="40.412414" lon="-3.688788">
        <ele>724</ele>
      </trkpt>
      <trkpt lat="40.412148" lon="-3.688804">
        <ele>724</ele>
      </trkpt>
      <trkpt lat="40.41192" lon="-3.688847">
        <ele>724</ele>
      </trkpt>
      <trkpt lat="40.411707" lon="-3.688928">
        <ele>724</ele>
      </trkpt>
      <trkpt lat="40.411527" lon="-3.689051">
        <ele>724</ele>
      </trkpt>
      <trkpt lat="40.411311" lon="-3.689255">
        <ele>724</ele>
      </trkpt>
      <trkpt lat="40.411143" lon="-3.689459">
        <ele>724</ele>
      </trkpt>
      <trkpt lat="40.41098" lon="-3.68969">
        <ele>724</ele>
      </trkpt>
      <trkpt lat="40.410825" lon="-3.690001">
        <ele>724</ele>
      </trkpt>
      <trkpt lat="40.410661" lon="-3.690366">
        <ele>724</ele>
      </trkpt>
      <trkpt lat="40.410521" lon="-3.690703">
        <ele>724</ele>
      </trkpt>
      <trkpt lat="40.410398" lon="-3.690968">
        <ele>724</ele>
      </trkpt>
      <trkpt lat="40.410315" lon="-3.691117">
        <ele>724</ele>
      </trkpt>
      <trkpt lat="40.410161" lon="-3.691351">
        <ele>724</ele>
      </trkpt>
      <trkpt lat="40.409949" lon="-3.691603">
        <ele>724</ele>
      </trkpt>
      <trkpt lat="40.409852" lon="-3.691704">
        <ele>724</ele>
      </trkpt>
      <trkpt lat="40.40969" lon="-3.691853">
        <ele>724</ele>
      </trkpt>
      <trkpt lat="40.40956" lon="-3.691948">
        <ele>724</ele>
      </trkpt>
      <trkpt lat="40.409414" lon="-3.692043">
        <ele>724</ele>
      </trkpt>
      <trkpt lat="40.409173" lon="-3.692172">
        <ele>724</ele>
      </trkpt>
      <trkpt lat="40.408976" lon="-3.692243">
        <ele>724</ele>
      </trkpt>
      <trkpt lat="40.408845" lon="-3.692282">
        <ele>724</ele>
      </trkpt>
      <trkpt lat="40.408623" lon="-3.692324">
        <ele>724</ele>
      </trkpt>
      <trkpt lat="40.408388" lon="-3.692333">
        <ele>724</ele>
      </trkpt>
      <trkpt lat="40.408108" lon="-3.692327">
        <ele>724</ele>
      </trkpt>
      <trkpt lat="40.407921" lon="-3.6923">
        <ele>724</ele>
      </trkpt>
      <trkpt lat="40.407789" lon="-3.692272">
        <ele>724</ele>
      </trkpt>
      <trkpt lat="40.407598" lon="-3.692202">
        <ele>724</ele>
      </trkpt>
      <trkpt lat="40.407446" lon="-3.692132">
        <ele>724</ele>
      </trkpt>
      <trkpt lat="40.407292" lon="-3.69205">
        <ele>724</ele>
      </trkpt>
      <trkpt lat="40.407114" lon="-3.691923">
        <ele>724</ele>
      </trkpt>
      <trkpt lat="40.40696" lon="-3.691796">
        <ele>724</ele>
      </trkpt>
      <trkpt lat="40.406605" lon="-3.691422">
        <ele>724</ele>
      </trkpt>
      <trkpt lat="40.402183" lon="-3.686549">
        <ele>724</ele>
      </trkpt>
      <trkpt lat="40.402072" lon="-3.686399">
        <ele>724</ele>
      </trkpt>
      <trkpt lat="40.401963" lon="-3.686219">
        <ele>724</ele>
      </trkpt>
      <trkpt lat="40.401702" lon="-3.685728">
        <ele>724</ele>
      </trkpt>
      <trkpt lat="40.401629" lon="-3.685556">
        <ele>616</ele>
      </trkpt>
      <trkpt lat="40.401288" lon="-3.684603">
        <ele>610.25</ele>
      </trkpt>
      <trkpt lat="40.400998" lon="-3.683883">
        <ele>607.5</ele>
      </trkpt>
      <trkpt lat="40.400934" lon="-3.683706">
        <ele>607.25</ele>
      </trkpt>
      <trkpt lat="40.400839" lon="-3.683437">
        <ele>607.25</ele>
      </trkpt>
      <trkpt lat="40.40071" lon="-3.682999">
        <ele>607.25</ele>
      </trkpt>
      <trkpt lat="40.400621" lon="-3.682595">
        <ele>607.25</ele>
      </trkpt>
      <trkpt lat="40.400568" lon="-3.682249">
        <ele>605.5</ele>
      </trkpt>
      <trkpt lat="40.400522" lon="-3.681779">
        <ele>607.25</ele>
      </trkpt>
      <trkpt lat="40.400475" lon="-3.68092">
        <ele>609.75</ele>
      </trkpt>
      <trkpt lat="40.400439" lon="-3.680541">
        <ele>610.25</ele>
      </trkpt>
      <trkpt lat="40.400365" lon="-3.680007">
        <ele>610.5</ele>
      </trkpt>
      <trkpt lat="40.40019" lon="-3.679258">
        <ele>609.5</ele>
      </trkpt>
      <trkpt lat="40.400055" lon="-3.678851">
        <ele>609</ele>
      </trkpt>
      <trkpt lat="40.399924" lon="-3.678518">
        <ele>609</ele>
      </trkpt>
      <trkpt lat="40.399787" lon="-3.678231">
        <ele>609</ele>
      </trkpt>
      <trkpt lat="40.39962" lon="-3.677936">
        <ele>608.75</ele>
      </trkpt>
      <trkpt lat="40.39936" lon="-3.677566">
        <ele>608</ele>
      </trkpt>
      <trkpt lat="40.398925" lon="-3.677008">
        <ele>606.5</ele>
      </trkpt>
      <trkpt lat="40.39868" lon="-3.676729">
        <ele>607.75</ele>
      </trkpt>
      <trkpt lat="40.397941" lon="-3.675914">
        <ele>609.5</ele>
      </trkpt>
      <trkpt lat="40.397553" lon="-3.675545">
        <ele>609</ele>
      </trkpt>
      <trkpt lat="40.397181" lon="-3.675208">
        <ele>608.75</ele>
      </trkpt>
      <trkpt lat="40.396693" lon="-3.674854">
        <ele>608.5</ele>
      </trkpt>
      <trkpt lat="40.396317" lon="-3.674613">
        <ele>605.75</ele>
      </trkpt>
      <trkpt lat="40.395688" lon="-3.674286">
        <ele>602.5</ele>
      </trkpt>
      <trkpt lat="40.395273" lon="-3.674093">
        <ele>602.5</ele>
      </trkpt>
      <trkpt lat="40.394637" lon="-3.673855">
        <ele>602.75</ele>
      </trkpt>
      <trkpt lat="40.39394" lon="-3.673601">
        <ele>603</ele>
      </trkpt>
      <trkpt lat="40.393192" lon="-3.673388">
        <ele>603.5</ele>
      </trkpt>
      <trkpt lat="40.392755" lon="-3.673295">
        <ele>601.75</ele>
      </trkpt>
      <trkpt lat="40.392404" lon="-3.673259">
        <ele>601</ele>
      </trkpt>
      <trkpt lat="40.39204" lon="-3.673251">
        <ele>600.5</ele>
      </trkpt>
      <trkpt lat="40.39162" lon="-3.673281">
        <ele>600</ele>
      </trkpt>
      <trkpt lat="40.391313" lon="-3.673332">
        <ele>599</ele>
      </trkpt>
      <trkpt lat="40.390891" lon="-3.67343">
        <ele>597.5</ele>
      </trkpt>
      <trkpt lat="40.390587" lon="-3.673524">
        <ele>596.25</ele>
      </trkpt>
      <trkpt lat="40.390258" lon="-3.67365">
        <ele>595</ele>
      </trkpt>
      <trkpt lat="40.38996" lon="-3.673791">
        <ele>593.5</ele>
      </trkpt>
      <trkpt lat="40.389665" lon="-3.673949">
        <ele>592.75</ele>
      </trkpt>
      <trkpt lat="40.38936" lon="-3.674141">
        <ele>591.75</ele>
      </trkpt>
      <trkpt lat="40.389157" lon="-3.674285">
        <ele>591.25</ele>
      </trkpt>
      <trkpt lat="40.388891" lon="-3.674491">
        <ele>591.25</ele>
      </trkpt>
      <trkpt lat="40.388653" lon="-3.674697">
        <ele>591.25</ele>
      </trkpt>
      <trkpt lat="40.388215" lon="-3.675116">
        <ele>590.25</ele>
      </trkpt>
      <trkpt lat="40.385704" lon="-3.677672">
        <ele>589.25</ele>
      </trkpt>
      <trkpt lat="40.385335" lon="-3.678079">
        <ele>589.25</ele>
      </trkpt>
      <trkpt lat="40.385186" lon="-3.67826">
        <ele>589.5</ele>
      </trkpt>
      <trkpt lat="40.384868" lon="-3.678676">
        <ele>589.25</ele>
      </trkpt>
      <trkpt lat="40.38465" lon="-3.678993">
        <ele>588.25</ele>
      </trkpt>
      <trkpt lat="40.384401" lon="-3.679397">
        <ele>587.5</ele>
      </trkpt>
      <trkpt lat="40.38421" lon="-3.679731">
        <ele>587.25</ele>
      </trkpt>
      <trkpt lat="40.383891" lon="-3.680335">
        <ele>585</ele>
      </trkpt>
      <trkpt lat="40.383668" lon="-3.680736">
        <ele>583.75</ele>
      </trkpt>
      <trkpt lat="40.383469" lon="-3.681047">
        <ele>582.75</ele>
      </trkpt>
      <trkpt lat="40.383261" lon="-3.681333">
        <ele>581.75</ele>
      </trkpt>
      <trkpt lat="40.382994" lon="-3.68165">
        <ele>580.75</ele>
      </trkpt>
      <trkpt lat="40.382704" lon="-3.681944">
        <ele>581.25</ele>
      </trkpt>
      <trkpt lat="40.382592" lon="-3.682043">
        <ele>581.25</ele>
      </trkpt>
      <trkpt lat="40.382434" lon="-3.682174">
        <ele>581</ele>
      </trkpt>
      <trkpt lat="40.382082" lon="-3.682429">
        <ele>579.25</ele>
      </trkpt>
      <trkpt lat="40.381628" lon="-3.682679">
        <ele>578</ele>
      </trkpt>
      <trkpt lat="40.381449" lon="-3.682758">
        <ele>578.5</ele>
      </trkpt>
      <trkpt lat="40.381158" lon="-3.682862">
        <ele>579.25</ele>
      </trkpt>
      <trkpt lat="40.380972" lon="-3.682919">
        <ele>579.5</ele>
      </trkpt>
      <trkpt lat="40.380626" lon="-3.683001">
        <ele>579.25</ele>
      </trkpt>
      <trkpt lat="40.380223" lon="-3.683054">
        <ele>579</ele>
      </trkpt>
      <trkpt lat="40.379961" lon="-3.683073">
        <ele>578.75</ele>
      </trkpt>
      <trkpt lat="40.379683" lon="-3.683073">
        <ele>577</ele>
      </trkpt>
      <trkpt lat="40.379442" lon="-3.683059">
        <ele>575.75</ele>
      </trkpt>
      <trkpt lat="40.37917" lon="-3.683025">
        <ele>574.25</ele>
      </trkpt>
      <trkpt lat="40.378798" lon="-3.682956">
        <ele>575.5</ele>
      </trkpt>
      <trkpt lat="40.37742" lon="-3.682638">
        <ele>576.75</ele>
      </trkpt>
      <trkpt lat="40.376943" lon="-3.682522">
        <ele>576.25</ele>
      </trkpt>
      <trkpt lat="40.376674" lon="-3.682442">
        <ele>576</ele>
      </trkpt>
      <trkpt lat="40.376208" lon="-3.682268">
        <ele>574</ele>
      </trkpt>
      <trkpt lat="40.375968" lon="-3.682156">
        <ele>573.5</ele>
      </trkpt>
      <trkpt lat="40.375733" lon="-3.682031">
        <ele>573.25</ele>
      </trkpt>
      <trkpt lat="40.375392" lon="-3.681824">
        <ele>573</ele>
      </trkpt>
      <trkpt lat="40.375039" lon="-3.681589">
        <ele>572.25</ele>
      </trkpt>
      <trkpt lat="40.374709" lon="-3.68137">
        <ele>572.25</ele>
      </trkpt>
      <trkpt lat="40.374253" lon="-3.681065">
        <ele>573.25</ele>
      </trkpt>
      <trkpt lat="40.373821" lon="-3.680787">
        <ele>573.25</ele>
      </trkpt>
      <trkpt lat="40.373001" lon="-3.680285">
        <ele>573.25</ele>
      </trkpt>
      <trkpt lat="40.372317" lon="-3.679889">
        <ele>575.5</ele>
      </trkpt>
      <trkpt lat="40.371645" lon="-3.679523">
        <ele>575</ele>
      </trkpt>
      <trkpt lat="40.371164" lon="-3.679277">
        <ele>576</ele>
      </trkpt>
      <trkpt lat="40.37071" lon="-3.679056">
        <ele>576.75</ele>
      </trkpt>
      <trkpt lat="40.369818" lon="-3.678667">
        <ele>576.75</ele>
      </trkpt>
      <trkpt lat="40.368969" lon="-3.678354">
        <ele>576.75</ele>
      </trkpt>
      <trkpt lat="40.368271" lon="-3.678128">
        <ele>576.75</ele>
      </trkpt>
      <trkpt lat="40.365642" lon="-3.677374">
        <ele>578.25</ele>
      </trkpt>
      <trkpt lat="40.363103" lon="-3.676482">
        <ele>576.25</ele>
      </trkpt>
      <trkpt lat="40.360153" lon="-3.67544">
        <ele>576.25</ele>
      </trkpt>
      <trkpt lat="40.359156" lon="-3.675078">
        <ele>576.25</ele>
      </trkpt>
      <trkpt lat="40.358241" lon="-3.67472">
        <ele>576.25</ele>
      </trkpt>
      <trkpt lat="40.357726" lon="-3.674497">
        <ele>576.25</ele>
      </trkpt>
      <trkpt lat="40.357202" lon="-3.674249">
        <ele>576.25</ele>
      </trkpt>
      <trkpt lat="40.356055" lon="-3.673641">
        <ele>576.75</ele>
      </trkpt>
      <trkpt lat="40.355256" lon="-3.673164">
        <ele>576.75</ele>
      </trkpt>
      <trkpt lat="40.354214" lon="-3.672497">
        <ele>570.5</ele>
      </trkpt>
      <trkpt lat="40.353217" lon="-3.671726">
        <ele>569.5</ele>
      </trkpt>
      <trkpt lat="40.351562" lon="-3.670244">
        <ele>566.5</ele>
      </trkpt>
      <trkpt lat="40.350371" lon="-3.66909">
        <ele>566.5</ele>
      </trkpt>
      <trkpt lat="40.349876" lon="-3.66858">
        <ele>565.5</ele>
      </trkpt>
      <trkpt lat="40.3466" lon="-3.665384">
        <ele>557.75</ele>
      </trkpt>
      <trkpt lat="40.345877" lon="-3.664603">
        <ele>561.25</ele>
      </trkpt>
      <trkpt lat="40.343175" lon="-3.661948">
        <ele>559.75</ele>
      </trkpt>
      <trkpt lat="40.340591" lon="-3.659327">
        <ele>561.75</ele>
      </trkpt>
      <trkpt lat="40.336143" lon="-3.655078">
        <ele>560.25</ele>
      </trkpt>
      <trkpt lat="40.334802" lon="-3.653847">
        <ele>558.5</ele>
      </trkpt>
      <trkpt lat="40.333649" lon="-3.65288">
        <ele>555.5</ele>
      </trkpt>
      <trkpt lat="40.331922" lon="-3.651527">
        <ele>557</ele>
      </trkpt>
      <trkpt lat="40.329817" lon="-3.650278">
        <ele>556.25</ele>
      </trkpt>
      <trkpt lat="40.327659" lon="-3.649423">
        <ele>554.5</ele>
      </trkpt>
      <trkpt lat="40.326948" lon="-3.649197">
        <ele>554.5</ele>
      </trkpt>
      <trkpt lat="40.325919" lon="-3.64895">
        <ele>554.25</ele>
      </trkpt>
      <trkpt lat="40.325141" lon="-3.64881">
        <ele>556.25</ele>
      </trkpt>
      <trkpt lat="40.324473" lon="-3.648725">
        <ele>561</ele>
      </trkpt>
      <trkpt lat="40.323251" lon="-3.648619">
        <ele>561</ele>
      </trkpt>
      <trkpt lat="40.322027" lon="-3.648639">
        <ele>561</ele>
      </trkpt>
      <trkpt lat="40.320808" lon="-3.648785">
        <ele>565</ele>
      </trkpt>
      <trkpt lat="40.320299" lon="-3.648865">
        <ele>562.5</ele>
      </trkpt>
      <trkpt lat="40.319884" lon="-3.648943">
        <ele>560.75</ele>
      </trkpt>
      <trkpt lat="40.319274" lon="-3.649086">
        <ele>560.25</ele>
      </trkpt>
      <trkpt lat="40.318728" lon="-3.649228">
        <ele>560</ele>
      </trkpt>
      <trkpt lat="40.317999" lon="-3.64946">
        <ele>560.25</ele>
      </trkpt>
      <trkpt lat="40.316873" lon="-3.649887">
        <ele>559.25</ele>
      </trkpt>
      <trkpt lat="40.316229" lon="-3.650177">
        <ele>559.75</ele>
      </trkpt>
      <trkpt lat="40.315684" lon="-3.650445">
        <ele>560.5</ele>
      </trkpt>
      <trkpt lat="40.314812" lon="-3.650926">
        <ele>563.25</ele>
      </trkpt>
      <trkpt lat="40.314218" lon="-3.651296">
        <ele>564.5</ele>
      </trkpt>
      <trkpt lat="40.313666" lon="-3.651669">
        <ele>567</ele>
      </trkpt>
      <trkpt lat="40.312909" lon="-3.652231">
        <ele>569</ele>
      </trkpt>
      <trkpt lat="40.312385" lon="-3.652635">
        <ele>569.75</ele>
      </trkpt>
      <trkpt lat="40.311721" lon="-3.653178">
        <ele>573.25</ele>
      </trkpt>
      <trkpt lat="40.310982" lon="-3.653814">
        <ele>573.5</ele>
      </trkpt>
      <trkpt lat="40.31007" lon="-3.654638">
        <ele>574</ele>
      </trkpt>
      <trkpt lat="40.309195" lon="-3.655491">
        <ele>574.5</ele>
      </trkpt>
      <trkpt lat="40.308232" lon="-3.656477">
        <ele>573</ele>
      </trkpt>
      <trkpt lat="40.307408" lon="-3.657375">
        <ele>575.25</ele>
      </trkpt>
      <trkpt lat="40.305557" lon="-3.659553">
        <ele>581.25</ele>
      </trkpt>
      <trkpt lat="40.293384" lon="-3.676702">
        <ele>592</ele>
      </trkpt>
      <trkpt lat="40.291609" lon="-3.679369">
        <ele>588</ele>
      </trkpt>
      <trkpt lat="40.291399" lon="-3.679676">
        <ele>588</ele>
      </trkpt>
      <trkpt lat="40.290905" lon="-3.680557">
        <ele>588.25</ele>
      </trkpt>
      <trkpt lat="40.289658" lon="-3.682834">
        <ele>591.5</ele>
      </trkpt>
      <trkpt lat="40.288327" lon="-3.685906">
        <ele>596</ele>
      </trkpt>
      <trkpt lat="40.287319" lon="-3.688713">
        <ele>597</ele>
      </trkpt>
      <trkpt lat="40.286815" lon="-3.690461">
        <ele>600</ele>
      </trkpt>
      <trkpt lat="40.286475" lon="-3.691771">
        <ele>598.75</ele>
      </trkpt>
      <trkpt lat="40.285802" lon="-3.694291">
        <ele>600</ele>
      </trkpt>
      <trkpt lat="40.285263" lon="-3.69616">
        <ele>602.5</ele>
      </trkpt>
      <trkpt lat="40.284799" lon="-3.697588">
        <ele>603.5</ele>
      </trkpt>
      <trkpt lat="40.284011" lon="-3.699724">
        <ele>605.25</ele>
      </trkpt>
      <trkpt lat="40.283943" lon="-3.699879">
        <ele>605</ele>
      </trkpt>
      <trkpt lat="40.283894" lon="-3.699992">
        <ele>605</ele>
      </trkpt>
      <trkpt lat="40.283331" lon="-3.701281">
        <ele>603.75</ele>
      </trkpt>
      <trkpt lat="40.282304" lon="-3.703486">
        <ele>604.5</ele>
      </trkpt>
      <trkpt lat="40.28175" lon="-3.704508">
        <ele>605.75</ele>
      </trkpt>
      <trkpt lat="40.279878" lon="-3.707489">
        <ele>603.75</ele>
      </trkpt>
      <trkpt lat="40.27793" lon="-3.709924">
        <ele>603.75</ele>
      </trkpt>
      <trkpt lat="40.276538" lon="-3.711448">
        <ele>605.75</ele>
      </trkpt>
      <trkpt lat="40.275761" lon="-3.712166">
        <ele>607.25</ele>
      </trkpt>
      <trkpt lat="40.27401" lon="-3.713869">
        <ele>610.5</ele>
      </trkpt>
      <trkpt lat="40.271868" lon="-3.716056">
        <ele>612.25</ele>
      </trkpt>
      <trkpt lat="40.270534" lon="-3.717483">
        <ele>609.5</ele>
      </trkpt>
      <trkpt lat="40.269757" lon="-3.718516">
        <ele>606</ele>
      </trkpt>
      <trkpt lat="40.269572" lon="-3.718791">
        <ele>605.25</ele>
      </trkpt>
      <trkpt lat="40.268991" lon="-3.719548">
        <ele>604.25</ele>
      </trkpt>
      <trkpt lat="40.267875" lon="-3.721042">
        <ele>605.75</ele>
      </trkpt>
      <trkpt lat="40.267116" lon="-3.722144">
        <ele>608.25</ele>
      </trkpt>
      <trkpt lat="40.266478" lon="-3.723239">
        <ele>609.25</ele>
      </trkpt>
      <trkpt lat="40.263646" lon="-3.727689">
        <ele>614.75</ele>
      </trkpt>
      <trkpt lat="40.261617" lon="-3.730481">
        <ele>615.5</ele>
      </trkpt>
      <trkpt lat="40.260051" lon="-3.732433">
        <ele>616</ele>
      </trkpt>
      <trkpt lat="40.259126" lon="-3.73341">
        <ele>619.75</ele>
      </trkpt>
      <trkpt lat="40.257333" lon="-3.73519">
        <ele>618.25</ele>
      </trkpt>
      <trkpt lat="40.256383" lon="-3.735953">
        <ele>619.25</ele>
      </trkpt>
      <trkpt lat="40.254418" lon="-3.737411">
        <ele>624.75</ele>
      </trkpt>
      <trkpt lat="40.252401" lon="-3.738813">
        <ele>625.5</ele>
      </trkpt>
      <trkpt lat="40.251629" lon="-3.739242">
        <ele>627</ele>
      </trkpt>
      <trkpt lat="40.249267" lon="-3.740443">
        <ele>630.5</ele>
      </trkpt>
      <trkpt lat="40.24686" lon="-3.741349">
        <ele>629.25</ele>
      </trkpt>
      <trkpt lat="40.244161" lon="-3.742181">
        <ele>626</ele>
      </trkpt>
      <trkpt lat="40.241186" lon="-3.742929">
        <ele>627.75</ele>
      </trkpt>
      <trkpt lat="40.237585" lon="-3.743779">
        <ele>625.5</ele>
      </trkpt>
      <trkpt lat="40.233518" lon="-3.744788">
        <ele>623.5</ele>
      </trkpt>
      <trkpt lat="40.231422" lon="-3.74534">
        <ele>626</ele>
      </trkpt>
      <trkpt lat="40.230071" lon="-3.745662">
        <ele>625.75</ele>
      </trkpt>
      <trkpt lat="40.224818" lon="-3.747179">
        <ele>626</ele>
      </trkpt>
      <trkpt lat="40.223299" lon="-3.747588">
        <ele>625.75</ele>
      </trkpt>
      <trkpt lat="40.221759" lon="-3.747864">
        <ele>622.5</ele>
      </trkpt>
      <trkpt lat="40.221435" lon="-3.747918">
        <ele>622.5</ele>
      </trkpt>
      <trkpt lat="40.220597" lon="-3.748018">
        <ele>622.5</ele>
      </trkpt>
      <trkpt lat="40.220109" lon="-3.748056">
        <ele>622.5</ele>
      </trkpt>
      <trkpt lat="40.219276" lon="-3.748105">
        <ele>622.5</ele>
      </trkpt>
      <trkpt lat="40.218442" lon="-3.74812">
        <ele>622.5</ele>
      </trkpt>
      <trkpt lat="40.217608" lon="-3.748102">
        <ele>625.75</ele>
      </trkpt>
      <trkpt lat="40.21659" lon="-3.74806">
        <ele>626</ele>
      </trkpt>
      <trkpt lat="40.214657" lon="-3.7481">
        <ele>624.25</ele>
      </trkpt>
      <trkpt lat="40.213739" lon="-3.748157">
        <ele>621.75</ele>
      </trkpt>
      <trkpt lat="40.212691" lon="-3.748234">
        <ele>619.25</ele>
      </trkpt>
      <trkpt lat="40.211752" lon="-3.748318">
        <ele>616.25</ele>
      </trkpt>
      <trkpt lat="40.210017" lon="-3.748578">
        <ele>615.5</ele>
      </trkpt>
      <trkpt lat="40.209127" lon="-3.748746">
        <ele>614.75</ele>
      </trkpt>
      <trkpt lat="40.209041" lon="-3.748758">
        <ele>615</ele>
      </trkpt>
      <trkpt lat="40.208273" lon="-3.74889">
        <ele>615.25</ele>
      </trkpt>
      <trkpt lat="40.207492" lon="-3.749006">
        <ele>616.25</ele>
      </trkpt>
      <trkpt lat="40.206574" lon="-3.749123">
        <ele>615.75</ele>
      </trkpt>
      <trkpt lat="40.205844" lon="-3.749198">
        <ele>615</ele>
      </trkpt>
      <trkpt lat="40.205224" lon="-3.749248">
        <ele>614.25</ele>
      </trkpt>
      <trkpt lat="40.20028" lon="-3.74954">
        <ele>611</ele>
      </trkpt>
      <trkpt lat="40.197377" lon="-3.74971">
        <ele>609</ele>
      </trkpt>
      <trkpt lat="40.195468" lon="-3.749821">
        <ele>608.5</ele>
      </trkpt>
      <trkpt lat="40.194438" lon="-3.749848">
        <ele>606.75</ele>
      </trkpt>
      <trkpt lat="40.193239" lon="-3.749844">
        <ele>607.5</ele>
      </trkpt>
      <trkpt lat="40.191975" lon="-3.749797">
        <ele>605</ele>
      </trkpt>
      <trkpt lat="40.190876" lon="-3.749712">
        <ele>604</ele>
      </trkpt>
      <trkpt lat="40.190071" lon="-3.749609">
        <ele>602.5</ele>
      </trkpt>
      <trkpt lat="40.189257" lon="-3.749464">
        <ele>605.25</ele>
      </trkpt>
      <trkpt lat="40.188381" lon="-3.749274">
        <ele>604</ele>
      </trkpt>
      <trkpt lat="40.187448" lon="-3.749016">
        <ele>603.5</ele>
      </trkpt>
      <trkpt lat="40.186666" lon="-3.748758">
        <ele>602</ele>
      </trkpt>
      <trkpt lat="40.185906" lon="-3.748476">
        <ele>598.75</ele>
      </trkpt>
      <trkpt lat="40.185331" lon="-3.748241">
        <ele>598.75</ele>
      </trkpt>
      <trkpt lat="40.184685" lon="-3.747944">
        <ele>598.75</ele>
      </trkpt>
      <trkpt lat="40.184039" lon="-3.747616">
        <ele>598.75</ele>
      </trkpt>
      <trkpt lat="40.183329" lon="-3.747235">
        <ele>598.75</ele>
      </trkpt>
      <trkpt lat="40.182866" lon="-3.746957">
        <ele>600.25</ele>
      </trkpt>
      <trkpt lat="40.181779" lon="-3.746254">
        <ele>599</ele>
      </trkpt>
      <trkpt lat="40.181259" lon="-3.745883">
        <ele>601.25</ele>
      </trkpt>
      <trkpt lat="40.180372" lon="-3.745191">
        <ele>604</ele>
      </trkpt>
      <trkpt lat="40.179601" lon="-3.744539">
        <ele>605.5</ele>
      </trkpt>
      <trkpt lat="40.178957" lon="-3.743944">
        <ele>607.5</ele>
      </trkpt>
      <trkpt lat="40.178331" lon="-3.743333">
        <ele>610.75</ele>
      </trkpt>
      <trkpt lat="40.177353" lon="-3.742287">
        <ele>611.75</ele>
      </trkpt>
      <trkpt lat="40.174337" lon="-3.738584">
        <ele>618.25</ele>
      </trkpt>
      <trkpt lat="40.17297" lon="-3.736884">
        <ele>620.25</ele>
      </trkpt>
      <trkpt lat="40.164441" lon="-3.726275">
        <ele>653.5</ele>
      </trkpt>
      <trkpt lat="40.162543" lon="-3.72388">
        <ele>670.5</ele>
      </trkpt>
      <trkpt lat="40.161655" lon="-3.722752">
        <ele>681.25</ele>
      </trkpt>
      <trkpt lat="40.156868" lon="-3.716849">
        <ele>691.5</ele>
      </trkpt>
      <trkpt lat="40.152835" lon="-3.711825">
        <ele>674.5</ele>
      </trkpt>
      <trkpt lat="40.150102" lon="-3.70842">
        <ele>667</ele>
      </trkpt>
      <trkpt lat="40.145104" lon="-3.702219">
        <ele>668.5</ele>
      </trkpt>
      <trkpt lat="40.142627" lon="-3.699144">
        <ele>661.75</ele>
      </trkpt>
      <trkpt lat="40.137689" lon="-3.693019">
        <ele>664.25</ele>
      </trkpt>
      <trkpt lat="40.136687" lon="-3.691842">
        <ele>671.75</ele>
      </trkpt>
      <trkpt lat="40.135717" lon="-3.690759">
        <ele>684.5</ele>
      </trkpt>
      <trkpt lat="40.13438" lon="-3.689383">
        <ele>684.5</ele>
      </trkpt>
      <trkpt lat="40.133111" lon="-3.68818">
        <ele>669.75</ele>
      </trkpt>
      <trkpt lat="40.132152" lon="-3.68734">
        <ele>671.5</ele>
      </trkpt>
      <trkpt lat="40.13131" lon="-3.68664">
        <ele>668.5</ele>
      </trkpt>
      <trkpt lat="40.129682" lon="-3.685396">
        <ele>654</ele>
      </trkpt>
      <trkpt lat="40.128954" lon="-3.684878">
        <ele>651.25</ele>
      </trkpt>
      <trkpt lat="40.127814" lon="-3.684121">
        <ele>646.5</ele>
      </trkpt>
      <trkpt lat="40.125841" lon="-3.682909">
        <ele>640.75</ele>
      </trkpt>
      <trkpt lat="40.115126" lon="-3.67684">
        <ele>620.75</ele>
      </trkpt>
      <trkpt lat="40.113631" lon="-3.676069">
        <ele>620</ele>
      </trkpt>
      <trkpt lat="40.112586" lon="-3.675558">
        <ele>620.5</ele>
      </trkpt>
      <trkpt lat="40.110915" lon="-3.67486">
        <ele>622.75</ele>
      </trkpt>
      <trkpt lat="40.109624" lon="-3.674401">
        <ele>619.5</ele>
      </trkpt>
      <trkpt lat="40.107296" lon="-3.673726">
        <ele>614.5</ele>
      </trkpt>
      <trkpt lat="40.106009" lon="-3.673451">
        <ele>614.75</ele>
      </trkpt>
      <trkpt lat="40.105223" lon="-3.673329">
        <ele>615.5</ele>
      </trkpt>
      <trkpt lat="40.104089" lon="-3.673141">
        <ele>617.75</ele>
      </trkpt>
      <trkpt lat="40.102491" lon="-3.673008">
        <ele>619.5</ele>
      </trkpt>
      <trkpt lat="40.101158" lon="-3.672943">
        <ele>618.75</ele>
      </trkpt>
      <trkpt lat="40.099649" lon="-3.67297">
        <ele>614.25</ele>
      </trkpt>
      <trkpt lat="40.098044" lon="-3.673087">
        <ele>612.5</ele>
      </trkpt>
      <trkpt lat="40.096653" lon="-3.673256">
        <ele>614.75</ele>
      </trkpt>
      <trkpt lat="40.094114" lon="-3.673746">
        <ele>615.25</ele>
      </trkpt>
      <trkpt lat="40.091777" lon="-3.674375">
        <ele>613.75</ele>
      </trkpt>
      <trkpt lat="40.088854" lon="-3.67516">
        <ele>613.5</ele>
      </trkpt>
      <trkpt lat="40.087119" lon="-3.675549">
        <ele>611.75</ele>
      </trkpt>
      <trkpt lat="40.085299" lon="-3.675851">
        <ele>606.5</ele>
      </trkpt>
      <trkpt lat="40.08375" lon="-3.676021">
        <ele>608.75</ele>
      </trkpt>
      <trkpt lat="40.082867" lon="-3.676101">
        <ele>609</ele>
      </trkpt>
      <trkpt lat="40.081649" lon="-3.676156">
        <ele>609.25</ele>
      </trkpt>
      <trkpt lat="40.080083" lon="-3.676171">
        <ele>607.5</ele>
      </trkpt>
      <trkpt lat="40.079065" lon="-3.676137">
        <ele>609.25</ele>
      </trkpt>
      <trkpt lat="40.07745" lon="-3.676032">
        <ele>608</ele>
      </trkpt>
      <trkpt lat="40.074933" lon="-3.675749">
        <ele>609.75</ele>
      </trkpt>
      <trkpt lat="40.057582" lon="-3.67351">
        <ele>574.75</ele>
      </trkpt>
      <trkpt lat="40.055126" lon="-3.673182">
        <ele>584.75</ele>
      </trkpt>
      <trkpt lat="40.053672" lon="-3.672962">
        <ele>581.75</ele>
      </trkpt>
      <trkpt lat="40.05243" lon="-3.672712">
        <ele>580.25</ele>
      </trkpt>
      <trkpt lat="40.051167" lon="-3.67244">
        <ele>575.75</ele>
      </trkpt>
      <trkpt lat="40.048275" lon="-3.671631">
        <ele>575.75</ele>
      </trkpt>
      <trkpt lat="40.045425" lon="-3.6706">
        <ele>575.75</ele>
      </trkpt>
      <trkpt lat="40.042626" lon="-3.669351">
        <ele>535.25</ele>
      </trkpt>
      <trkpt lat="40.041268" lon="-3.668653">
        <ele>514.5</ele>
      </trkpt>
      <trkpt lat="40.040324" lon="-3.66814">
        <ele>514.5</ele>
      </trkpt>
      <trkpt lat="40.039219" lon="-3.667486">
        <ele>514.5</ele>
      </trkpt>
      <trkpt lat="40.037913" lon="-3.666668">
        <ele>514.5</ele>
      </trkpt>
      <trkpt lat="40.036682" lon="-3.665839">
        <ele>514.5</ele>
      </trkpt>
      <trkpt lat="40.032707" lon="-3.662989">
        <ele>481.25</ele>
      </trkpt>
      <trkpt lat="40.03109" lon="-3.66184">
        <ele>482</ele>
      </trkpt>
      <trkpt lat="40.027765" lon="-3.659365">
        <ele>483</ele>
      </trkpt>
      <trkpt lat="40.026946" lon="-3.658755">
        <ele>483</ele>
      </trkpt>
      <trkpt lat="40.025708" lon="-3.657724">
        <ele>483.25</ele>
      </trkpt>
      <trkpt lat="40.024662" lon="-3.656769">
        <ele>483.5</ele>
      </trkpt>
      <trkpt lat="40.023564" lon="-3.655682">
        <ele>482.25</ele>
      </trkpt>
      <trkpt lat="40.022822" lon="-3.6549">
        <ele>482.5</ele>
      </trkpt>
      <trkpt lat="40.021422" lon="-3.653301">
        <ele>481.5</ele>
      </trkpt>
      <trkpt lat="40.019971" lon="-3.651455">
        <ele>484.25</ele>
      </trkpt>
      <trkpt lat="40.019808" lon="-3.651238">
        <ele>484.75</ele>
      </trkpt>
      <trkpt lat="40.019007" lon="-3.650112">
        <ele>484</ele>
      </trkpt>
      <trkpt lat="40.018617" lon="-3.649538">
        <ele>485</ele>
      </trkpt>
      <trkpt lat="40.018208" lon="-3.648918">
        <ele>486</ele>
      </trkpt>
      <trkpt lat="40.01805" lon="-3.648666">
        <ele>486.25</ele>
      </trkpt>
      <trkpt lat="40.017783" lon="-3.648242">
        <ele>486.25</ele>
      </trkpt>
      <trkpt lat="40.017393" lon="-3.64759">
        <ele>486.25</ele>
      </trkpt>
      <trkpt lat="40.017001" lon="-3.646909">
        <ele>502.25</ele>
      </trkpt>
      <trkpt lat="40.016666" lon="-3.646326">
        <ele>513.5</ele>
      </trkpt>
      <trkpt lat="40.016118" lon="-3.645264">
        <ele>519</ele>
      </trkpt>
      <trkpt lat="40.015591" lon="-3.644264">
        <ele>521</ele>
      </trkpt>
      <trkpt lat="40.014839" lon="-3.642708">
        <ele>520.75</ele>
      </trkpt>
      <trkpt lat="40.014067" lon="-3.640914">
        <ele>524.5</ele>
      </trkpt>
      <trkpt lat="40.013438" lon="-3.639299">
        <ele>530.75</ele>
      </trkpt>
      <trkpt lat="40.012857" lon="-3.637681">
        <ele>533.25</ele>
      </trkpt>
      <trkpt lat="40.012359" lon="-3.63612">
        <ele>532.25</ele>
      </trkpt>
      <trkpt lat="40.01198" lon="-3.634808">
        <ele>535.25</ele>
      </trkpt>
      <trkpt lat="40.010158" lon="-3.627868">
        <ele>526.75</ele>
      </trkpt>
      <trkpt lat="40.009906" lon="-3.627044">
        <ele>525.25</ele>
      </trkpt>
      <trkpt lat="40.009734" lon="-3.626483">
        <ele>525.25</ele>
      </trkpt>
      <trkpt lat="40.009375" lon="-3.625369">
        <ele>525.25</ele>
      </trkpt>
      <trkpt lat="40.008913" lon="-3.624089">
        <ele>529.75</ele>
      </trkpt>
      <trkpt lat="40.008642" lon="-3.623383">
        <ele>540</ele>
      </trkpt>
      <trkpt lat="40.007827" lon="-3.621382">
        <ele>540</ele>
      </trkpt>
      <trkpt lat="40.006542" lon="-3.618635">
        <ele>540</ele>
      </trkpt>
      <trkpt lat="40.00512" lon="-3.616006">
        <ele>540</ele>
      </trkpt>
      <trkpt lat="40.003566" lon="-3.613507">
        <ele>540</ele>
      </trkpt>
      <trkpt lat="40.001889" lon="-3.611148">
        <ele>540</ele>
      </trkpt>
      <trkpt lat="40.000095" lon="-3.60894">
        <ele>540</ele>
      </trkpt>
      <trkpt lat="39.998192" lon="-3.606893">
        <ele>540</ele>
      </trkpt>
      <trkpt lat="39.996189" lon="-3.605016">
        <ele>540</ele>
      </trkpt>
      <trkpt lat="39.993481" lon="-3.602876">
        <ele>599.75</ele>
      </trkpt>
      <trkpt lat="39.992464" lon="-3.60202">
        <ele>600.25</ele>
      </trkpt>
      <trkpt lat="39.991282" lon="-3.601053">
        <ele>598.25</ele>
      </trkpt>
      <trkpt lat="39.990303" lon="-3.600172">
        <ele>596.25</ele>
      </trkpt>
      <trkpt lat="39.989431" lon="-3.599366">
        <ele>596</ele>
      </trkpt>
      <trkpt lat="39.988246" lon="-3.598198">
        <ele>595.25</ele>
      </trkpt>
      <trkpt lat="39.986903" lon="-3.59679">
        <ele>596</ele>
      </trkpt>
      <trkpt lat="39.985593" lon="-3.595302">
        <ele>597.25</ele>
      </trkpt>
      <trkpt lat="39.984284" lon="-3.593711">
        <ele>596</ele>
      </trkpt>
      <trkpt lat="39.982259" lon="-3.591014">
        <ele>596.25</ele>
      </trkpt>
      <trkpt lat="39.980746" lon="-3.588762">
        <ele>599.5</ele>
      </trkpt>
      <trkpt lat="39.979246" lon="-3.586318">
        <ele>603</ele>
      </trkpt>
      <trkpt lat="39.978644" lon="-3.585236">
        <ele>604.75</ele>
      </trkpt>
      <trkpt lat="39.977172" lon="-3.582403">
        <ele>614.25</ele>
      </trkpt>
      <trkpt lat="39.976508" lon="-3.581032">
        <ele>616</ele>
      </trkpt>
      <trkpt lat="39.975989" lon="-3.579894">
        <ele>616</ele>
      </trkpt>
      <trkpt lat="39.975439" lon="-3.578639">
        <ele>619</ele>
      </trkpt>
      <trkpt lat="39.974952" lon="-3.577423">
        <ele>621</ele>
      </trkpt>
      <trkpt lat="39.974342" lon="-3.575827">
        <ele>625.5</ele>
      </trkpt>
      <trkpt lat="39.973588" lon="-3.573682">
        <ele>632.75</ele>
      </trkpt>
      <trkpt lat="39.973112" lon="-3.5722">
        <ele>634.25</ele>
      </trkpt>
      <trkpt lat="39.972657" lon="-3.57073">
        <ele>635</ele>
      </trkpt>
      <trkpt lat="39.971791" lon="-3.567522">
        <ele>647.5</ele>
      </trkpt>
      <trkpt lat="39.969007" lon="-3.556983">
        <ele>649.25</ele>
      </trkpt>
      <trkpt lat="39.968654" lon="-3.555734">
        <ele>645.5</ele>
      </trkpt>
      <trkpt lat="39.96827" lon="-3.554453">
        <ele>643</ele>
      </trkpt>
      <trkpt lat="39.967824" lon="-3.55302">
        <ele>638.75</ele>
      </trkpt>
      <trkpt lat="39.967295" lon="-3.551465">
        <ele>638.75</ele>
      </trkpt>
      <trkpt lat="39.966819" lon="-3.550156">
        <ele>640.5</ele>
      </trkpt>
      <trkpt lat="39.966282" lon="-3.548753">
        <ele>643.25</ele>
      </trkpt>
      <trkpt lat="39.965889" lon="-3.547771">
        <ele>644.5</ele>
      </trkpt>
      <trkpt lat="39.965298" lon="-3.54636">
        <ele>648.25</ele>
      </trkpt>
      <trkpt lat="39.964773" lon="-3.54516">
        <ele>651.75</ele>
      </trkpt>
      <trkpt lat="39.964193" lon="-3.543906">
        <ele>658.75</ele>
      </trkpt>
      <trkpt lat="39.963519" lon="-3.542543">
        <ele>671.5</ele>
      </trkpt>
      <trkpt lat="39.963078" lon="-3.541671">
        <ele>665</ele>
      </trkpt>
      <trkpt lat="39.962676" lon="-3.540909">
        <ele>672.75</ele>
      </trkpt>
      <trkpt lat="39.960478" lon="-3.537123">
        <ele>681.75</ele>
      </trkpt>
      <trkpt lat="39.959856" lon="-3.536108">
        <ele>665.25</ele>
      </trkpt>
      <trkpt lat="39.959288" lon="-3.535252">
        <ele>658.75</ele>
      </trkpt>
      <trkpt lat="39.958367" lon="-3.5339">
        <ele>661.75</ele>
      </trkpt>
      <trkpt lat="39.955296" lon="-3.529635">
        <ele>685.5</ele>
      </trkpt>
      <trkpt lat="39.954155" lon="-3.528056">
        <ele>695.25</ele>
      </trkpt>
      <trkpt lat="39.951997" lon="-3.52506">
        <ele>716.25</ele>
      </trkpt>
      <trkpt lat="39.951078" lon="-3.523754">
        <ele>721.25</ele>
      </trkpt>
      <trkpt lat="39.947584" lon="-3.518204">
        <ele>721.25</ele>
      </trkpt>
      <trkpt lat="39.946723" lon="-3.516395">
        <ele>730</ele>
      </trkpt>
      <trkpt lat="39.945644" lon="-3.514174">
        <ele>730.25</ele>
      </trkpt>
      <trkpt lat="39.9447" lon="-3.512008">
        <ele>730.25</ele>
      </trkpt>
      <trkpt lat="39.943852" lon="-3.509876">
        <ele>729.25</ele>
      </trkpt>
      <trkpt lat="39.942389" lon="-3.505699">
        <ele>728.25</ele>
      </trkpt>
      <trkpt lat="39.941359" lon="-3.50207">
        <ele>728.25</ele>
      </trkpt>
      <trkpt lat="39.940528" lon="-3.498561">
        <ele>731</ele>
      </trkpt>
      <trkpt lat="39.940117" lon="-3.496423">
        <ele>730.75</ele>
      </trkpt>
      <trkpt lat="39.939751" lon="-3.494293">
        <ele>732</ele>
      </trkpt>
      <trkpt lat="39.939432" lon="-3.492111">
        <ele>731.25</ele>
      </trkpt>
      <trkpt lat="39.939178" lon="-3.489882">
        <ele>733.75</ele>
      </trkpt>
      <trkpt lat="39.93902" lon="-3.488033">
        <ele>731</ele>
      </trkpt>
      <trkpt lat="39.938906" lon="-3.486212">
        <ele>732.5</ele>
      </trkpt>
      <trkpt lat="39.938857" lon="-3.484997">
        <ele>731.25</ele>
      </trkpt>
      <trkpt lat="39.938804" lon="-3.483088">
        <ele>730</ele>
      </trkpt>
      <trkpt lat="39.938797" lon="-3.481602">
        <ele>729.5</ele>
      </trkpt>
      <trkpt lat="39.938818" lon="-3.480096">
        <ele>732.5</ele>
      </trkpt>
      <trkpt lat="39.938861" lon="-3.478719">
        <ele>733.75</ele>
      </trkpt>
      <trkpt lat="39.938939" lon="-3.477245">
        <ele>733.75</ele>
      </trkpt>
      <trkpt lat="39.939058" lon="-3.475554">
        <ele>735</ele>
      </trkpt>
      <trkpt lat="39.939202" lon="-3.4739">
        <ele>734</ele>
      </trkpt>
      <trkpt lat="39.939432" lon="-3.471835">
        <ele>734.25</ele>
      </trkpt>
      <trkpt lat="39.93973" lon="-3.469752">
        <ele>734</ele>
      </trkpt>
      <trkpt lat="39.940053" lon="-3.467808">
        <ele>734.5</ele>
      </trkpt>
      <trkpt lat="39.940394" lon="-3.46599">
        <ele>735.5</ele>
      </trkpt>
      <trkpt lat="39.940989" lon="-3.463301">
        <ele>737</ele>
      </trkpt>
      <trkpt lat="39.942287" lon="-3.457883">
        <ele>739.5</ele>
      </trkpt>
      <trkpt lat="39.942655" lon="-3.456207">
        <ele>741</ele>
      </trkpt>
      <trkpt lat="39.943008" lon="-3.454425">
        <ele>739.75</ele>
      </trkpt>
      <trkpt lat="39.943291" lon="-3.452865">
        <ele>738.5</ele>
      </trkpt>
      <trkpt lat="39.943544" lon="-3.451242">
        <ele>739</ele>
      </trkpt>
      <trkpt lat="39.943845" lon="-3.449023">
        <ele>737.5</ele>
      </trkpt>
      <trkpt lat="39.944044" lon="-3.447188">
        <ele>736.75</ele>
      </trkpt>
      <trkpt lat="39.944228" lon="-3.445169">
        <ele>739.75</ele>
      </trkpt>
      <trkpt lat="39.944378" lon="-3.44272">
        <ele>740.5</ele>
      </trkpt>
      <trkpt lat="39.944445" lon="-3.440991">
        <ele>740.75</ele>
      </trkpt>
      <trkpt lat="39.944481" lon="-3.438986">
        <ele>738</ele>
      </trkpt>
      <trkpt lat="39.944476" lon="-3.43746">
        <ele>735.5</ele>
      </trkpt>
      <trkpt lat="39.944301" lon="-3.430197">
        <ele>733.5</ele>
      </trkpt>
      <trkpt lat="39.944287" lon="-3.428389">
        <ele>734.5</ele>
      </trkpt>
      <trkpt lat="39.944299" lon="-3.42673">
        <ele>734.75</ele>
      </trkpt>
      <trkpt lat="39.944344" lon="-3.424974">
        <ele>737</ele>
      </trkpt>
      <trkpt lat="39.944427" lon="-3.423101">
        <ele>737.5</ele>
      </trkpt>
      <trkpt lat="39.944527" lon="-3.421505">
        <ele>739.5</ele>
      </trkpt>
      <trkpt lat="39.944715" lon="-3.419133">
        <ele>740.75</ele>
      </trkpt>
      <trkpt lat="39.94498" lon="-3.41658">
        <ele>738</ele>
      </trkpt>
      <trkpt lat="39.945401" lon="-3.413536">
        <ele>739.25</ele>
      </trkpt>
      <trkpt lat="39.945806" lon="-3.411101">
        <ele>738.75</ele>
      </trkpt>
      <trkpt lat="39.946154" lon="-3.409243">
        <ele>739.25</ele>
      </trkpt>
      <trkpt lat="39.946788" lon="-3.406263">
        <ele>742.5</ele>
      </trkpt>
      <trkpt lat="39.951172" lon="-3.386923">
        <ele>746</ele>
      </trkpt>
      <trkpt lat="39.952136" lon="-3.38267">
        <ele>746.25</ele>
      </trkpt>
      <trkpt lat="39.954105" lon="-3.37398">
        <ele>750.25</ele>
      </trkpt>
      <trkpt lat="39.954635" lon="-3.37158">
        <ele>752.25</ele>
      </trkpt>
      <trkpt lat="39.955082" lon="-3.369603">
        <ele>751.5</ele>
      </trkpt>
      <trkpt lat="39.955783" lon="-3.366294">
        <ele>753.75</ele>
      </trkpt>
      <trkpt lat="39.959904" lon="-3.34811">
        <ele>753.5</ele>
      </trkpt>
      <trkpt lat="39.96048" lon="-3.345443">
        <ele>753.5</ele>
      </trkpt>
      <trkpt lat="39.960956" lon="-3.343018">
        <ele>754.25</ele>
      </trkpt>
      <trkpt lat="39.961318" lon="-3.340989">
        <ele>754.25</ele>
      </trkpt>
      <trkpt lat="39.961607" lon="-3.339093">
        <ele>750.5</ele>
      </trkpt>
      <trkpt lat="39.961936" lon="-3.336583">
        <ele>745.75</ele>
      </trkpt>
      <trkpt lat="39.962241" lon="-3.333531">
        <ele>740.25</ele>
      </trkpt>
      <trkpt lat="39.962379" lon="-3.331601">
        <ele>745.5</ele>
      </trkpt>
      <trkpt lat="39.962507" lon="-3.329405">
        <ele>749</ele>
      </trkpt>
      <trkpt lat="39.962562" lon="-3.327644">
        <ele>750</ele>
      </trkpt>
      <trkpt lat="39.962592" lon="-3.325399">
        <ele>757.5</ele>
      </trkpt>
      <trkpt lat="39.962582" lon="-3.324037">
        <ele>761.25</ele>
      </trkpt>
      <trkpt lat="39.962559" lon="-3.322854">
        <ele>763.75</ele>
      </trkpt>
      <trkpt lat="39.962491" lon="-3.320965">
        <ele>766.5</ele>
      </trkpt>
      <trkpt lat="39.962398" lon="-3.31925">
        <ele>770</ele>
      </trkpt>
      <trkpt lat="39.962277" lon="-3.317388">
        <ele>768.25</ele>
      </trkpt>
      <trkpt lat="39.962086" lon="-3.315326">
        <ele>760.75</ele>
      </trkpt>
      <trkpt lat="39.961893" lon="-3.313594">
        <ele>766.5</ele>
      </trkpt>
      <trkpt lat="39.961614" lon="-3.311449">
        <ele>768</ele>
      </trkpt>
      <trkpt lat="39.961384" lon="-3.309886">
        <ele>770</ele>
      </trkpt>
      <trkpt lat="39.961094" lon="-3.308192">
        <ele>771.5</ele>
      </trkpt>
      <trkpt lat="39.960803" lon="-3.306626">
        <ele>771</ele>
      </trkpt>
      <trkpt lat="39.960466" lon="-3.304968">
        <ele>770.75</ele>
      </trkpt>
      <trkpt lat="39.960139" lon="-3.303515">
        <ele>769.5</ele>
      </trkpt>
      <trkpt lat="39.959715" lon="-3.301707">
        <ele>772.25</ele>
      </trkpt>
      <trkpt lat="39.959161" lon="-3.299619">
        <ele>768</ele>
      </trkpt>
      <trkpt lat="39.958703" lon="-3.298012">
        <ele>771.5</ele>
      </trkpt>
      <trkpt lat="39.957891" lon="-3.295388">
        <ele>771.5</ele>
      </trkpt>
      <trkpt lat="39.956159" lon="-3.289995">
        <ele>770.25</ele>
      </trkpt>
      <trkpt lat="39.955477" lon="-3.287757">
        <ele>768.25</ele>
      </trkpt>
      <trkpt lat="39.95475" lon="-3.285078">
        <ele>768.5</ele>
      </trkpt>
      <trkpt lat="39.954259" lon="-3.283114">
        <ele>771.25</ele>
      </trkpt>
      <trkpt lat="39.953785" lon="-3.281042">
        <ele>773</ele>
      </trkpt>
      <trkpt lat="39.953016" lon="-3.277126">
        <ele>772.75</ele>
      </trkpt>
      <trkpt lat="39.952556" lon="-3.274343">
        <ele>758.75</ele>
      </trkpt>
      <trkpt lat="39.952197" lon="-3.271742">
        <ele>757.25</ele>
      </trkpt>
      <trkpt lat="39.951836" lon="-3.268571">
        <ele>756</ele>
      </trkpt>
      <trkpt lat="39.95168" lon="-3.266838">
        <ele>751.25</ele>
      </trkpt>
      <trkpt lat="39.951522" lon="-3.26447">
        <ele>750.75</ele>
      </trkpt>
      <trkpt lat="39.951423" lon="-3.262617">
        <ele>749.75</ele>
      </trkpt>
      <trkpt lat="39.951354" lon="-3.260681">
        <ele>752.5</ele>
      </trkpt>
      <trkpt lat="39.951323" lon="-3.258632">
        <ele>757.5</ele>
      </trkpt>
      <trkpt lat="39.951323" lon="-3.256966">
        <ele>760.5</ele>
      </trkpt>
      <trkpt lat="39.951356" lon="-3.255327">
        <ele>768</ele>
      </trkpt>
      <trkpt lat="39.951437" lon="-3.252841">
        <ele>763.75</ele>
      </trkpt>
      <trkpt lat="39.951599" lon="-3.250123">
        <ele>767.75</ele>
      </trkpt>
      <trkpt lat="39.951823" lon="-3.247513">
        <ele>772.25</ele>
      </trkpt>
      <trkpt lat="39.952073" lon="-3.245063">
        <ele>773.25</ele>
      </trkpt>
      <trkpt lat="39.952518" lon="-3.241737">
        <ele>784.5</ele>
      </trkpt>
      <trkpt lat="39.953084" lon="-3.23831">
        <ele>782.75</ele>
      </trkpt>
      <trkpt lat="39.95349" lon="-3.236223">
        <ele>782.5</ele>
      </trkpt>
      <trkpt lat="39.953909" lon="-3.234268">
        <ele>785.25</ele>
      </trkpt>
      <trkpt lat="39.954406" lon="-3.232127">
        <ele>784.5</ele>
      </trkpt>
      <trkpt lat="39.9551" lon="-3.229461">
        <ele>785.25</ele>
      </trkpt>
      <trkpt lat="39.955597" lon="-3.227722">
        <ele>786.25</ele>
      </trkpt>
      <trkpt lat="39.956062" lon="-3.226177">
        <ele>788</ele>
      </trkpt>
      <trkpt lat="39.956825" lon="-3.22382">
        <ele>787.75</ele>
      </trkpt>
      <trkpt lat="39.957361" lon="-3.222258">
        <ele>788.25</ele>
      </trkpt>
      <trkpt lat="39.957949" lon="-3.220639">
        <ele>787</ele>
      </trkpt>
      <trkpt lat="39.95861" lon="-3.21895">
        <ele>786.5</ele>
      </trkpt>
      <trkpt lat="39.960987" lon="-3.212997">
        <ele>791</ele>
      </trkpt>
      <trkpt lat="39.961776" lon="-3.210918">
        <ele>790</ele>
      </trkpt>
      <trkpt lat="39.962677" lon="-3.208351">
        <ele>792</ele>
      </trkpt>
      <trkpt lat="39.963158" lon="-3.206885">
        <ele>785</ele>
      </trkpt>
      <trkpt lat="39.963808" lon="-3.204761">
        <ele>783.25</ele>
      </trkpt>
      <trkpt lat="39.964308" lon="-3.203016">
        <ele>783.75</ele>
      </trkpt>
      <trkpt lat="39.964805" lon="-3.201141">
        <ele>784.75</ele>
      </trkpt>
      <trkpt lat="39.965136" lon="-3.199821">
        <ele>785.5</ele>
      </trkpt>
      <trkpt lat="39.965492" lon="-3.198282">
        <ele>787.5</ele>
      </trkpt>
      <trkpt lat="39.965824" lon="-3.19676">
        <ele>790.75</ele>
      </trkpt>
      <trkpt lat="39.966038" lon="-3.195736">
        <ele>789.5</ele>
      </trkpt>
      <trkpt lat="39.96633" lon="-3.194175">
        <ele>789.25</ele>
      </trkpt>
      <trkpt lat="39.966694" lon="-3.192086">
        <ele>790</ele>
      </trkpt>
      <trkpt lat="39.967468" lon="-3.187278">
        <ele>787</ele>
      </trkpt>
      <trkpt lat="39.968128" lon="-3.183394">
        <ele>788.5</ele>
      </trkpt>
      <trkpt lat="39.968471" lon="-3.181553">
        <ele>792</ele>
      </trkpt>
      <trkpt lat="39.969045" lon="-3.178924">
        <ele>792</ele>
      </trkpt>
      <trkpt lat="39.969532" lon="-3.176885">
        <ele>790.25</ele>
      </trkpt>
      <trkpt lat="39.970227" lon="-3.174233">
        <ele>787.5</ele>
      </trkpt>
      <trkpt lat="39.970882" lon="-3.171996">
        <ele>788</ele>
      </trkpt>
      <trkpt lat="39.971888" lon="-3.168703">
        <ele>786.5</ele>
      </trkpt>
      <trkpt lat="39.972162" lon="-3.167823">
        <ele>786.75</ele>
      </trkpt>
      <trkpt lat="39.976052" lon="-3.155306">
        <ele>787.25</ele>
      </trkpt>
      <trkpt lat="39.977317" lon="-3.151166">
        <ele>786.5</ele>
      </trkpt>
      <trkpt lat="39.977349" lon="-3.151066">
        <ele>786.75</ele>
      </trkpt>
      <trkpt lat="39.977952" lon="-3.149">
        <ele>786.25</ele>
      </trkpt>
      <trkpt lat="39.978639" lon="-3.146394">
        <ele>786.5</ele>
      </trkpt>
      <trkpt lat="39.979246" lon="-3.14386">
        <ele>787.5</ele>
      </trkpt>
      <trkpt lat="39.979761" lon="-3.141401">
        <ele>790.5</ele>
      </trkpt>
      <trkpt lat="39.980117" lon="-3.139563">
        <ele>792.75</ele>
      </trkpt>
      <trkpt lat="39.980462" lon="-3.137511">
        <ele>790.75</ele>
      </trkpt>
      <trkpt lat="39.980806" lon="-3.135255">
        <ele>792</ele>
      </trkpt>
      <trkpt lat="39.981071" lon="-3.133148">
        <ele>794.5</ele>
      </trkpt>
      <trkpt lat="39.981243" lon="-3.131558">
        <ele>791.75</ele>
      </trkpt>
      <trkpt lat="39.981454" lon="-3.129332">
        <ele>794.75</ele>
      </trkpt>
      <trkpt lat="39.981632" lon="-3.127103">
        <ele>796.25</ele>
      </trkpt>
      <trkpt lat="39.982019" lon="-3.12155">
        <ele>806.25</ele>
      </trkpt>
      <trkpt lat="39.982189" lon="-3.118783">
        <ele>809</ele>
      </trkpt>
      <trkpt lat="39.982315" lon="-3.116273">
        <ele>811.25</ele>
      </trkpt>
      <trkpt lat="39.982365" lon="-3.114256">
        <ele>808.5</ele>
      </trkpt>
      <trkpt lat="39.982374" lon="-3.111877">
        <ele>802</ele>
      </trkpt>
      <trkpt lat="39.982335" lon="-3.109574">
        <ele>801.5</ele>
      </trkpt>
      <trkpt lat="39.982275" lon="-3.107697">
        <ele>803</ele>
      </trkpt>
      <trkpt lat="39.982151" lon="-3.105426">
        <ele>802.5</ele>
      </trkpt>
      <trkpt lat="39.981959" lon="-3.102761">
        <ele>807.25</ele>
      </trkpt>
      <trkpt lat="39.981625" lon="-3.099593">
        <ele>807.25</ele>
      </trkpt>
      <trkpt lat="39.981236" lon="-3.096659">
        <ele>809.25</ele>
      </trkpt>
      <trkpt lat="39.980805" lon="-3.093904">
        <ele>810.5</ele>
      </trkpt>
      <trkpt lat="39.980473" lon="-3.092049">
        <ele>805.25</ele>
      </trkpt>
      <trkpt lat="39.9801" lon="-3.090181">
        <ele>803</ele>
      </trkpt>
      <trkpt lat="39.9795" lon="-3.087503">
        <ele>801</ele>
      </trkpt>
      <trkpt lat="39.978859" lon="-3.084951">
        <ele>800.25</ele>
      </trkpt>
      <trkpt lat="39.978186" lon="-3.082519">
        <ele>798</ele>
      </trkpt>
      <trkpt lat="39.977448" lon="-3.080105">
        <ele>796.75</ele>
      </trkpt>
      <trkpt lat="39.976381" lon="-3.07686">
        <ele>794.25</ele>
      </trkpt>
      <trkpt lat="39.975151" lon="-3.07332">
        <ele>794.5</ele>
      </trkpt>
      <trkpt lat="39.974455" lon="-3.07124">
        <ele>794.25</ele>
      </trkpt>
      <trkpt lat="39.973818" lon="-3.069262">
        <ele>791.5</ele>
      </trkpt>
      <trkpt lat="39.973356" lon="-3.067672">
        <ele>794.5</ele>
      </trkpt>
      <trkpt lat="39.972664" lon="-3.065228">
        <ele>793.75</ele>
      </trkpt>
      <trkpt lat="39.972023" lon="-3.062622">
        <ele>791</ele>
      </trkpt>
      <trkpt lat="39.971492" lon="-3.06019">
        <ele>791.5</ele>
      </trkpt>
      <trkpt lat="39.970988" lon="-3.057632">
        <ele>792.75</ele>
      </trkpt>
      <trkpt lat="39.970599" lon="-3.055451">
        <ele>792.25</ele>
      </trkpt>
      <trkpt lat="39.970168" lon="-3.052468">
        <ele>798.25</ele>
      </trkpt>
      <trkpt lat="39.969788" lon="-3.049175">
        <ele>799</ele>
      </trkpt>
      <trkpt lat="39.969533" lon="-3.046087">
        <ele>801.5</ele>
      </trkpt>
      <trkpt lat="39.969368" lon="-3.042566">
        <ele>796.25</ele>
      </trkpt>
      <trkpt lat="39.969314" lon="-3.040171">
        <ele>797.25</ele>
      </trkpt>
      <trkpt lat="39.9693" lon="-3.037458">
        <ele>799.75</ele>
      </trkpt>
      <trkpt lat="39.969355" lon="-3.034876">
        <ele>801.25</ele>
      </trkpt>
      <trkpt lat="39.969488" lon="-3.032432">
        <ele>802.25</ele>
      </trkpt>
      <trkpt lat="39.969704" lon="-3.029348">
        <ele>804.75</ele>
      </trkpt>
      <trkpt lat="39.970048" lon="-3.025962">
        <ele>811.5</ele>
      </trkpt>
      <trkpt lat="39.970552" lon="-3.022448">
        <ele>805.25</ele>
      </trkpt>
      <trkpt lat="39.971069" lon="-3.019465">
        <ele>803.5</ele>
      </trkpt>
      <trkpt lat="39.971651" lon="-3.016549">
        <ele>797</ele>
      </trkpt>
      <trkpt lat="39.972222" lon="-3.014125">
        <ele>800.75</ele>
      </trkpt>
      <trkpt lat="39.972918" lon="-3.011395">
        <ele>800.75</ele>
      </trkpt>
      <trkpt lat="39.973751" lon="-3.008347">
        <ele>796.5</ele>
      </trkpt>
      <trkpt lat="39.974183" lon="-3.006813">
        <ele>798.25</ele>
      </trkpt>
      <trkpt lat="39.975035" lon="-3.003872">
        <ele>793</ele>
      </trkpt>
      <trkpt lat="39.975679" lon="-3.001518">
        <ele>785.5</ele>
      </trkpt>
      <trkpt lat="39.975906" lon="-3.000725">
        <ele>784.25</ele>
      </trkpt>
      <trkpt lat="39.976696" lon="-2.997888">
        <ele>776.75</ele>
      </trkpt>
      <trkpt lat="39.977557" lon="-2.994754">
        <ele>776</ele>
      </trkpt>
      <trkpt lat="39.978175" lon="-2.99253">
        <ele>768.25</ele>
      </trkpt>
      <trkpt lat="39.978699" lon="-2.99057">
        <ele>765</ele>
      </trkpt>
      <trkpt lat="39.979064" lon="-2.989238">
        <ele>765.75</ele>
      </trkpt>
      <trkpt lat="39.980058" lon="-2.985729">
        <ele>776.5</ele>
      </trkpt>
      <trkpt lat="39.980089" lon="-2.985607">
        <ele>777.25</ele>
      </trkpt>
      <trkpt lat="39.980362" lon="-2.984606">
        <ele>784</ele>
      </trkpt>
      <trkpt lat="39.981573" lon="-2.980229">
        <ele>790</ele>
      </trkpt>
      <trkpt lat="39.982402" lon="-2.977297">
        <ele>793</ele>
      </trkpt>
      <trkpt lat="39.983034" lon="-2.975206">
        <ele>798.5</ele>
      </trkpt>
      <trkpt lat="39.98357" lon="-2.973529">
        <ele>800.5</ele>
      </trkpt>
      <trkpt lat="39.984147" lon="-2.971865">
        <ele>807.25</ele>
      </trkpt>
      <trkpt lat="39.984653" lon="-2.970445">
        <ele>813.75</ele>
      </trkpt>
      <trkpt lat="39.98528" lon="-2.96879">
        <ele>814.75</ele>
      </trkpt>
      <trkpt lat="39.985988" lon="-2.967012">
        <ele>811.75</ele>
      </trkpt>
      <trkpt lat="39.98656" lon="-2.965718">
        <ele>805.25</ele>
      </trkpt>
      <trkpt lat="39.987488" lon="-2.963579">
        <ele>803.25</ele>
      </trkpt>
      <trkpt lat="39.988866" lon="-2.960722">
        <ele>801.25</ele>
      </trkpt>
      <trkpt lat="39.992055" lon="-2.954994">
        <ele>807.5</ele>
      </trkpt>
      <trkpt lat="39.999003" lon="-2.943201">
        <ele>826.5</ele>
      </trkpt>
      <trkpt lat="40" lon="-2.941231">
        <ele>827.5</ele>
      </trkpt>
      <trkpt lat="40.001045" lon="-2.939028">
        <ele>831.25</ele>
      </trkpt>
      <trkpt lat="40.002175" lon="-2.936445">
        <ele>828.5</ele>
      </trkpt>
      <trkpt lat="40.003161" lon="-2.934">
        <ele>835.5</ele>
      </trkpt>
      <trkpt lat="40.003791" lon="-2.932341">
        <ele>836.25</ele>
      </trkpt>
      <trkpt lat="40.004271" lon="-2.931012">
        <ele>839</ele>
      </trkpt>
      <trkpt lat="40.005192" lon="-2.928261">
        <ele>837.5</ele>
      </trkpt>
      <trkpt lat="40.005807" lon="-2.926246">
        <ele>839</ele>
      </trkpt>
      <trkpt lat="40.006557" lon="-2.92358">
        <ele>842.25</ele>
      </trkpt>
      <trkpt lat="40.006919" lon="-2.92221">
        <ele>844</ele>
      </trkpt>
      <trkpt lat="40.00724" lon="-2.920902">
        <ele>844.75</ele>
      </trkpt>
      <trkpt lat="40.00765" lon="-2.919136">
        <ele>843.5</ele>
      </trkpt>
      <trkpt lat="40.007968" lon="-2.917625">
        <ele>844.5</ele>
      </trkpt>
      <trkpt lat="40.008455" lon="-2.915087">
        <ele>847.75</ele>
      </trkpt>
      <trkpt lat="40.008822" lon="-2.912965">
        <ele>853</ele>
      </trkpt>
      <trkpt lat="40.009075" lon="-2.9113">
        <ele>851.5</ele>
      </trkpt>
      <trkpt lat="40.009463" lon="-2.908231">
        <ele>846.5</ele>
      </trkpt>
      <trkpt lat="40.009694" lon="-2.906101">
        <ele>846.25</ele>
      </trkpt>
      <trkpt lat="40.009827" lon="-2.904562">
        <ele>846.25</ele>
      </trkpt>
      <trkpt lat="40.009964" lon="-2.902639">
        <ele>843.75</ele>
      </trkpt>
      <trkpt lat="40.010089" lon="-2.900299">
        <ele>845.5</ele>
      </trkpt>
      <trkpt lat="40.010147" lon="-2.898519">
        <ele>840.25</ele>
      </trkpt>
      <trkpt lat="40.010185" lon="-2.896512">
        <ele>831.75</ele>
      </trkpt>
      <trkpt lat="40.010197" lon="-2.895031">
        <ele>830</ele>
      </trkpt>
      <trkpt lat="40.010223" lon="-2.889058">
        <ele>844</ele>
      </trkpt>
      <trkpt lat="40.010283" lon="-2.886418">
        <ele>851.25</ele>
      </trkpt>
      <trkpt lat="40.010377" lon="-2.884444">
        <ele>859</ele>
      </trkpt>
      <trkpt lat="40.010495" lon="-2.882543">
        <ele>863.25</ele>
      </trkpt>
      <trkpt lat="40.010626" lon="-2.880912">
        <ele>860.5</ele>
      </trkpt>
      <trkpt lat="40.010799" lon="-2.879136">
        <ele>868</ele>
      </trkpt>
      <trkpt lat="40.01108" lon="-2.876658">
        <ele>884.5</ele>
      </trkpt>
      <trkpt lat="40.011271" lon="-2.875244">
        <ele>893.75</ele>
      </trkpt>
      <trkpt lat="40.011518" lon="-2.873565">
        <ele>899</ele>
      </trkpt>
      <trkpt lat="40.011866" lon="-2.871436">
        <ele>901</ele>
      </trkpt>
      <trkpt lat="40.013827" lon="-2.862587">
        <ele>902.75</ele>
      </trkpt>
      <trkpt lat="40.018429" lon="-2.845109">
        <ele>903.25</ele>
      </trkpt>
      <trkpt lat="40.020446" lon="-2.837436">
        <ele>919.25</ele>
      </trkpt>
      <trkpt lat="40.022337" lon="-2.829699">
        <ele>908.75</ele>
      </trkpt>
      <trkpt lat="40.023047" lon="-2.826079">
        <ele>885.5</ele>
      </trkpt>
      <trkpt lat="40.023634" lon="-2.822496">
        <ele>884.25</ele>
      </trkpt>
      <trkpt lat="40.024696" lon="-2.814462">
        <ele>873.75</ele>
      </trkpt>
      <trkpt lat="40.028252" lon="-2.786782">
        <ele>919.75</ele>
      </trkpt>
      <trkpt lat="40.029281" lon="-2.778774">
        <ele>914.25</ele>
      </trkpt>
      <trkpt lat="40.030225" lon="-2.771297">
        <ele>915</ele>
      </trkpt>
      <trkpt lat="40.030524" lon="-2.768912">
        <ele>910.75</ele>
      </trkpt>
      <trkpt lat="40.030868" lon="-2.766164">
        <ele>917.25</ele>
      </trkpt>
      <trkpt lat="40.031431" lon="-2.75981">
        <ele>909</ele>
      </trkpt>
      <trkpt lat="40.031617" lon="-2.755286">
        <ele>884</ele>
      </trkpt>
      <trkpt lat="40.031635" lon="-2.753268">
        <ele>885</ele>
      </trkpt>
      <trkpt lat="40.031584" lon="-2.750018">
        <ele>889</ele>
      </trkpt>
      <trkpt lat="40.031484" lon="-2.747272">
        <ele>884.5</ele>
      </trkpt>
      <trkpt lat="40.031368" lon="-2.745372">
        <ele>898.25</ele>
      </trkpt>
      <trkpt lat="40.031231" lon="-2.743581">
        <ele>890</ele>
      </trkpt>
      <trkpt lat="40.031073" lon="-2.741806">
        <ele>880.5</ele>
      </trkpt>
      <trkpt lat="40.030908" lon="-2.740288">
        <ele>879.75</ele>
      </trkpt>
      <trkpt lat="40.030635" lon="-2.738055">
        <ele>890</ele>
      </trkpt>
      <trkpt lat="40.029302" lon="-2.728684">
        <ele>908</ele>
      </trkpt>
      <trkpt lat="40.028314" lon="-2.721803">
        <ele>890.75</ele>
      </trkpt>
      <trkpt lat="40.028295" lon="-2.721671">
        <ele>889.75</ele>
      </trkpt>
      <trkpt lat="40.027363" lon="-2.715261">
        <ele>893.75</ele>
      </trkpt>
      <trkpt lat="40.026305" lon="-2.707913">
        <ele>879</ele>
      </trkpt>
      <trkpt lat="40.025887" lon="-2.705309">
        <ele>893.75</ele>
      </trkpt>
      <trkpt lat="40.02479" lon="-2.697671">
        <ele>879.75</ele>
      </trkpt>
      <trkpt lat="40.024548" lon="-2.695744">
        <ele>872.75</ele>
      </trkpt>
      <trkpt lat="40.024223" lon="-2.692776">
        <ele>866.75</ele>
      </trkpt>
      <trkpt lat="40.023982" lon="-2.69007">
        <ele>860.75</ele>
      </trkpt>
      <trkpt lat="40.023723" lon="-2.686331">
        <ele>866</ele>
      </trkpt>
      <trkpt lat="40.023518" lon="-2.681816">
        <ele>854.75</ele>
      </trkpt>
      <trkpt lat="40.023484" lon="-2.680731">
        <ele>855.25</ele>
      </trkpt>
      <trkpt lat="40.023362" lon="-2.677612">
        <ele>857</ele>
      </trkpt>
      <trkpt lat="40.02323" lon="-2.675078">
        <ele>862.25</ele>
      </trkpt>
      <trkpt lat="40.023103" lon="-2.673245">
        <ele>861</ele>
      </trkpt>
      <trkpt lat="40.022929" lon="-2.670983">
        <ele>860</ele>
      </trkpt>
      <trkpt lat="40.022728" lon="-2.668922">
        <ele>861.75</ele>
      </trkpt>
      <trkpt lat="40.022431" lon="-2.666164">
        <ele>868.75</ele>
      </trkpt>
      <trkpt lat="40.02166" lon="-2.659931">
        <ele>868.5</ele>
      </trkpt>
      <trkpt lat="40.021368" lon="-2.657348">
        <ele>866</ele>
      </trkpt>
      <trkpt lat="40.021137" lon="-2.654817">
        <ele>861.5</ele>
      </trkpt>
      <trkpt lat="40.020954" lon="-2.652097">
        <ele>856.5</ele>
      </trkpt>
      <trkpt lat="40.020899" lon="-2.651204">
        <ele>856.5</ele>
      </trkpt>
      <trkpt lat="40.02087" lon="-2.65044">
        <ele>856.5</ele>
      </trkpt>
      <trkpt lat="40.020824" lon="-2.648749">
        <ele>859.5</ele>
      </trkpt>
      <trkpt lat="40.02079" lon="-2.64625">
        <ele>866.75</ele>
      </trkpt>
      <trkpt lat="40.020827" lon="-2.643278">
        <ele>872.5</ele>
      </trkpt>
      <trkpt lat="40.020873" lon="-2.641834">
        <ele>868.25</ele>
      </trkpt>
      <trkpt lat="40.020964" lon="-2.639944">
        <ele>872.75</ele>
      </trkpt>
      <trkpt lat="40.021047" lon="-2.638532">
        <ele>877.5</ele>
      </trkpt>
      <trkpt lat="40.021161" lon="-2.637065">
        <ele>883</ele>
      </trkpt>
      <trkpt lat="40.021374" lon="-2.634735">
        <ele>898</ele>
      </trkpt>
      <trkpt lat="40.021532" lon="-2.633349">
        <ele>896.5</ele>
      </trkpt>
      <trkpt lat="40.021872" lon="-2.630708">
        <ele>907</ele>
      </trkpt>
      <trkpt lat="40.022268" lon="-2.628113">
        <ele>920.75</ele>
      </trkpt>
      <trkpt lat="40.022676" lon="-2.625785">
        <ele>922.5</ele>
      </trkpt>
      <trkpt lat="40.022979" lon="-2.624283">
        <ele>925.75</ele>
      </trkpt>
      <trkpt lat="40.023446" lon="-2.622082">
        <ele>926.25</ele>
      </trkpt>
      <trkpt lat="40.024009" lon="-2.619746">
        <ele>927</ele>
      </trkpt>
      <trkpt lat="40.024556" lon="-2.617625">
        <ele>927.5</ele>
      </trkpt>
      <trkpt lat="40.02512" lon="-2.615679">
        <ele>937.75</ele>
      </trkpt>
      <trkpt lat="40.025432" lon="-2.614577">
        <ele>944</ele>
      </trkpt>
      <trkpt lat="40.029303" lon="-2.601716">
        <ele>907.75</ele>
      </trkpt>
      <trkpt lat="40.02968" lon="-2.60049">
        <ele>905.75</ele>
      </trkpt>
      <trkpt lat="40.030256" lon="-2.598721">
        <ele>900</ele>
      </trkpt>
      <trkpt lat="40.031187" lon="-2.596031">
        <ele>893.25</ele>
      </trkpt>
      <trkpt lat="40.031928" lon="-2.594066">
        <ele>894.5</ele>
      </trkpt>
      <trkpt lat="40.032571" lon="-2.592453">
        <ele>899.75</ele>
      </trkpt>
      <trkpt lat="40.033002" lon="-2.591425">
        <ele>899</ele>
      </trkpt>
      <trkpt lat="40.03363" lon="-2.589962">
        <ele>899.75</ele>
      </trkpt>
      <trkpt lat="40.034659" lon="-2.587721">
        <ele>901</ele>
      </trkpt>
      <trkpt lat="40.037301" lon="-2.582265">
        <ele>888</ele>
      </trkpt>
      <trkpt lat="40.03835" lon="-2.580009">
        <ele>888</ele>
      </trkpt>
      <trkpt lat="40.03946" lon="-2.577467">
        <ele>888</ele>
      </trkpt>
      <trkpt lat="40.040852" lon="-2.574011">
        <ele>888</ele>
      </trkpt>
      <trkpt lat="40.041301" lon="-2.572805">
        <ele>888</ele>
      </trkpt>
      <trkpt lat="40.042227" lon="-2.570115">
        <ele>888</ele>
      </trkpt>
      <trkpt lat="40.043286" lon="-2.566752">
        <ele>902.75</ele>
      </trkpt>
      <trkpt lat="40.043888" lon="-2.564632">
        <ele>916.25</ele>
      </trkpt>
      <trkpt lat="40.044725" lon="-2.561279">
        <ele>911.75</ele>
      </trkpt>
      <trkpt lat="40.04516" lon="-2.559366">
        <ele>920</ele>
      </trkpt>
      <trkpt lat="40.045356" lon="-2.558362">
        <ele>934.25</ele>
      </trkpt>
      <trkpt lat="40.046231" lon="-2.553683">
        <ele>934.25</ele>
      </trkpt>
      <trkpt lat="40.046884" lon="-2.548943">
        <ele>934.25</ele>
      </trkpt>
      <trkpt lat="40.047315" lon="-2.544159">
        <ele>934.25</ele>
      </trkpt>
      <trkpt lat="40.047528" lon="-2.53935">
        <ele>934.25</ele>
      </trkpt>
      <trkpt lat="40.047555" lon="-2.532893">
        <ele>934.25</ele>
      </trkpt>
      <trkpt lat="40.047708" lon="-2.52644">
        <ele>934.25</ele>
      </trkpt>
      <trkpt lat="40.047987" lon="-2.519994">
        <ele>934.25</ele>
      </trkpt>
      <trkpt lat="40.048483" lon="-2.512358">
        <ele>969.75</ele>
      </trkpt>
      <trkpt lat="40.048755" lon="-2.509227">
        <ele>953.25</ele>
      </trkpt>
      <trkpt lat="40.048811" lon="-2.508636">
        <ele>951.75</ele>
      </trkpt>
      <trkpt lat="40.049243" lon="-2.50446">
        <ele>958.75</ele>
      </trkpt>
      <trkpt lat="40.049711" lon="-2.500577">
        <ele>954</ele>
      </trkpt>
      <trkpt lat="40.0499" lon="-2.499151">
        <ele>947.25</ele>
      </trkpt>
      <trkpt lat="40.050125" lon="-2.497494">
        <ele>948</ele>
      </trkpt>
      <trkpt lat="40.050623" lon="-2.493972">
        <ele>949.5</ele>
      </trkpt>
      <trkpt lat="40.051779" lon="-2.485806">
        <ele>942.75</ele>
      </trkpt>
      <trkpt lat="40.052229" lon="-2.482629">
        <ele>944.25</ele>
      </trkpt>
      <trkpt lat="40.052429" lon="-2.481126">
        <ele>953</ele>
      </trkpt>
      <trkpt lat="40.052577" lon="-2.480093">
        <ele>951.75</ele>
      </trkpt>
      <trkpt lat="40.053295" lon="-2.475019">
        <ele>949</ele>
      </trkpt>
      <trkpt lat="40.053714" lon="-2.471979">
        <ele>944</ele>
      </trkpt>
      <trkpt lat="40.054801" lon="-2.464405">
        <ele>959</ele>
      </trkpt>
      <trkpt lat="40.055626" lon="-2.458487">
        <ele>951.75</ele>
      </trkpt>
      <trkpt lat="40.055981" lon="-2.455517">
        <ele>953.5</ele>
      </trkpt>
      <trkpt lat="40.056119" lon="-2.454151">
        <ele>960.5</ele>
      </trkpt>
      <trkpt lat="40.056271" lon="-2.45246">
        <ele>964.5</ele>
      </trkpt>
      <trkpt lat="40.056466" lon="-2.449575">
        <ele>970.5</ele>
      </trkpt>
      <trkpt lat="40.056589" lon="-2.44719">
        <ele>964</ele>
      </trkpt>
      <trkpt lat="40.056638" lon="-2.445265">
        <ele>976.5</ele>
      </trkpt>
      <trkpt lat="40.056671" lon="-2.443023">
        <ele>976.75</ele>
      </trkpt>
      <trkpt lat="40.056652" lon="-2.44058">
        <ele>987</ele>
      </trkpt>
      <trkpt lat="40.056596" lon="-2.438004">
        <ele>994.25</ele>
      </trkpt>
      <trkpt lat="40.056474" lon="-2.435582">
        <ele>989.75</ele>
      </trkpt>
      <trkpt lat="40.0563" lon="-2.433053">
        <ele>991</ele>
      </trkpt>
      <trkpt lat="40.056224" lon="-2.432144">
        <ele>984.75</ele>
      </trkpt>
      <trkpt lat="40.056093" lon="-2.430702">
        <ele>983</ele>
      </trkpt>
      <trkpt lat="40.055925" lon="-2.429041">
        <ele>985</ele>
      </trkpt>
      <trkpt lat="40.05572" lon="-2.427358">
        <ele>997.25</ele>
      </trkpt>
      <trkpt lat="40.055424" lon="-2.425171">
        <ele>992.5</ele>
      </trkpt>
      <trkpt lat="40.055029" lon="-2.422623">
        <ele>992.5</ele>
      </trkpt>
      <trkpt lat="40.053357" lon="-2.413009">
        <ele>998.25</ele>
      </trkpt>
      <trkpt lat="40.052693" lon="-2.408862">
        <ele>1012.75</ele>
      </trkpt>
      <trkpt lat="40.051997" lon="-2.403952">
        <ele>1045.25</ele>
      </trkpt>
      <trkpt lat="40.051715" lon="-2.401883">
        <ele>1034.5</ele>
      </trkpt>
      <trkpt lat="40.051696" lon="-2.401716">
        <ele>1032.25</ele>
      </trkpt>
      <trkpt lat="40.051413" lon="-2.399385">
        <ele>1028.5</ele>
      </trkpt>
      <trkpt lat="40.051334" lon="-2.39875">
        <ele>1040.25</ele>
      </trkpt>
      <trkpt lat="40.050961" lon="-2.395403">
        <ele>1051.75</ele>
      </trkpt>
      <trkpt lat="40.050655" lon="-2.392448">
        <ele>1031.75</ele>
      </trkpt>
      <trkpt lat="40.050544" lon="-2.391246">
        <ele>1029.5</ele>
      </trkpt>
      <trkpt lat="40.05046" lon="-2.390344">
        <ele>1031.75</ele>
      </trkpt>
      <trkpt lat="40.05008" lon="-2.386008">
        <ele>1031.75</ele>
      </trkpt>
      <trkpt lat="40.049919" lon="-2.38445">
        <ele>1031.75</ele>
      </trkpt>
      <trkpt lat="40.0497" lon="-2.382558">
        <ele>1028.5</ele>
      </trkpt>
      <trkpt lat="40.04936" lon="-2.380118">
        <ele>1057.25</ele>
      </trkpt>
      <trkpt lat="40.049051" lon="-2.378169">
        <ele>1066</ele>
      </trkpt>
      <trkpt lat="40.048712" lon="-2.376337">
        <ele>1072.5</ele>
      </trkpt>
      <trkpt lat="40.048482" lon="-2.375204">
        <ele>1075.5</ele>
      </trkpt>
      <trkpt lat="40.048128" lon="-2.373535">
        <ele>1083.25</ele>
      </trkpt>
      <trkpt lat="40.047684" lon="-2.37164">
        <ele>1079.75</ele>
      </trkpt>
      <trkpt lat="40.047248" lon="-2.369922">
        <ele>1095</ele>
      </trkpt>
      <trkpt lat="40.046349" lon="-2.366798">
        <ele>1093.75</ele>
      </trkpt>
      <trkpt lat="40.045871" lon="-2.365272">
        <ele>1095.75</ele>
      </trkpt>
      <trkpt lat="40.045368" lon="-2.36376">
        <ele>1093.5</ele>
      </trkpt>
      <trkpt lat="40.04484" lon="-2.362262">
        <ele>1095.75</ele>
      </trkpt>
      <trkpt lat="40.044294" lon="-2.360771">
        <ele>1098.5</ele>
      </trkpt>
      <trkpt lat="40.04287" lon="-2.357512">
        <ele>1098.5</ele>
      </trkpt>
      <trkpt lat="40.041544" lon="-2.354183">
        <ele>1098.5</ele>
      </trkpt>
      <trkpt lat="40.040319" lon="-2.350789">
        <ele>1098.5</ele>
      </trkpt>
      <trkpt lat="40.039195" lon="-2.347335">
        <ele>1098.5</ele>
      </trkpt>
      <trkpt lat="40.038175" lon="-2.343827">
        <ele>1098.5</ele>
      </trkpt>
      <trkpt lat="40.03726" lon="-2.34027">
        <ele>1055.25</ele>
      </trkpt>
      <trkpt lat="40.036795" lon="-2.338198">
        <ele>1032.75</ele>
      </trkpt>
      <trkpt lat="40.036444" lon="-2.33644">
        <ele>1028.25</ele>
      </trkpt>
      <trkpt lat="40.036138" lon="-2.334763">
        <ele>1022.25</ele>
      </trkpt>
      <trkpt lat="40.035756" lon="-2.33239">
        <ele>1011.75</ele>
      </trkpt>
      <trkpt lat="40.035543" lon="-2.33098">
        <ele>1017.75</ele>
      </trkpt>
      <trkpt lat="40.035313" lon="-2.329177">
        <ele>1010.25</ele>
      </trkpt>
      <trkpt lat="40.035187" lon="-2.328074">
        <ele>1008</ele>
      </trkpt>
      <trkpt lat="40.034999" lon="-2.326207">
        <ele>1006</ele>
      </trkpt>
      <trkpt lat="40.034867" lon="-2.324599">
        <ele>991.75</ele>
      </trkpt>
      <trkpt lat="40.03472" lon="-2.322448">
        <ele>990</ele>
      </trkpt>
      <trkpt lat="40.034625" lon="-2.320489">
        <ele>986.25</ele>
      </trkpt>
      <trkpt lat="40.034566" lon="-2.31809">
        <ele>981</ele>
      </trkpt>
      <trkpt lat="40.034561" lon="-2.315558">
        <ele>970.75</ele>
      </trkpt>
      <trkpt lat="40.034565" lon="-2.314209">
        <ele>970.75</ele>
      </trkpt>
      <trkpt lat="40.034596" lon="-2.31286">
        <ele>970.75</ele>
      </trkpt>
      <trkpt lat="40.034656" lon="-2.311513">
        <ele>970.75</ele>
      </trkpt>
      <trkpt lat="40.034744" lon="-2.310168">
        <ele>967</ele>
      </trkpt>
      <trkpt lat="40.034883" lon="-2.308143">
        <ele>967.75</ele>
      </trkpt>
      <trkpt lat="40.03506" lon="-2.306153">
        <ele>973.75</ele>
      </trkpt>
      <trkpt lat="40.035281" lon="-2.304125">
        <ele>974</ele>
      </trkpt>
      <trkpt lat="40.035496" lon="-2.302398">
        <ele>969.5</ele>
      </trkpt>
      <trkpt lat="40.035679" lon="-2.30109">
        <ele>968.75</ele>
      </trkpt>
      <trkpt lat="40.035916" lon="-2.299571">
        <ele>961.5</ele>
      </trkpt>
      <trkpt lat="40.036061" lon="-2.29872">
        <ele>959.25</ele>
      </trkpt>
      <trkpt lat="40.036467" lon="-2.296441">
        <ele>970.5</ele>
      </trkpt>
      <trkpt lat="40.036983" lon="-2.293897">
        <ele>984</ele>
      </trkpt>
      <trkpt lat="40.037773" lon="-2.290309">
        <ele>984</ele>
      </trkpt>
      <trkpt lat="40.038709" lon="-2.286782">
        <ele>984</ele>
      </trkpt>
      <trkpt lat="40.039788" lon="-2.283325">
        <ele>984</ele>
      </trkpt>
      <trkpt lat="40.041007" lon="-2.279948">
        <ele>984</ele>
      </trkpt>
      <trkpt lat="40.042363" lon="-2.276661">
        <ele>984</ele>
      </trkpt>
      <trkpt lat="40.043851" lon="-2.273474">
        <ele>984</ele>
      </trkpt>
      <trkpt lat="40.045467" lon="-2.270395">
        <ele>983</ele>
      </trkpt>
      <trkpt lat="40.046369" lon="-2.268651">
        <ele>971.25</ele>
      </trkpt>
      <trkpt lat="40.047625" lon="-2.26635">
        <ele>967.75</ele>
      </trkpt>
      <trkpt lat="40.048503" lon="-2.264759">
        <ele>951.25</ele>
      </trkpt>
      <trkpt lat="40.049464" lon="-2.262955">
        <ele>950.25</ele>
      </trkpt>
      <trkpt lat="40.05023" lon="-2.261476">
        <ele>940.25</ele>
      </trkpt>
      <trkpt lat="40.050765" lon="-2.260405">
        <ele>931.25</ele>
      </trkpt>
      <trkpt lat="40.051342" lon="-2.259192">
        <ele>930.75</ele>
      </trkpt>
      <trkpt lat="40.052076" lon="-2.257587">
        <ele>927</ele>
      </trkpt>
      <trkpt lat="40.052595" lon="-2.25641">
        <ele>921.5</ele>
      </trkpt>
      <trkpt lat="40.053213" lon="-2.254961">
        <ele>921.5</ele>
      </trkpt>
      <trkpt lat="40.053775" lon="-2.253546">
        <ele>921.5</ele>
      </trkpt>
      <trkpt lat="40.054348" lon="-2.252052">
        <ele>921.5</ele>
      </trkpt>
      <trkpt lat="40.054683" lon="-2.251142">
        <ele>924.25</ele>
      </trkpt>
      <trkpt lat="40.05506" lon="-2.250078">
        <ele>925.75</ele>
      </trkpt>
      <trkpt lat="40.055371" lon="-2.249176">
        <ele>933.75</ele>
      </trkpt>
      <trkpt lat="40.055895" lon="-2.24758">
        <ele>934.5</ele>
      </trkpt>
      <trkpt lat="40.056402" lon="-2.245959">
        <ele>931.25</ele>
      </trkpt>
      <trkpt lat="40.056958" lon="-2.24406">
        <ele>940.75</ele>
      </trkpt>
      <trkpt lat="40.057519" lon="-2.241964">
        <ele>950.5</ele>
      </trkpt>
      <trkpt lat="40.058019" lon="-2.239933">
        <ele>956</ele>
      </trkpt>
      <trkpt lat="40.058493" lon="-2.237856">
        <ele>948.75</ele>
      </trkpt>
      <trkpt lat="40.05884" lon="-2.236097">
        <ele>952.5</ele>
      </trkpt>
      <trkpt lat="40.059237" lon="-2.233978">
        <ele>949</ele>
      </trkpt>
      <trkpt lat="40.05954" lon="-2.232223">
        <ele>939.25</ele>
      </trkpt>
      <trkpt lat="40.059946" lon="-2.22939">
        <ele>928.75</ele>
      </trkpt>
      <trkpt lat="40.060224" lon="-2.227085">
        <ele>927.25</ele>
      </trkpt>
      <trkpt lat="40.060483" lon="-2.224446">
        <ele>918.75</ele>
      </trkpt>
      <trkpt lat="40.060657" lon="-2.222165">
        <ele>915.25</ele>
      </trkpt>
      <trkpt lat="40.060739" lon="-2.220787">
        <ele>913</ele>
      </trkpt>
      <trkpt lat="40.060828" lon="-2.219095">
        <ele>911.75</ele>
      </trkpt>
      <trkpt lat="40.060852" lon="-2.218421">
        <ele>911</ele>
      </trkpt>
      <trkpt lat="40.060891" lon="-2.216557">
        <ele>911</ele>
      </trkpt>
      <trkpt lat="40.060901" lon="-2.214692">
        <ele>914.5</ele>
      </trkpt>
      <trkpt lat="40.060874" lon="-2.212433">
        <ele>917.75</ele>
      </trkpt>
      <trkpt lat="40.060799" lon="-2.210176">
        <ele>911.75</ele>
      </trkpt>
      <trkpt lat="40.060678" lon="-2.207921">
        <ele>912</ele>
      </trkpt>
      <trkpt lat="40.060509" lon="-2.205673">
        <ele>916.5</ele>
      </trkpt>
      <trkpt lat="40.060294" lon="-2.20343">
        <ele>916.75</ele>
      </trkpt>
      <trkpt lat="40.060033" lon="-2.201197">
        <ele>906</ele>
      </trkpt>
      <trkpt lat="40.059727" lon="-2.198973">
        <ele>895.75</ele>
      </trkpt>
      <trkpt lat="40.05938" lon="-2.19674">
        <ele>895.75</ele>
      </trkpt>
      <trkpt lat="40.058982" lon="-2.194522">
        <ele>895.75</ele>
      </trkpt>
      <trkpt lat="40.058527" lon="-2.192323">
        <ele>903.75</ele>
      </trkpt>
      <trkpt lat="40.058093" lon="-2.190347">
        <ele>910</ele>
      </trkpt>
      <trkpt lat="40.057621" lon="-2.188385">
        <ele>918</ele>
      </trkpt>
      <trkpt lat="40.057112" lon="-2.18644">
        <ele>924.25</ele>
      </trkpt>
      <trkpt lat="40.056565" lon="-2.184511">
        <ele>935.25</ele>
      </trkpt>
      <trkpt lat="40.055995" lon="-2.182623">
        <ele>949.75</ele>
      </trkpt>
      <trkpt lat="40.055739" lon="-2.18189">
        <ele>949.75</ele>
      </trkpt>
      <trkpt lat="40.051498" lon="-2.171071">
        <ele>949.75</ele>
      </trkpt>
      <trkpt lat="40.050891" lon="-2.169845">
        <ele>949.75</ele>
      </trkpt>
      <trkpt lat="40.050191" lon="-2.168706">
        <ele>949.75</ele>
      </trkpt>
      <trkpt lat="40.043712" lon="-2.157793">
        <ele>949.75</ele>
      </trkpt>
      <trkpt lat="40.043022" lon="-2.156695">
        <ele>949.75</ele>
      </trkpt>
      <trkpt lat="40.042308" lon="-2.155624">
        <ele>949.75</ele>
      </trkpt>
      <trkpt lat="40.04157" lon="-2.154579">
        <ele>949.75</ele>
      </trkpt>
      <trkpt lat="40.04023" lon="-2.152567">
        <ele>985.5</ele>
      </trkpt>
      <trkpt lat="40.039789" lon="-2.151958">
        <ele>983.25</ele>
      </trkpt>
      <trkpt lat="40.039049" lon="-2.150913">
        <ele>982</ele>
      </trkpt>
      <trkpt lat="40.03822" lon="-2.149741">
        <ele>977.5</ele>
      </trkpt>
      <trkpt lat="40.036404" lon="-2.14716">
        <ele>981.5</ele>
      </trkpt>
      <trkpt lat="40.034661" lon="-2.144714">
        <ele>986.5</ele>
      </trkpt>
      <trkpt lat="40.03077" lon="-2.139196">
        <ele>967.5</ele>
      </trkpt>
      <trkpt lat="40.027334" lon="-2.134333">
        <ele>979.75</ele>
      </trkpt>
      <trkpt lat="40.025307" lon="-2.131479">
        <ele>996.25</ele>
      </trkpt>
      <trkpt lat="40.024152" lon="-2.12978">
        <ele>995.5</ele>
      </trkpt>
      <trkpt lat="40.022953" lon="-2.127929">
        <ele>1004</ele>
      </trkpt>
      <trkpt lat="40.021894" lon="-2.126194">
        <ele>1009.5</ele>
      </trkpt>
      <trkpt lat="40.021263" lon="-2.125129">
        <ele>1008.5</ele>
      </trkpt>
      <trkpt lat="40.020216" lon="-2.123258">
        <ele>1011.25</ele>
      </trkpt>
      <trkpt lat="40.019528" lon="-2.121977">
        <ele>1012</ele>
      </trkpt>
      <trkpt lat="40.018805" lon="-2.120577">
        <ele>1013</ele>
      </trkpt>
      <trkpt lat="40.018226" lon="-2.119404">
        <ele>1010.25</ele>
      </trkpt>
      <trkpt lat="40.017686" lon="-2.118284">
        <ele>1008.75</ele>
      </trkpt>
      <trkpt lat="40.0167" lon="-2.116144">
        <ele>1000.5</ele>
      </trkpt>
      <trkpt lat="40.014958" lon="-2.112267">
        <ele>1010.75</ele>
      </trkpt>
      <trkpt lat="40.013527" lon="-2.109078">
        <ele>990.5</ele>
      </trkpt>
      <trkpt lat="40.012607" lon="-2.107016">
        <ele>990.5</ele>
      </trkpt>
      <trkpt lat="40.011202" lon="-2.104041">
        <ele>983.25</ele>
      </trkpt>
      <trkpt lat="40.010548" lon="-2.102727">
        <ele>978</ele>
      </trkpt>
      <trkpt lat="40.009426" lon="-2.100563">
        <ele>985.75</ele>
      </trkpt>
      <trkpt lat="40.008908" lon="-2.099637">
        <ele>993.25</ele>
      </trkpt>
      <trkpt lat="40.007878" lon="-2.097826">
        <ele>1005.75</ele>
      </trkpt>
      <trkpt lat="40.007231" lon="-2.096755">
        <ele>1015.25</ele>
      </trkpt>
      <trkpt lat="40.006456" lon="-2.095531">
        <ele>1006.75</ele>
      </trkpt>
      <trkpt lat="40.004368" lon="-2.092404">
        <ele>1002</ele>
      </trkpt>
      <trkpt lat="40.002877" lon="-2.090332">
        <ele>1005.5</ele>
      </trkpt>
      <trkpt lat="40.00203" lon="-2.089233">
        <ele>1005.5</ele>
      </trkpt>
      <trkpt lat="40.000961" lon="-2.087888">
        <ele>1009</ele>
      </trkpt>
      <trkpt lat="39.999963" lon="-2.086674">
        <ele>1020</ele>
      </trkpt>
      <trkpt lat="39.998971" lon="-2.085541">
        <ele>1019</ele>
      </trkpt>
      <trkpt lat="39.997302" lon="-2.083718">
        <ele>1005.5</ele>
      </trkpt>
      <trkpt lat="39.995113" lon="-2.081494">
        <ele>992</ele>
      </trkpt>
      <trkpt lat="39.974516" lon="-2.061139">
        <ele>1033</ele>
      </trkpt>
      <trkpt lat="39.972156" lon="-2.058954">
        <ele>1040.5</ele>
      </trkpt>
      <trkpt lat="39.970165" lon="-2.057241">
        <ele>1053.5</ele>
      </trkpt>
      <trkpt lat="39.96875" lon="-2.056148">
        <ele>1065.5</ele>
      </trkpt>
      <trkpt lat="39.965971" lon="-2.054069">
        <ele>1065.5</ele>
      </trkpt>
      <trkpt lat="39.964319" lon="-2.052935">
        <ele>1049</ele>
      </trkpt>
      <trkpt lat="39.963161" lon="-2.052194">
        <ele>1042</ele>
      </trkpt>
      <trkpt lat="39.962224" lon="-2.051604">
        <ele>1035.5</ele>
      </trkpt>
      <trkpt lat="39.961372" lon="-2.051085">
        <ele>1039.75</ele>
      </trkpt>
      <trkpt lat="39.960481" lon="-2.050574">
        <ele>1046.25</ele>
      </trkpt>
      <trkpt lat="39.952244" lon="-2.046053">
        <ele>1037</ele>
      </trkpt>
      <trkpt lat="39.95054" lon="-2.04512">
        <ele>1054.5</ele>
      </trkpt>
      <trkpt lat="39.948896" lon="-2.044251">
        <ele>1056.5</ele>
      </trkpt>
      <trkpt lat="39.946718" lon="-2.043174">
        <ele>1037.5</ele>
      </trkpt>
      <trkpt lat="39.944609" lon="-2.042262">
        <ele>1031.75</ele>
      </trkpt>
      <trkpt lat="39.942842" lon="-2.041566">
        <ele>1043.5</ele>
      </trkpt>
      <trkpt lat="39.940988" lon="-2.04091">
        <ele>1059</ele>
      </trkpt>
      <trkpt lat="39.936522" lon="-2.03943">
        <ele>1062</ele>
      </trkpt>
      <trkpt lat="39.935104" lon="-2.038931">
        <ele>1066.75</ele>
      </trkpt>
      <trkpt lat="39.934332" lon="-2.038635">
        <ele>1067</ele>
      </trkpt>
      <trkpt lat="39.93292" lon="-2.038069">
        <ele>1062</ele>
      </trkpt>
      <trkpt lat="39.9317" lon="-2.037541">
        <ele>1061</ele>
      </trkpt>
      <trkpt lat="39.929869" lon="-2.03669">
        <ele>1055.75</ele>
      </trkpt>
      <trkpt lat="39.929152" lon="-2.036385">
        <ele>1055.75</ele>
      </trkpt>
      <trkpt lat="39.928447" lon="-2.036042">
        <ele>1055.75</ele>
      </trkpt>
      <trkpt lat="39.927753" lon="-2.03566">
        <ele>1055.75</ele>
      </trkpt>
      <trkpt lat="39.927072" lon="-2.03524">
        <ele>1063.75</ele>
      </trkpt>
      <trkpt lat="39.92657" lon="-2.034921">
        <ele>1080.5</ele>
      </trkpt>
      <trkpt lat="39.915358" lon="-2.027798">
        <ele>1117.25</ele>
      </trkpt>
      <trkpt lat="39.914585" lon="-2.027356">
        <ele>1111.75</ele>
      </trkpt>
      <trkpt lat="39.912573" lon="-2.026294">
        <ele>1099.75</ele>
      </trkpt>
      <trkpt lat="39.910705" lon="-2.025379">
        <ele>1100.5</ele>
      </trkpt>
      <trkpt lat="39.908991" lon="-2.024613">
        <ele>1105</ele>
      </trkpt>
      <trkpt lat="39.907146" lon="-2.023834">
        <ele>1112.75</ele>
      </trkpt>
      <trkpt lat="39.904711" lon="-2.022949">
        <ele>1129.5</ele>
      </trkpt>
      <trkpt lat="39.902191" lon="-2.022139">
        <ele>1143.5</ele>
      </trkpt>
      <trkpt lat="39.899747" lon="-2.021484">
        <ele>1147</ele>
      </trkpt>
      <trkpt lat="39.897862" lon="-2.021064">
        <ele>1145</ele>
      </trkpt>
      <trkpt lat="39.896473" lon="-2.020768">
        <ele>1147.5</ele>
      </trkpt>
      <trkpt lat="39.894478" lon="-2.020438">
        <ele>1148.75</ele>
      </trkpt>
      <trkpt lat="39.893201" lon="-2.020259">
        <ele>1143</ele>
      </trkpt>
      <trkpt lat="39.891439" lon="-2.020073">
        <ele>1141.75</ele>
      </trkpt>
      <trkpt lat="39.889674" lon="-2.019929">
        <ele>1147.25</ele>
      </trkpt>
      <trkpt lat="39.887988" lon="-2.019854">
        <ele>1137.25</ele>
      </trkpt>
      <trkpt lat="39.886493" lon="-2.019819">
        <ele>1126.25</ele>
      </trkpt>
      <trkpt lat="39.883912" lon="-2.019869">
        <ele>1103.5</ele>
      </trkpt>
      <trkpt lat="39.882524" lon="-2.019922">
        <ele>1103.5</ele>
      </trkpt>
      <trkpt lat="39.881137" lon="-2.020016">
        <ele>1103.5</ele>
      </trkpt>
      <trkpt lat="39.879752" lon="-2.020151">
        <ele>1103.5</ele>
      </trkpt>
      <trkpt lat="39.878369" lon="-2.020327">
        <ele>1091.75</ele>
      </trkpt>
      <trkpt lat="39.87626" lon="-2.020501">
        <ele>1108.25</ele>
      </trkpt>
      <trkpt lat="39.871704" lon="-2.020834">
        <ele>1108.25</ele>
      </trkpt>
      <trkpt lat="39.867143" lon="-2.020657">
        <ele>1108.25</ele>
      </trkpt>
      <trkpt lat="39.862609" lon="-2.019971">
        <ele>1085.5</ele>
      </trkpt>
      <trkpt lat="39.861251" lon="-2.019735">
        <ele>1073</ele>
      </trkpt>
      <trkpt lat="39.860181" lon="-2.019518">
        <ele>1073.25</ele>
      </trkpt>
      <trkpt lat="39.85924" lon="-2.019309">
        <ele>1077.5</ele>
      </trkpt>
      <trkpt lat="39.857693" lon="-2.018942">
        <ele>1078</ele>
      </trkpt>
      <trkpt lat="39.856404" lon="-2.018591">
        <ele>1073.25</ele>
      </trkpt>
      <trkpt lat="39.854868" lon="-2.018138">
        <ele>1069.25</ele>
      </trkpt>
      <trkpt lat="39.853491" lon="-2.017699">
        <ele>1062.75</ele>
      </trkpt>
      <trkpt lat="39.851981" lon="-2.017166">
        <ele>1054.75</ele>
      </trkpt>
      <trkpt lat="39.851129" lon="-2.016846">
        <ele>1053</ele>
      </trkpt>
      <trkpt lat="39.849718" lon="-2.016284">
        <ele>1055.5</ele>
      </trkpt>
      <trkpt lat="39.847642" lon="-2.01538">
        <ele>1049.75</ele>
      </trkpt>
      <trkpt lat="39.845863" lon="-2.014524">
        <ele>1045</ele>
      </trkpt>
      <trkpt lat="39.844749" lon="-2.013957">
        <ele>1048.25</ele>
      </trkpt>
      <trkpt lat="39.843237" lon="-2.013146">
        <ele>1049.75</ele>
      </trkpt>
      <trkpt lat="39.809098" lon="-1.993936">
        <ele>1060</ele>
      </trkpt>
      <trkpt lat="39.802989" lon="-1.990499">
        <ele>1069.25</ele>
      </trkpt>
      <trkpt lat="39.79376" lon="-1.985309">
        <ele>1057</ele>
      </trkpt>
      <trkpt lat="39.792154" lon="-1.984384">
        <ele>1057.25</ele>
      </trkpt>
      <trkpt lat="39.789892" lon="-1.982997">
        <ele>1058.75</ele>
      </trkpt>
      <trkpt lat="39.78822" lon="-1.981929">
        <ele>1060.5</ele>
      </trkpt>
      <trkpt lat="39.785954" lon="-1.980358">
        <ele>1065.25</ele>
      </trkpt>
      <trkpt lat="39.784278" lon="-1.97914">
        <ele>1067.75</ele>
      </trkpt>
      <trkpt lat="39.783368" lon="-1.978444">
        <ele>1071.5</ele>
      </trkpt>
      <trkpt lat="39.781659" lon="-1.977094">
        <ele>1076</ele>
      </trkpt>
      <trkpt lat="39.779705" lon="-1.975469">
        <ele>1109</ele>
      </trkpt>
      <trkpt lat="39.776845" lon="-1.972976">
        <ele>1109</ele>
      </trkpt>
      <trkpt lat="39.774082" lon="-1.970304">
        <ele>1109</ele>
      </trkpt>
      <trkpt lat="39.771733" lon="-1.967804">
        <ele>1103.75</ele>
      </trkpt>
      <trkpt lat="39.770214" lon="-1.966138">
        <ele>1093.75</ele>
      </trkpt>
      <trkpt lat="39.759727" lon="-1.954248">
        <ele>1062</ele>
      </trkpt>
      <trkpt lat="39.758399" lon="-1.952814">
        <ele>1055</ele>
      </trkpt>
      <trkpt lat="39.757196" lon="-1.951603">
        <ele>1051.75</ele>
      </trkpt>
      <trkpt lat="39.755643" lon="-1.950082">
        <ele>1050</ele>
      </trkpt>
      <trkpt lat="39.75385" lon="-1.948449">
        <ele>1041.75</ele>
      </trkpt>
      <trkpt lat="39.75284" lon="-1.947573">
        <ele>1037.75</ele>
      </trkpt>
      <trkpt lat="39.751121" lon="-1.946154">
        <ele>1039.25</ele>
      </trkpt>
      <trkpt lat="39.749501" lon="-1.944879">
        <ele>1024.5</ele>
      </trkpt>
      <trkpt lat="39.747899" lon="-1.943707">
        <ele>1025.25</ele>
      </trkpt>
      <trkpt lat="39.746316" lon="-1.942616">
        <ele>1021.25</ele>
      </trkpt>
      <trkpt lat="39.745108" lon="-1.941816">
        <ele>1018</ele>
      </trkpt>
      <trkpt lat="39.743917" lon="-1.94107">
        <ele>1015.5</ele>
      </trkpt>
      <trkpt lat="39.742298" lon="-1.940114">
        <ele>1006</ele>
      </trkpt>
      <trkpt lat="39.740664" lon="-1.939208">
        <ele>999</ele>
      </trkpt>
      <trkpt lat="39.739145" lon="-1.938443">
        <ele>999</ele>
      </trkpt>
      <trkpt lat="39.737757" lon="-1.937765">
        <ele>997.25</ele>
      </trkpt>
      <trkpt lat="39.736318" lon="-1.937104">
        <ele>995.25</ele>
      </trkpt>
      <trkpt lat="39.734138" lon="-1.9362">
        <ele>991.25</ele>
      </trkpt>
      <trkpt lat="39.732863" lon="-1.935715">
        <ele>987.5</ele>
      </trkpt>
      <trkpt lat="39.730977" lon="-1.935058">
        <ele>987.5</ele>
      </trkpt>
      <trkpt lat="39.729078" lon="-1.934464">
        <ele>987.5</ele>
      </trkpt>
      <trkpt lat="39.727167" lon="-1.933934">
        <ele>989</ele>
      </trkpt>
      <trkpt lat="39.725332" lon="-1.933493">
        <ele>992.75</ele>
      </trkpt>
      <trkpt lat="39.724018" lon="-1.933218">
        <ele>991.75</ele>
      </trkpt>
      <trkpt lat="39.722244" lon="-1.932899">
        <ele>992.75</ele>
      </trkpt>
      <trkpt lat="39.720928" lon="-1.932698">
        <ele>994.5</ele>
      </trkpt>
      <trkpt lat="39.719599" lon="-1.932526">
        <ele>993</ele>
      </trkpt>
      <trkpt lat="39.7186" lon="-1.932421">
        <ele>993.5</ele>
      </trkpt>
      <trkpt lat="39.71774" lon="-1.932346">
        <ele>997</ele>
      </trkpt>
      <trkpt lat="39.716932" lon="-1.932294">
        <ele>1000.25</ele>
      </trkpt>
      <trkpt lat="39.716814" lon="-1.932283">
        <ele>1000.75</ele>
      </trkpt>
      <trkpt lat="39.715955" lon="-1.932227">
        <ele>1002</ele>
      </trkpt>
      <trkpt lat="39.714968" lon="-1.932185">
        <ele>1001.5</ele>
      </trkpt>
      <trkpt lat="39.713551" lon="-1.932149">
        <ele>1002.5</ele>
      </trkpt>
      <trkpt lat="39.712604" lon="-1.932152">
        <ele>1003</ele>
      </trkpt>
      <trkpt lat="39.71113" lon="-1.932192">
        <ele>1011</ele>
      </trkpt>
      <trkpt lat="39.709888" lon="-1.932259">
        <ele>1013.75</ele>
      </trkpt>
      <trkpt lat="39.708504" lon="-1.932358">
        <ele>1023.25</ele>
      </trkpt>
      <trkpt lat="39.706698" lon="-1.932526">
        <ele>1039.75</ele>
      </trkpt>
      <trkpt lat="39.705182" lon="-1.93273">
        <ele>1024.5</ele>
      </trkpt>
      <trkpt lat="39.703657" lon="-1.932977">
        <ele>1014.5</ele>
      </trkpt>
      <trkpt lat="39.702046" lon="-1.933271">
        <ele>1016</ele>
      </trkpt>
      <trkpt lat="39.700359" lon="-1.933642">
        <ele>1012.5</ele>
      </trkpt>
      <trkpt lat="39.699324" lon="-1.933892">
        <ele>1011.5</ele>
      </trkpt>
      <trkpt lat="39.697554" lon="-1.934386">
        <ele>1008.5</ele>
      </trkpt>
      <trkpt lat="39.69606" lon="-1.934833">
        <ele>1001.25</ele>
      </trkpt>
      <trkpt lat="39.694821" lon="-1.935242">
        <ele>1002.25</ele>
      </trkpt>
      <trkpt lat="39.693801" lon="-1.93559">
        <ele>1002.75</ele>
      </trkpt>
      <trkpt lat="39.691627" lon="-1.936408">
        <ele>1009.25</ele>
      </trkpt>
      <trkpt lat="39.689938" lon="-1.937137">
        <ele>1005.25</ele>
      </trkpt>
      <trkpt lat="39.687784" lon="-1.938133">
        <ele>1013.25</ele>
      </trkpt>
      <trkpt lat="39.683378" lon="-1.94017">
        <ele>998.75</ele>
      </trkpt>
      <trkpt lat="39.681445" lon="-1.940969">
        <ele>1005</ele>
      </trkpt>
      <trkpt lat="39.679572" lon="-1.941674">
        <ele>1014</ele>
      </trkpt>
      <trkpt lat="39.677966" lon="-1.942218">
        <ele>1014.75</ele>
      </trkpt>
      <trkpt lat="39.676319" lon="-1.94272">
        <ele>1008.5</ele>
      </trkpt>
      <trkpt lat="39.674332" lon="-1.943273">
        <ele>1007.5</ele>
      </trkpt>
      <trkpt lat="39.673115" lon="-1.94357">
        <ele>1000.25</ele>
      </trkpt>
      <trkpt lat="39.670541" lon="-1.944134">
        <ele>991.5</ele>
      </trkpt>
      <trkpt lat="39.655571" lon="-1.947251">
        <ele>962.5</ele>
      </trkpt>
      <trkpt lat="39.643784" lon="-1.949683">
        <ele>946.5</ele>
      </trkpt>
      <trkpt lat="39.641899" lon="-1.950104">
        <ele>947.5</ele>
      </trkpt>
      <trkpt lat="39.640103" lon="-1.950556">
        <ele>944.25</ele>
      </trkpt>
      <trkpt lat="39.638542" lon="-1.950986">
        <ele>940.75</ele>
      </trkpt>
      <trkpt lat="39.635553" lon="-1.951917">
        <ele>939.5</ele>
      </trkpt>
      <trkpt lat="39.633534" lon="-1.952617">
        <ele>937.25</ele>
      </trkpt>
      <trkpt lat="39.632633" lon="-1.952886">
        <ele>932.75</ele>
      </trkpt>
      <trkpt lat="39.631742" lon="-1.9532">
        <ele>927</ele>
      </trkpt>
      <trkpt lat="39.630747" lon="-1.953544">
        <ele>924.75</ele>
      </trkpt>
      <trkpt lat="39.627327" lon="-1.954726">
        <ele>915.5</ele>
      </trkpt>
      <trkpt lat="39.624619" lon="-1.955556">
        <ele>905</ele>
      </trkpt>
      <trkpt lat="39.623059" lon="-1.95595">
        <ele>902</ele>
      </trkpt>
      <trkpt lat="39.62149" lon="-1.956312">
        <ele>899</ele>
      </trkpt>
      <trkpt lat="39.618632" lon="-1.956831">
        <ele>897</ele>
      </trkpt>
      <trkpt lat="39.616286" lon="-1.95714">
        <ele>911.75</ele>
      </trkpt>
      <trkpt lat="39.614578" lon="-1.957288">
        <ele>911</ele>
      </trkpt>
      <trkpt lat="39.612968" lon="-1.957394">
        <ele>910.5</ele>
      </trkpt>
      <trkpt lat="39.609138" lon="-1.957535">
        <ele>915</ele>
      </trkpt>
      <trkpt lat="39.605608" lon="-1.957698">
        <ele>921.75</ele>
      </trkpt>
      <trkpt lat="39.596408" lon="-1.95802">
        <ele>915.25</ele>
      </trkpt>
      <trkpt lat="39.594141" lon="-1.958022">
        <ele>905.25</ele>
      </trkpt>
      <trkpt lat="39.59216" lon="-1.957956">
        <ele>896.75</ele>
      </trkpt>
      <trkpt lat="39.590575" lon="-1.957849">
        <ele>889</ele>
      </trkpt>
      <trkpt lat="39.5886" lon="-1.957658">
        <ele>885</ele>
      </trkpt>
      <trkpt lat="39.587612" lon="-1.957532">
        <ele>882.25</ele>
      </trkpt>
      <trkpt lat="39.585889" lon="-1.957258">
        <ele>879.25</ele>
      </trkpt>
      <trkpt lat="39.583877" lon="-1.956881">
        <ele>875.25</ele>
      </trkpt>
      <trkpt lat="39.58248" lon="-1.956587">
        <ele>871.75</ele>
      </trkpt>
      <trkpt lat="39.580227" lon="-1.956007">
        <ele>867</ele>
      </trkpt>
      <trkpt lat="39.577837" lon="-1.955295">
        <ele>865.5</ele>
      </trkpt>
      <trkpt lat="39.576146" lon="-1.954729">
        <ele>860.75</ele>
      </trkpt>
      <trkpt lat="39.57416" lon="-1.953983">
        <ele>859</ele>
      </trkpt>
      <trkpt lat="39.572663" lon="-1.953354">
        <ele>858</ele>
      </trkpt>
      <trkpt lat="39.571039" lon="-1.952624">
        <ele>856.75</ele>
      </trkpt>
      <trkpt lat="39.569589" lon="-1.951928">
        <ele>853</ele>
      </trkpt>
      <trkpt lat="39.568217" lon="-1.951225">
        <ele>853.5</ele>
      </trkpt>
      <trkpt lat="39.567019" lon="-1.950586">
        <ele>854.25</ele>
      </trkpt>
      <trkpt lat="39.566042" lon="-1.95004">
        <ele>854.25</ele>
      </trkpt>
      <trkpt lat="39.565004" lon="-1.949424">
        <ele>852.25</ele>
      </trkpt>
      <trkpt lat="39.564219" lon="-1.948942">
        <ele>849.75</ele>
      </trkpt>
      <trkpt lat="39.563135" lon="-1.948258">
        <ele>849.5</ele>
      </trkpt>
      <trkpt lat="39.5616" lon="-1.947233">
        <ele>849</ele>
      </trkpt>
      <trkpt lat="39.560249" lon="-1.946269">
        <ele>851</ele>
      </trkpt>
      <trkpt lat="39.558934" lon="-1.945291">
        <ele>851.5</ele>
      </trkpt>
      <trkpt lat="39.557776" lon="-1.944396">
        <ele>849</ele>
      </trkpt>
      <trkpt lat="39.556721" lon="-1.943537">
        <ele>847.25</ele>
      </trkpt>
      <trkpt lat="39.555453" lon="-1.942471">
        <ele>850.75</ele>
      </trkpt>
      <trkpt lat="39.55449" lon="-1.94161">
        <ele>850</ele>
      </trkpt>
      <trkpt lat="39.55269" lon="-1.939924">
        <ele>846.75</ele>
      </trkpt>
      <trkpt lat="39.551292" lon="-1.938539">
        <ele>844.25</ele>
      </trkpt>
      <trkpt lat="39.549619" lon="-1.936762">
        <ele>846.5</ele>
      </trkpt>
      <trkpt lat="39.548624" lon="-1.935654">
        <ele>844.5</ele>
      </trkpt>
      <trkpt lat="39.547418" lon="-1.934254">
        <ele>846.75</ele>
      </trkpt>
      <trkpt lat="39.546366" lon="-1.932963">
        <ele>845.5</ele>
      </trkpt>
      <trkpt lat="39.545591" lon="-1.931976">
        <ele>845</ele>
      </trkpt>
      <trkpt lat="39.543937" lon="-1.929741">
        <ele>838.5</ele>
      </trkpt>
      <trkpt lat="39.542438" lon="-1.927577">
        <ele>837.25</ele>
      </trkpt>
      <trkpt lat="39.541192" lon="-1.925659">
        <ele>835</ele>
      </trkpt>
      <trkpt lat="39.540517" lon="-1.924569">
        <ele>833.25</ele>
      </trkpt>
      <trkpt lat="39.539892" lon="-1.92352">
        <ele>829.75</ele>
      </trkpt>
      <trkpt lat="39.538897" lon="-1.921801">
        <ele>826.75</ele>
      </trkpt>
      <trkpt lat="39.538257" lon="-1.920628">
        <ele>825.25</ele>
      </trkpt>
      <trkpt lat="39.537666" lon="-1.919499">
        <ele>825.25</ele>
      </trkpt>
      <trkpt lat="39.536821" lon="-1.917853">
        <ele>824.75</ele>
      </trkpt>
      <trkpt lat="39.535857" lon="-1.915863">
        <ele>827.75</ele>
      </trkpt>
      <trkpt lat="39.534942" lon="-1.913836">
        <ele>831.75</ele>
      </trkpt>
      <trkpt lat="39.534075" lon="-1.911773">
        <ele>834.5</ele>
      </trkpt>
      <trkpt lat="39.533257" lon="-1.909677">
        <ele>838.75</ele>
      </trkpt>
      <trkpt lat="39.532583" lon="-1.907881">
        <ele>840</ele>
      </trkpt>
      <trkpt lat="39.531984" lon="-1.906173">
        <ele>846</ele>
      </trkpt>
      <trkpt lat="39.531417" lon="-1.904448">
        <ele>846</ele>
      </trkpt>
      <trkpt lat="39.530883" lon="-1.902705">
        <ele>847.5</ele>
      </trkpt>
      <trkpt lat="39.530382" lon="-1.900945">
        <ele>843.25</ele>
      </trkpt>
      <trkpt lat="39.529971" lon="-1.899446">
        <ele>846.75</ele>
      </trkpt>
      <trkpt lat="39.529251" lon="-1.896545">
        <ele>844.75</ele>
      </trkpt>
      <trkpt lat="39.528634" lon="-1.89367">
        <ele>850</ele>
      </trkpt>
      <trkpt lat="39.528325" lon="-1.892077">
        <ele>850.75</ele>
      </trkpt>
      <trkpt lat="39.527972" lon="-1.890048">
        <ele>852</ele>
      </trkpt>
      <trkpt lat="39.527763" lon="-1.888761">
        <ele>853</ele>
      </trkpt>
      <trkpt lat="39.527536" lon="-1.887202">
        <ele>850.75</ele>
      </trkpt>
      <trkpt lat="39.527237" lon="-1.884862">
        <ele>850</ele>
      </trkpt>
      <trkpt lat="39.52707" lon="-1.883361">
        <ele>850.75</ele>
      </trkpt>
      <trkpt lat="39.526896" lon="-1.881467">
        <ele>851.5</ele>
      </trkpt>
      <trkpt lat="39.526787" lon="-1.880017">
        <ele>850.5</ele>
      </trkpt>
      <trkpt lat="39.526694" lon="-1.878542">
        <ele>852</ele>
      </trkpt>
      <trkpt lat="39.526563" lon="-1.875555">
        <ele>848.75</ele>
      </trkpt>
      <trkpt lat="39.526523" lon="-1.873936">
        <ele>842.75</ele>
      </trkpt>
      <trkpt lat="39.526516" lon="-1.872189">
        <ele>837.75</ele>
      </trkpt>
      <trkpt lat="39.526538" lon="-1.870458">
        <ele>835.5</ele>
      </trkpt>
      <trkpt lat="39.526593" lon="-1.868308">
        <ele>833.5</ele>
      </trkpt>
      <trkpt lat="39.526653" lon="-1.866911">
        <ele>833.75</ele>
      </trkpt>
      <trkpt lat="39.52673" lon="-1.865566">
        <ele>834.25</ele>
      </trkpt>
      <trkpt lat="39.527269" lon="-1.858007">
        <ele>837.75</ele>
      </trkpt>
      <trkpt lat="39.527372" lon="-1.856193">
        <ele>830.5</ele>
      </trkpt>
      <trkpt lat="39.527434" lon="-1.85458">
        <ele>824.25</ele>
      </trkpt>
      <trkpt lat="39.52748" lon="-1.852944">
        <ele>820.75</ele>
      </trkpt>
      <trkpt lat="39.527498" lon="-1.851108">
        <ele>816.5</ele>
      </trkpt>
      <trkpt lat="39.527484" lon="-1.848687">
        <ele>817.5</ele>
      </trkpt>
      <trkpt lat="39.527439" lon="-1.847154">
        <ele>821</ele>
      </trkpt>
      <trkpt lat="39.527311" lon="-1.844371">
        <ele>823.25</ele>
      </trkpt>
      <trkpt lat="39.527141" lon="-1.842077">
        <ele>831.5</ele>
      </trkpt>
      <trkpt lat="39.526958" lon="-1.840012">
        <ele>832.5</ele>
      </trkpt>
      <trkpt lat="39.524682" lon="-1.818751">
        <ele>842.25</ele>
      </trkpt>
      <trkpt lat="39.523991" lon="-1.8123">
        <ele>843</ele>
      </trkpt>
      <trkpt lat="39.523123" lon="-1.804273">
        <ele>831</ele>
      </trkpt>
      <trkpt lat="39.522522" lon="-1.798657">
        <ele>840.75</ele>
      </trkpt>
      <trkpt lat="39.522047" lon="-1.794229">
        <ele>838.75</ele>
      </trkpt>
      <trkpt lat="39.521488" lon="-1.789256">
        <ele>847.5</ele>
      </trkpt>
      <trkpt lat="39.521214" lon="-1.787266">
        <ele>850.5</ele>
      </trkpt>
      <trkpt lat="39.520974" lon="-1.785691">
        <ele>848.5</ele>
      </trkpt>
      <trkpt lat="39.52055" lon="-1.783151">
        <ele>828.5</ele>
      </trkpt>
      <trkpt lat="39.520062" lon="-1.780615">
        <ele>821.5</ele>
      </trkpt>
      <trkpt lat="39.519479" lon="-1.7779">
        <ele>816.25</ele>
      </trkpt>
      <trkpt lat="39.518674" lon="-1.774432">
        <ele>811.25</ele>
      </trkpt>
      <trkpt lat="39.518039" lon="-1.771653">
        <ele>811.25</ele>
      </trkpt>
      <trkpt lat="39.517439" lon="-1.768861">
        <ele>811</ele>
      </trkpt>
      <trkpt lat="39.516901" lon="-1.765986">
        <ele>822.75</ele>
      </trkpt>
      <trkpt lat="39.516562" lon="-1.763931">
        <ele>830.75</ele>
      </trkpt>
      <trkpt lat="39.516282" lon="-1.762037">
        <ele>837.75</ele>
      </trkpt>
      <trkpt lat="39.51602" lon="-1.760046">
        <ele>842</ele>
      </trkpt>
      <trkpt lat="39.5158" lon="-1.758158">
        <ele>854</ele>
      </trkpt>
      <trkpt lat="39.515648" lon="-1.756641">
        <ele>862</ele>
      </trkpt>
      <trkpt lat="39.515508" lon="-1.755028">
        <ele>864.25</ele>
      </trkpt>
      <trkpt lat="39.515357" lon="-1.752924">
        <ele>865</ele>
      </trkpt>
      <trkpt lat="39.515189" lon="-1.749797">
        <ele>860.5</ele>
      </trkpt>
      <trkpt lat="39.514492" lon="-1.735816">
        <ele>839.25</ele>
      </trkpt>
      <trkpt lat="39.514284" lon="-1.732751">
        <ele>828.25</ele>
      </trkpt>
      <trkpt lat="39.514166" lon="-1.731393">
        <ele>827</ele>
      </trkpt>
      <trkpt lat="39.514035" lon="-1.729995">
        <ele>824.5</ele>
      </trkpt>
      <trkpt lat="39.513792" lon="-1.727863">
        <ele>821.5</ele>
      </trkpt>
      <trkpt lat="39.513572" lon="-1.726129">
        <ele>823.5</ele>
      </trkpt>
      <trkpt lat="39.513367" lon="-1.72473">
        <ele>824.25</ele>
      </trkpt>
      <trkpt lat="39.513082" lon="-1.72291">
        <ele>820.75</ele>
      </trkpt>
      <trkpt lat="39.512794" lon="-1.721261">
        <ele>819</ele>
      </trkpt>
      <trkpt lat="39.512508" lon="-1.719696">
        <ele>819</ele>
      </trkpt>
      <trkpt lat="39.511958" lon="-1.717057">
        <ele>822.25</ele>
      </trkpt>
      <trkpt lat="39.51135" lon="-1.714405">
        <ele>824.75</ele>
      </trkpt>
      <trkpt lat="39.508418" lon="-1.702997">
        <ele>832.75</ele>
      </trkpt>
      <trkpt lat="39.507685" lon="-1.700024">
        <ele>826.5</ele>
      </trkpt>
      <trkpt lat="39.507382" lon="-1.698666">
        <ele>822.25</ele>
      </trkpt>
      <trkpt lat="39.507027" lon="-1.696975">
        <ele>820.5</ele>
      </trkpt>
      <trkpt lat="39.506594" lon="-1.694683">
        <ele>816.75</ele>
      </trkpt>
      <trkpt lat="39.506397" lon="-1.693556">
        <ele>815</ele>
      </trkpt>
      <trkpt lat="39.506193" lon="-1.692263">
        <ele>810.25</ele>
      </trkpt>
      <trkpt lat="39.505955" lon="-1.690647">
        <ele>810.25</ele>
      </trkpt>
      <trkpt lat="39.505745" lon="-1.689025">
        <ele>806</ele>
      </trkpt>
      <trkpt lat="39.50563" lon="-1.688054">
        <ele>808.75</ele>
      </trkpt>
      <trkpt lat="39.505465" lon="-1.686536">
        <ele>812.25</ele>
      </trkpt>
      <trkpt lat="39.505266" lon="-1.684348">
        <ele>819.25</ele>
      </trkpt>
      <trkpt lat="39.505117" lon="-1.682059">
        <ele>823</ele>
      </trkpt>
      <trkpt lat="39.505034" lon="-1.68042">
        <ele>826.25</ele>
      </trkpt>
      <trkpt lat="39.504956" lon="-1.678391">
        <ele>834.75</ele>
      </trkpt>
      <trkpt lat="39.504936" lon="-1.676331">
        <ele>834.25</ele>
      </trkpt>
      <trkpt lat="39.504968" lon="-1.673451">
        <ele>841.5</ele>
      </trkpt>
      <trkpt lat="39.50503" lon="-1.671396">
        <ele>846.75</ele>
      </trkpt>
      <trkpt lat="39.505094" lon="-1.66994">
        <ele>850</ele>
      </trkpt>
      <trkpt lat="39.505198" lon="-1.668303">
        <ele>854.25</ele>
      </trkpt>
      <trkpt lat="39.505349" lon="-1.666323">
        <ele>861.25</ele>
      </trkpt>
      <trkpt lat="39.505494" lon="-1.664874">
        <ele>864.75</ele>
      </trkpt>
      <trkpt lat="39.50571" lon="-1.662848">
        <ele>865.75</ele>
      </trkpt>
      <trkpt lat="39.505998" lon="-1.660716">
        <ele>863</ele>
      </trkpt>
      <trkpt lat="39.506241" lon="-1.659027">
        <ele>855.5</ele>
      </trkpt>
      <trkpt lat="39.506602" lon="-1.656888">
        <ele>850.5</ele>
      </trkpt>
      <trkpt lat="39.506974" lon="-1.654916">
        <ele>848.5</ele>
      </trkpt>
      <trkpt lat="39.507392" lon="-1.652908">
        <ele>840</ele>
      </trkpt>
      <trkpt lat="39.507989" lon="-1.650305">
        <ele>842</ele>
      </trkpt>
      <trkpt lat="39.508961" lon="-1.646246">
        <ele>835.5</ele>
      </trkpt>
      <trkpt lat="39.509226" lon="-1.645131">
        <ele>834.5</ele>
      </trkpt>
      <trkpt lat="39.509432" lon="-1.644175">
        <ele>833.75</ele>
      </trkpt>
      <trkpt lat="39.509945" lon="-1.641753">
        <ele>833.25</ele>
      </trkpt>
      <trkpt lat="39.510142" lon="-1.64075">
        <ele>840</ele>
      </trkpt>
      <trkpt lat="39.510478" lon="-1.638924">
        <ele>849</ele>
      </trkpt>
      <trkpt lat="39.51084" lon="-1.636779">
        <ele>855.75</ele>
      </trkpt>
      <trkpt lat="39.511125" lon="-1.63481">
        <ele>845.5</ele>
      </trkpt>
      <trkpt lat="39.511367" lon="-1.632984">
        <ele>838.25</ele>
      </trkpt>
      <trkpt lat="39.511623" lon="-1.630768">
        <ele>835.5</ele>
      </trkpt>
      <trkpt lat="39.511914" lon="-1.627648">
        <ele>835.5</ele>
      </trkpt>
      <trkpt lat="39.512076" lon="-1.625184">
        <ele>831.75</ele>
      </trkpt>
      <trkpt lat="39.512204" lon="-1.622412">
        <ele>830.25</ele>
      </trkpt>
      <trkpt lat="39.512328" lon="-1.617311">
        <ele>798</ele>
      </trkpt>
      <trkpt lat="39.512372" lon="-1.614673">
        <ele>788</ele>
      </trkpt>
      <trkpt lat="39.512433" lon="-1.611987">
        <ele>781.25</ele>
      </trkpt>
      <trkpt lat="39.512476" lon="-1.610418">
        <ele>779.75</ele>
      </trkpt>
      <trkpt lat="39.512538" lon="-1.608796">
        <ele>777.25</ele>
      </trkpt>
      <trkpt lat="39.512632" lon="-1.607177">
        <ele>776</ele>
      </trkpt>
      <trkpt lat="39.512758" lon="-1.605561">
        <ele>775.25</ele>
      </trkpt>
      <trkpt lat="39.512917" lon="-1.60395">
        <ele>766</ele>
      </trkpt>
      <trkpt lat="39.513188" lon="-1.601667">
        <ele>766</ele>
      </trkpt>
      <trkpt lat="39.513516" lon="-1.599398">
        <ele>766</ele>
      </trkpt>
      <trkpt lat="39.5139" lon="-1.597143">
        <ele>766</ele>
      </trkpt>
      <trkpt lat="39.514339" lon="-1.594905">
        <ele>766</ele>
      </trkpt>
      <trkpt lat="39.514833" lon="-1.592686">
        <ele>748.25</ele>
      </trkpt>
      <trkpt lat="39.515247" lon="-1.591026">
        <ele>752.5</ele>
      </trkpt>
      <trkpt lat="39.515692" lon="-1.58938">
        <ele>771.5</ele>
      </trkpt>
      <trkpt lat="39.517484" lon="-1.583515">
        <ele>792</ele>
      </trkpt>
      <trkpt lat="39.518883" lon="-1.57902">
        <ele>770.5</ele>
      </trkpt>
      <trkpt lat="39.520278" lon="-1.574561">
        <ele>779.75</ele>
      </trkpt>
      <trkpt lat="39.52639" lon="-1.554978">
        <ele>780.75</ele>
      </trkpt>
      <trkpt lat="39.526777" lon="-1.553739">
        <ele>781</ele>
      </trkpt>
      <trkpt lat="39.527503" lon="-1.551414">
        <ele>792.25</ele>
      </trkpt>
      <trkpt lat="39.528286" lon="-1.548673">
        <ele>792.25</ele>
      </trkpt>
      <trkpt lat="39.529164" lon="-1.54598">
        <ele>792.25</ele>
      </trkpt>
      <trkpt lat="39.530135" lon="-1.543341">
        <ele>787.75</ele>
      </trkpt>
      <trkpt lat="39.53081" lon="-1.541666">
        <ele>778</ele>
      </trkpt>
      <trkpt lat="39.531476" lon="-1.540206">
        <ele>781.75</ele>
      </trkpt>
      <trkpt lat="39.532519" lon="-1.538073">
        <ele>781.75</ele>
      </trkpt>
      <trkpt lat="39.533648" lon="-1.536013">
        <ele>781.75</ele>
      </trkpt>
      <trkpt lat="39.534857" lon="-1.534033">
        <ele>781.75</ele>
      </trkpt>
      <trkpt lat="39.536146" lon="-1.532138">
        <ele>781.75</ele>
      </trkpt>
      <trkpt lat="39.537509" lon="-1.530334">
        <ele>781.75</ele>
      </trkpt>
      <trkpt lat="39.538943" lon="-1.528625">
        <ele>781.75</ele>
      </trkpt>
      <trkpt lat="39.540563" lon="-1.526743">
        <ele>781.75</ele>
      </trkpt>
      <trkpt lat="39.542096" lon="-1.524742">
        <ele>781.75</ele>
      </trkpt>
      <trkpt lat="39.543535" lon="-1.522628">
        <ele>719.75</ele>
      </trkpt>
      <trkpt lat="39.543916" lon="-1.522054">
        <ele>706</ele>
      </trkpt>
      <trkpt lat="39.544674" lon="-1.52086">
        <ele>706</ele>
      </trkpt>
      <trkpt lat="39.545265" lon="-1.51984">
        <ele>687.25</ele>
      </trkpt>
      <trkpt lat="39.545862" lon="-1.518695">
        <ele>687</ele>
      </trkpt>
      <trkpt lat="39.546453" lon="-1.517534">
        <ele>687</ele>
      </trkpt>
      <trkpt lat="39.54702" lon="-1.516331">
        <ele>687</ele>
      </trkpt>
      <trkpt lat="39.547663" lon="-1.514893">
        <ele>687</ele>
      </trkpt>
      <trkpt lat="39.548069" lon="-1.513914">
        <ele>687</ele>
      </trkpt>
      <trkpt lat="39.548555" lon="-1.512669">
        <ele>682.75</ele>
      </trkpt>
      <trkpt lat="39.548736" lon="-1.51217">
        <ele>699.75</ele>
      </trkpt>
      <trkpt lat="39.549497" lon="-1.509943">
        <ele>699.75</ele>
      </trkpt>
      <trkpt lat="39.550098" lon="-1.507635">
        <ele>696.5</ele>
      </trkpt>
      <trkpt lat="39.550345" lon="-1.506584">
        <ele>672.5</ele>
      </trkpt>
      <trkpt lat="39.550534" lon="-1.505718">
        <ele>672.5</ele>
      </trkpt>
      <trkpt lat="39.550708" lon="-1.504846">
        <ele>672.5</ele>
      </trkpt>
      <trkpt lat="39.550866" lon="-1.50397">
        <ele>672.5</ele>
      </trkpt>
      <trkpt lat="39.551008" lon="-1.503089">
        <ele>672.5</ele>
      </trkpt>
      <trkpt lat="39.551135" lon="-1.502205">
        <ele>672.5</ele>
      </trkpt>
      <trkpt lat="39.551246" lon="-1.501316">
        <ele>672.5</ele>
      </trkpt>
      <trkpt lat="39.551342" lon="-1.500425">
        <ele>672.5</ele>
      </trkpt>
      <trkpt lat="39.551421" lon="-1.499531">
        <ele>672.5</ele>
      </trkpt>
      <trkpt lat="39.551485" lon="-1.498635">
        <ele>672.5</ele>
      </trkpt>
      <trkpt lat="39.551533" lon="-1.497737">
        <ele>672.5</ele>
      </trkpt>
      <trkpt lat="39.551565" lon="-1.496838">
        <ele>694.75</ele>
      </trkpt>
      <trkpt lat="39.551568" lon="-1.49633">
        <ele>708.25</ele>
      </trkpt>
      <trkpt lat="39.551512" lon="-1.493362">
        <ele>708.25</ele>
      </trkpt>
      <trkpt lat="39.551415" lon="-1.490395">
        <ele>708.25</ele>
      </trkpt>
      <trkpt lat="39.551277" lon="-1.487431">
        <ele>708.25</ele>
      </trkpt>
      <trkpt lat="39.551099" lon="-1.48447">
        <ele>708.25</ele>
      </trkpt>
      <trkpt lat="39.55088" lon="-1.481514">
        <ele>708.25</ele>
      </trkpt>
      <trkpt lat="39.55062" lon="-1.478564">
        <ele>705.75</ele>
      </trkpt>
      <trkpt lat="39.550366" lon="-1.47638">
        <ele>690.5</ele>
      </trkpt>
      <trkpt lat="39.550109" lon="-1.474473">
        <ele>695</ele>
      </trkpt>
      <trkpt lat="39.549886" lon="-1.473113">
        <ele>698.25</ele>
      </trkpt>
      <trkpt lat="39.5497" lon="-1.472051">
        <ele>698</ele>
      </trkpt>
      <trkpt lat="39.549458" lon="-1.470788">
        <ele>701</ele>
      </trkpt>
      <trkpt lat="39.549191" lon="-1.4695">
        <ele>702.25</ele>
      </trkpt>
      <trkpt lat="39.548923" lon="-1.468314">
        <ele>707.75</ele>
      </trkpt>
      <trkpt lat="39.54852" lon="-1.466648">
        <ele>709.25</ele>
      </trkpt>
      <trkpt lat="39.547946" lon="-1.464546">
        <ele>714.75</ele>
      </trkpt>
      <trkpt lat="39.547471" lon="-1.462927">
        <ele>721.75</ele>
      </trkpt>
      <trkpt lat="39.546445" lon="-1.459687">
        <ele>727.5</ele>
      </trkpt>
      <trkpt lat="39.545598" lon="-1.456956">
        <ele>736.25</ele>
      </trkpt>
      <trkpt lat="39.545025" lon="-1.454941">
        <ele>750</ele>
      </trkpt>
      <trkpt lat="39.54446" lon="-1.452757">
        <ele>754.5</ele>
      </trkpt>
      <trkpt lat="39.541377" lon="-1.441091">
        <ele>754.5</ele>
      </trkpt>
      <trkpt lat="39.541046" lon="-1.439785">
        <ele>754.5</ele>
      </trkpt>
      <trkpt lat="39.540665" lon="-1.436497">
        <ele>754.5</ele>
      </trkpt>
      <trkpt lat="39.540762" lon="-1.433174">
        <ele>754.5</ele>
      </trkpt>
      <trkpt lat="39.541529" lon="-1.428585">
        <ele>754.5</ele>
      </trkpt>
      <trkpt lat="39.542004" lon="-1.423931">
        <ele>754.5</ele>
      </trkpt>
      <trkpt lat="39.542281" lon="-1.416936">
        <ele>836.25</ele>
      </trkpt>
      <trkpt lat="39.542405" lon="-1.41484">
        <ele>834.5</ele>
      </trkpt>
      <trkpt lat="39.542465" lon="-1.413462">
        <ele>836.5</ele>
      </trkpt>
      <trkpt lat="39.542516" lon="-1.411552">
        <ele>837.75</ele>
      </trkpt>
      <trkpt lat="39.542532" lon="-1.409401">
        <ele>832.75</ele>
      </trkpt>
      <trkpt lat="39.542508" lon="-1.407799">
        <ele>830</ele>
      </trkpt>
      <trkpt lat="39.542498" lon="-1.407467">
        <ele>829.75</ele>
      </trkpt>
      <trkpt lat="39.542478" lon="-1.40679">
        <ele>829.75</ele>
      </trkpt>
      <trkpt lat="39.542429" lon="-1.405476">
        <ele>830.5</ele>
      </trkpt>
      <trkpt lat="39.54234" lon="-1.403853">
        <ele>832.75</ele>
      </trkpt>
      <trkpt lat="39.542243" lon="-1.40238">
        <ele>832.25</ele>
      </trkpt>
      <trkpt lat="39.541837" lon="-1.397371">
        <ele>833.75</ele>
      </trkpt>
      <trkpt lat="39.541808" lon="-1.397019">
        <ele>834</ele>
      </trkpt>
      <trkpt lat="39.541724" lon="-1.395988">
        <ele>836</ele>
      </trkpt>
      <trkpt lat="39.541618" lon="-1.394396">
        <ele>843.25</ele>
      </trkpt>
      <trkpt lat="39.54152" lon="-1.392533">
        <ele>846</ele>
      </trkpt>
      <trkpt lat="39.541437" lon="-1.390181">
        <ele>843.75</ele>
      </trkpt>
      <trkpt lat="39.541417" lon="-1.388258">
        <ele>834</ele>
      </trkpt>
      <trkpt lat="39.541438" lon="-1.385994">
        <ele>828.75</ele>
      </trkpt>
      <trkpt lat="39.541468" lon="-1.384533">
        <ele>823.75</ele>
      </trkpt>
      <trkpt lat="39.541546" lon="-1.382641">
        <ele>817.75</ele>
      </trkpt>
      <trkpt lat="39.541634" lon="-1.381142">
        <ele>817.75</ele>
      </trkpt>
      <trkpt lat="39.541723" lon="-1.379878">
        <ele>818.75</ele>
      </trkpt>
      <trkpt lat="39.541879" lon="-1.378064">
        <ele>816.25</ele>
      </trkpt>
      <trkpt lat="39.542004" lon="-1.376803">
        <ele>816</ele>
      </trkpt>
      <trkpt lat="39.542159" lon="-1.375451">
        <ele>820</ele>
      </trkpt>
      <trkpt lat="39.542452" lon="-1.373132">
        <ele>818.25</ele>
      </trkpt>
      <trkpt lat="39.542733" lon="-1.371116">
        <ele>821</ele>
      </trkpt>
      <trkpt lat="39.542788" lon="-1.370722">
        <ele>821.75</ele>
      </trkpt>
      <trkpt lat="39.544869" lon="-1.355777">
        <ele>828.75</ele>
      </trkpt>
      <trkpt lat="39.545223" lon="-1.353014">
        <ele>823.5</ele>
      </trkpt>
      <trkpt lat="39.545385" lon="-1.351645">
        <ele>822.25</ele>
      </trkpt>
      <trkpt lat="39.545628" lon="-1.349019">
        <ele>818.25</ele>
      </trkpt>
      <trkpt lat="39.545761" lon="-1.347197">
        <ele>819</ele>
      </trkpt>
      <trkpt lat="39.545861" lon="-1.345476">
        <ele>815.25</ele>
      </trkpt>
      <trkpt lat="39.545948" lon="-1.343606">
        <ele>810.5</ele>
      </trkpt>
      <trkpt lat="39.546561" lon="-1.326202">
        <ele>808</ele>
      </trkpt>
      <trkpt lat="39.546823" lon="-1.318646">
        <ele>797</ele>
      </trkpt>
      <trkpt lat="39.54717" lon="-1.308908">
        <ele>790.75</ele>
      </trkpt>
      <trkpt lat="39.547175" lon="-1.308733">
        <ele>792.25</ele>
      </trkpt>
      <trkpt lat="39.547347" lon="-1.304069">
        <ele>793.5</ele>
      </trkpt>
      <trkpt lat="39.547424" lon="-1.302494">
        <ele>797.25</ele>
      </trkpt>
      <trkpt lat="39.547526" lon="-1.300889">
        <ele>794.5</ele>
      </trkpt>
      <trkpt lat="39.547641" lon="-1.299285">
        <ele>791.25</ele>
      </trkpt>
      <trkpt lat="39.547715" lon="-1.298445">
        <ele>791.25</ele>
      </trkpt>
      <trkpt lat="39.547798" lon="-1.297611">
        <ele>794.25</ele>
      </trkpt>
      <trkpt lat="39.548033" lon="-1.295464">
        <ele>794.75</ele>
      </trkpt>
      <trkpt lat="39.548203" lon="-1.294107">
        <ele>789.75</ele>
      </trkpt>
      <trkpt lat="39.548487" lon="-1.292118">
        <ele>800</ele>
      </trkpt>
      <trkpt lat="39.549014" lon="-1.288832">
        <ele>801.25</ele>
      </trkpt>
      <trkpt lat="39.549335" lon="-1.286892">
        <ele>805</ele>
      </trkpt>
      <trkpt lat="39.549378" lon="-1.286632">
        <ele>805.25</ele>
      </trkpt>
      <trkpt lat="39.549901" lon="-1.283517">
        <ele>811.25</ele>
      </trkpt>
      <trkpt lat="39.550306" lon="-1.280927">
        <ele>815.75</ele>
      </trkpt>
      <trkpt lat="39.550538" lon="-1.279327">
        <ele>816.75</ele>
      </trkpt>
      <trkpt lat="39.550895" lon="-1.276407">
        <ele>815.25</ele>
      </trkpt>
      <trkpt lat="39.551073" lon="-1.274762">
        <ele>806.25</ele>
      </trkpt>
      <trkpt lat="39.55125" lon="-1.272931">
        <ele>797.25</ele>
      </trkpt>
      <trkpt lat="39.551341" lon="-1.272008">
        <ele>792.25</ele>
      </trkpt>
      <trkpt lat="39.553688" lon="-1.24762">
        <ele>779</ele>
      </trkpt>
      <trkpt lat="39.553834" lon="-1.245894">
        <ele>778.75</ele>
      </trkpt>
      <trkpt lat="39.553979" lon="-1.243773">
        <ele>779.25</ele>
      </trkpt>
      <trkpt lat="39.554082" lon="-1.24176">
        <ele>776</ele>
      </trkpt>
      <trkpt lat="39.554159" lon="-1.239557">
        <ele>769.5</ele>
      </trkpt>
      <trkpt lat="39.554197" lon="-1.236838">
        <ele>770.5</ele>
      </trkpt>
      <trkpt lat="39.554189" lon="-1.235149">
        <ele>766.25</ele>
      </trkpt>
      <trkpt lat="39.554148" lon="-1.232905">
        <ele>763</ele>
      </trkpt>
      <trkpt lat="39.554065" lon="-1.230834">
        <ele>764</ele>
      </trkpt>
      <trkpt lat="39.553936" lon="-1.228538">
        <ele>774</ele>
      </trkpt>
      <trkpt lat="39.553831" lon="-1.226973">
        <ele>774</ele>
      </trkpt>
      <trkpt lat="39.553622" lon="-1.224423">
        <ele>772</ele>
      </trkpt>
      <trkpt lat="39.55319" lon="-1.220934">
        <ele>765.75</ele>
      </trkpt>
      <trkpt lat="39.552927" lon="-1.219042">
        <ele>764.25</ele>
      </trkpt>
      <trkpt lat="39.552599" lon="-1.21699">
        <ele>758.75</ele>
      </trkpt>
      <trkpt lat="39.552325" lon="-1.215399">
        <ele>754</ele>
      </trkpt>
      <trkpt lat="39.552019" lon="-1.213765">
        <ele>751.75</ele>
      </trkpt>
      <trkpt lat="39.551732" lon="-1.212332">
        <ele>748</ele>
      </trkpt>
      <trkpt lat="39.550993" lon="-1.209019">
        <ele>743</ele>
      </trkpt>
      <trkpt lat="39.550357" lon="-1.206505">
        <ele>742.25</ele>
      </trkpt>
      <trkpt lat="39.549876" lon="-1.204734">
        <ele>742.75</ele>
      </trkpt>
      <trkpt lat="39.549423" lon="-1.203152">
        <ele>739.5</ele>
      </trkpt>
      <trkpt lat="39.548817" lon="-1.201189">
        <ele>736.75</ele>
      </trkpt>
      <trkpt lat="39.548523" lon="-1.20027">
        <ele>735.25</ele>
      </trkpt>
      <trkpt lat="39.547677" lon="-1.197785">
        <ele>733.75</ele>
      </trkpt>
      <trkpt lat="39.545321" lon="-1.191235">
        <ele>719.5</ele>
      </trkpt>
      <trkpt lat="39.542291" lon="-1.182886">
        <ele>719.5</ele>
      </trkpt>
      <trkpt lat="39.541532" lon="-1.180873">
        <ele>719.5</ele>
      </trkpt>
      <trkpt lat="39.540692" lon="-1.178756">
        <ele>717</ele>
      </trkpt>
      <trkpt lat="39.540124" lon="-1.177368">
        <ele>718.5</ele>
      </trkpt>
      <trkpt lat="39.539548" lon="-1.17601">
        <ele>722.5</ele>
      </trkpt>
      <trkpt lat="39.538267" lon="-1.173059">
        <ele>723.75</ele>
      </trkpt>
      <trkpt lat="39.536875" lon="-1.169778">
        <ele>730.25</ele>
      </trkpt>
      <trkpt lat="39.53331" lon="-1.160928">
        <ele>721.5</ele>
      </trkpt>
      <trkpt lat="39.533231" lon="-1.160736">
        <ele>721.25</ele>
      </trkpt>
      <trkpt lat="39.532708" lon="-1.159451">
        <ele>718.25</ele>
      </trkpt>
      <trkpt lat="39.53175" lon="-1.157186">
        <ele>713.75</ele>
      </trkpt>
      <trkpt lat="39.53149" lon="-1.156583">
        <ele>715</ele>
      </trkpt>
      <trkpt lat="39.529223" lon="-1.15132">
        <ele>709.75</ele>
      </trkpt>
      <trkpt lat="39.528682" lon="-1.150067">
        <ele>713.75</ele>
      </trkpt>
      <trkpt lat="39.52743" lon="-1.147141">
        <ele>721.25</ele>
      </trkpt>
      <trkpt lat="39.527019" lon="-1.146224">
        <ele>720.5</ele>
      </trkpt>
      <trkpt lat="39.526953" lon="-1.146077">
        <ele>720</ele>
      </trkpt>
      <trkpt lat="39.526126" lon="-1.144231">
        <ele>717.25</ele>
      </trkpt>
      <trkpt lat="39.525723" lon="-1.143295">
        <ele>717.5</ele>
      </trkpt>
      <trkpt lat="39.52531" lon="-1.142338">
        <ele>717</ele>
      </trkpt>
      <trkpt lat="39.524712" lon="-1.140839">
        <ele>714.25</ele>
      </trkpt>
      <trkpt lat="39.52386" lon="-1.138864">
        <ele>713.75</ele>
      </trkpt>
      <trkpt lat="39.52036" lon="-1.130749">
        <ele>713.5</ele>
      </trkpt>
      <trkpt lat="39.519591" lon="-1.128944">
        <ele>712.5</ele>
      </trkpt>
      <trkpt lat="39.516855" lon="-1.122592">
        <ele>717.5</ele>
      </trkpt>
      <trkpt lat="39.515542" lon="-1.119545">
        <ele>718.75</ele>
      </trkpt>
      <trkpt lat="39.514814" lon="-1.117838">
        <ele>720.5</ele>
      </trkpt>
      <trkpt lat="39.514127" lon="-1.116148">
        <ele>727</ele>
      </trkpt>
      <trkpt lat="39.513537" lon="-1.114632">
        <ele>732.25</ele>
      </trkpt>
      <trkpt lat="39.512729" lon="-1.112415">
        <ele>732</ele>
      </trkpt>
      <trkpt lat="39.512283" lon="-1.111114">
        <ele>734.25</ele>
      </trkpt>
      <trkpt lat="39.511879" lon="-1.109885">
        <ele>731</ele>
      </trkpt>
      <trkpt lat="39.511559" lon="-1.108868">
        <ele>732</ele>
      </trkpt>
      <trkpt lat="39.51118" lon="-1.107613">
        <ele>734.75</ele>
      </trkpt>
      <trkpt lat="39.510748" lon="-1.106116">
        <ele>735.75</ele>
      </trkpt>
      <trkpt lat="39.510355" lon="-1.104676">
        <ele>733</ele>
      </trkpt>
      <trkpt lat="39.509826" lon="-1.102571">
        <ele>730.75</ele>
      </trkpt>
      <trkpt lat="39.509573" lon="-1.101481">
        <ele>739.5</ele>
      </trkpt>
      <trkpt lat="39.509161" lon="-1.099594">
        <ele>745.25</ele>
      </trkpt>
      <trkpt lat="39.508783" lon="-1.097696">
        <ele>751.75</ele>
      </trkpt>
      <trkpt lat="39.508437" lon="-1.095786">
        <ele>757.25</ele>
      </trkpt>
      <trkpt lat="39.508126" lon="-1.093867">
        <ele>753.75</ele>
      </trkpt>
      <trkpt lat="39.507848" lon="-1.09194">
        <ele>766</ele>
      </trkpt>
      <trkpt lat="39.507604" lon="-1.090004">
        <ele>771.25</ele>
      </trkpt>
      <trkpt lat="39.507394" lon="-1.088062">
        <ele>770</ele>
      </trkpt>
      <trkpt lat="39.506785" lon="-1.08089">
        <ele>756</ele>
      </trkpt>
      <trkpt lat="39.506518" lon="-1.078093">
        <ele>756</ele>
      </trkpt>
      <trkpt lat="39.506397" lon="-1.077007">
        <ele>759</ele>
      </trkpt>
      <trkpt lat="39.506147" lon="-1.075008">
        <ele>760.5</ele>
      </trkpt>
      <trkpt lat="39.505839" lon="-1.072881">
        <ele>761</ele>
      </trkpt>
      <trkpt lat="39.505454" lon="-1.070532">
        <ele>766.5</ele>
      </trkpt>
      <trkpt lat="39.505082" lon="-1.068461">
        <ele>777.5</ele>
      </trkpt>
      <trkpt lat="39.504547" lon="-1.065879">
        <ele>770.25</ele>
      </trkpt>
      <trkpt lat="39.504235" lon="-1.06446">
        <ele>761.75</ele>
      </trkpt>
      <trkpt lat="39.503647" lon="-1.062036">
        <ele>749.25</ele>
      </trkpt>
      <trkpt lat="39.502973" lon="-1.059485">
        <ele>752.75</ele>
      </trkpt>
      <trkpt lat="39.502343" lon="-1.057294">
        <ele>762.25</ele>
      </trkpt>
      <trkpt lat="39.501728" lon="-1.055316">
        <ele>767.5</ele>
      </trkpt>
      <trkpt lat="39.501061" lon="-1.053305">
        <ele>766.75</ele>
      </trkpt>
      <trkpt lat="39.500188" lon="-1.050829">
        <ele>757.25</ele>
      </trkpt>
      <trkpt lat="39.498884" lon="-1.047479">
        <ele>748.25</ele>
      </trkpt>
      <trkpt lat="39.498125" lon="-1.045667">
        <ele>745</ele>
      </trkpt>
      <trkpt lat="39.497333" lon="-1.043874">
        <ele>744</ele>
      </trkpt>
      <trkpt lat="39.496786" lon="-1.042683">
        <ele>742.25</ele>
      </trkpt>
      <trkpt lat="39.49619" lon="-1.04144">
        <ele>740.5</ele>
      </trkpt>
      <trkpt lat="39.495576" lon="-1.040187">
        <ele>740.25</ele>
      </trkpt>
      <trkpt lat="39.494601" lon="-1.038305">
        <ele>736.25</ele>
      </trkpt>
      <trkpt lat="39.493456" lon="-1.036172">
        <ele>738.5</ele>
      </trkpt>
      <trkpt lat="39.488114" lon="-1.026382">
        <ele>747</ele>
      </trkpt>
      <trkpt lat="39.478032" lon="-1.00794">
        <ele>746.5</ele>
      </trkpt>
      <trkpt lat="39.477534" lon="-1.007001">
        <ele>743.25</ele>
      </trkpt>
      <trkpt lat="39.476833" lon="-1.005646">
        <ele>740.75</ele>
      </trkpt>
      <trkpt lat="39.476061" lon="-1.004099">
        <ele>738</ele>
      </trkpt>
      <trkpt lat="39.475251" lon="-1.002399">
        <ele>741.5</ele>
      </trkpt>
      <trkpt lat="39.474396" lon="-1.000493">
        <ele>738.5</ele>
      </trkpt>
      <trkpt lat="39.473762" lon="-0.998995">
        <ele>739.25</ele>
      </trkpt>
      <trkpt lat="39.47306" lon="-0.997258">
        <ele>739.75</ele>
      </trkpt>
      <trkpt lat="39.472393" lon="-0.995509">
        <ele>743.75</ele>
      </trkpt>
      <trkpt lat="39.471873" lon="-0.994065">
        <ele>741.75</ele>
      </trkpt>
      <trkpt lat="39.471439" lon="-0.992806">
        <ele>742.5</ele>
      </trkpt>
      <trkpt lat="39.470963" lon="-0.991349">
        <ele>732</ele>
      </trkpt>
      <trkpt lat="39.470566" lon="-0.990083">
        <ele>730</ele>
      </trkpt>
      <trkpt lat="39.47016" lon="-0.988722">
        <ele>736</ele>
      </trkpt>
      <trkpt lat="39.469623" lon="-0.986802">
        <ele>726</ele>
      </trkpt>
      <trkpt lat="39.46919" lon="-0.985133">
        <ele>723.75</ele>
      </trkpt>
      <trkpt lat="39.46879" lon="-0.983482">
        <ele>727</ele>
      </trkpt>
      <trkpt lat="39.468401" lon="-0.98174">
        <ele>723.25</ele>
      </trkpt>
      <trkpt lat="39.468065" lon="-0.980118">
        <ele>718.75</ele>
      </trkpt>
      <trkpt lat="39.467673" lon="-0.978026">
        <ele>717.75</ele>
      </trkpt>
      <trkpt lat="39.467432" lon="-0.976621">
        <ele>718</ele>
      </trkpt>
      <trkpt lat="39.467171" lon="-0.974943">
        <ele>730.75</ele>
      </trkpt>
      <trkpt lat="39.466945" lon="-0.97332">
        <ele>726.25</ele>
      </trkpt>
      <trkpt lat="39.466712" lon="-0.9715">
        <ele>732.25</ele>
      </trkpt>
      <trkpt lat="39.465888" lon="-0.964369">
        <ele>740</ele>
      </trkpt>
      <trkpt lat="39.46552" lon="-0.961726">
        <ele>731.75</ele>
      </trkpt>
      <trkpt lat="39.465403" lon="-0.960998">
        <ele>723.25</ele>
      </trkpt>
      <trkpt lat="39.465227" lon="-0.959961">
        <ele>714.5</ele>
      </trkpt>
      <trkpt lat="39.464753" lon="-0.957246">
        <ele>707.75</ele>
      </trkpt>
      <trkpt lat="39.464206" lon="-0.954257">
        <ele>712</ele>
      </trkpt>
      <trkpt lat="39.463778" lon="-0.951887">
        <ele>721.75</ele>
      </trkpt>
      <trkpt lat="39.462272" lon="-0.943679">
        <ele>723.75</ele>
      </trkpt>
      <trkpt lat="39.46189" lon="-0.941611">
        <ele>728.25</ele>
      </trkpt>
      <trkpt lat="39.460712" lon="-0.935166">
        <ele>717</ele>
      </trkpt>
      <trkpt lat="39.460648" lon="-0.934826">
        <ele>717.75</ele>
      </trkpt>
      <trkpt lat="39.460278" lon="-0.932792">
        <ele>730.5</ele>
      </trkpt>
      <trkpt lat="39.459769" lon="-0.929766">
        <ele>730.5</ele>
      </trkpt>
      <trkpt lat="39.459456" lon="-0.927116">
        <ele>730.5</ele>
      </trkpt>
      <trkpt lat="39.459181" lon="-0.924458">
        <ele>730.5</ele>
      </trkpt>
      <trkpt lat="39.458945" lon="-0.921794">
        <ele>730.5</ele>
      </trkpt>
      <trkpt lat="39.458748" lon="-0.919125">
        <ele>730.5</ele>
      </trkpt>
      <trkpt lat="39.458589" lon="-0.916452">
        <ele>730.5</ele>
      </trkpt>
      <trkpt lat="39.458553" lon="-0.915655">
        <ele>704.5</ele>
      </trkpt>
      <trkpt lat="39.458469" lon="-0.913775">
        <ele>691</ele>
      </trkpt>
      <trkpt lat="39.458475" lon="-0.912077">
        <ele>681</ele>
      </trkpt>
      <trkpt lat="39.458501" lon="-0.910379">
        <ele>660.25</ele>
      </trkpt>
      <trkpt lat="39.458543" lon="-0.908924">
        <ele>660.25</ele>
      </trkpt>
      <trkpt lat="39.458613" lon="-0.90747">
        <ele>659.5</ele>
      </trkpt>
      <trkpt lat="39.458785" lon="-0.904711">
        <ele>659.75</ele>
      </trkpt>
      <trkpt lat="39.460001" lon="-0.890291">
        <ele>637.5</ele>
      </trkpt>
      <trkpt lat="39.460228" lon="-0.887603">
        <ele>630.25</ele>
      </trkpt>
      <trkpt lat="39.460354" lon="-0.886257">
        <ele>647</ele>
      </trkpt>
      <trkpt lat="39.460906" lon="-0.881451">
        <ele>645.25</ele>
      </trkpt>
      <trkpt lat="39.461541" lon="-0.877192">
        <ele>642.5</ele>
      </trkpt>
      <trkpt lat="39.462345" lon="-0.871115">
        <ele>642.5</ele>
      </trkpt>
      <trkpt lat="39.462836" lon="-0.864981">
        <ele>642.5</ele>
      </trkpt>
      <trkpt lat="39.463011" lon="-0.858819">
        <ele>642.5</ele>
      </trkpt>
      <trkpt lat="39.46287" lon="-0.852656">
        <ele>642.5</ele>
      </trkpt>
      <trkpt lat="39.462412" lon="-0.846518">
        <ele>642.5</ele>
      </trkpt>
      <trkpt lat="39.46164" lon="-0.840433">
        <ele>642.5</ele>
      </trkpt>
      <trkpt lat="39.460557" lon="-0.834429">
        <ele>642.5</ele>
      </trkpt>
      <trkpt lat="39.459169" lon="-0.82853">
        <ele>642.5</ele>
      </trkpt>
      <trkpt lat="39.45748" lon="-0.822765">
        <ele>642.5</ele>
      </trkpt>
      <trkpt lat="39.450639" lon="-0.798231">
        <ele>642.5</ele>
      </trkpt>
      <trkpt lat="39.45" lon="-0.795594">
        <ele>480.5</ele>
      </trkpt>
      <trkpt lat="39.44951" lon="-0.79349">
        <ele>451.75</ele>
      </trkpt>
      <trkpt lat="39.449372" lon="-0.792854">
        <ele>457.75</ele>
      </trkpt>
      <trkpt lat="39.449325" lon="-0.792638">
        <ele>460.75</ele>
      </trkpt>
      <trkpt lat="39.448766" lon="-0.789526">
        <ele>460.75</ele>
      </trkpt>
      <trkpt lat="39.448271" lon="-0.786396">
        <ele>460.75</ele>
      </trkpt>
      <trkpt lat="39.447842" lon="-0.783249">
        <ele>460.75</ele>
      </trkpt>
      <trkpt lat="39.447479" lon="-0.780089">
        <ele>460.75</ele>
      </trkpt>
      <trkpt lat="39.447182" lon="-0.776917">
        <ele>460.75</ele>
      </trkpt>
      <trkpt lat="39.446951" lon="-0.773736">
        <ele>460.75</ele>
      </trkpt>
      <trkpt lat="39.446777" lon="-0.77055">
        <ele>423.75</ele>
      </trkpt>
      <trkpt lat="39.446718" lon="-0.768163">
        <ele>405.5</ele>
      </trkpt>
      <trkpt lat="39.446702" lon="-0.765766">
        <ele>398.75</ele>
      </trkpt>
      <trkpt lat="39.446718" lon="-0.763381">
        <ele>389.25</ele>
      </trkpt>
      <trkpt lat="39.446786" lon="-0.760992">
        <ele>373</ele>
      </trkpt>
      <trkpt lat="39.446894" lon="-0.758609">
        <ele>369.25</ele>
      </trkpt>
      <trkpt lat="39.447033" lon="-0.756227">
        <ele>365.5</ele>
      </trkpt>
      <trkpt lat="39.447221" lon="-0.753854">
        <ele>361</ele>
      </trkpt>
      <trkpt lat="39.447449" lon="-0.751476">
        <ele>356</ele>
      </trkpt>
      <trkpt lat="39.44772" lon="-0.749117">
        <ele>355.5</ele>
      </trkpt>
      <trkpt lat="39.448312" lon="-0.744402">
        <ele>336.75</ele>
      </trkpt>
      <trkpt lat="39.449163" lon="-0.737673">
        <ele>336.75</ele>
      </trkpt>
      <trkpt lat="39.449471" lon="-0.735438">
        <ele>336.75</ele>
      </trkpt>
      <trkpt lat="39.449826" lon="-0.733212">
        <ele>318</ele>
      </trkpt>
      <trkpt lat="39.450116" lon="-0.73156">
        <ele>317.75</ele>
      </trkpt>
      <trkpt lat="39.450438" lon="-0.729918">
        <ele>314.75</ele>
      </trkpt>
      <trkpt lat="39.450792" lon="-0.728287">
        <ele>310.75</ele>
      </trkpt>
      <trkpt lat="39.451178" lon="-0.726668">
        <ele>311</ele>
      </trkpt>
      <trkpt lat="39.451256" lon="-0.726345">
        <ele>310.5</ele>
      </trkpt>
      <trkpt lat="39.451763" lon="-0.724361">
        <ele>309.75</ele>
      </trkpt>
      <trkpt lat="39.452318" lon="-0.722399">
        <ele>310.75</ele>
      </trkpt>
      <trkpt lat="39.45292" lon="-0.72046">
        <ele>315.75</ele>
      </trkpt>
      <trkpt lat="39.453569" lon="-0.718546">
        <ele>328.5</ele>
      </trkpt>
      <trkpt lat="39.454408" lon="-0.716262">
        <ele>328.5</ele>
      </trkpt>
      <trkpt lat="39.455296" lon="-0.714009">
        <ele>328.5</ele>
      </trkpt>
      <trkpt lat="39.456233" lon="-0.711788">
        <ele>309.75</ele>
      </trkpt>
      <trkpt lat="39.456736" lon="-0.710682">
        <ele>297</ele>
      </trkpt>
      <trkpt lat="39.457217" lon="-0.709657">
        <ele>289.75</ele>
      </trkpt>
      <trkpt lat="39.457759" lon="-0.708546">
        <ele>282.75</ele>
      </trkpt>
      <trkpt lat="39.458261" lon="-0.707555">
        <ele>277.25</ele>
      </trkpt>
      <trkpt lat="39.459423" lon="-0.705352">
        <ele>265.75</ele>
      </trkpt>
      <trkpt lat="39.461505" lon="-0.701453">
        <ele>263.75</ele>
      </trkpt>
      <trkpt lat="39.462271" lon="-0.699956">
        <ele>261</ele>
      </trkpt>
      <trkpt lat="39.462882" lon="-0.698709">
        <ele>251.75</ele>
      </trkpt>
      <trkpt lat="39.463552" lon="-0.697259">
        <ele>246.75</ele>
      </trkpt>
      <trkpt lat="39.464167" lon="-0.695881">
        <ele>246.75</ele>
      </trkpt>
      <trkpt lat="39.464522" lon="-0.695048">
        <ele>246.75</ele>
      </trkpt>
      <trkpt lat="39.46487" lon="-0.69421">
        <ele>248</ele>
      </trkpt>
      <trkpt lat="39.465375" lon="-0.692941">
        <ele>251.25</ele>
      </trkpt>
      <trkpt lat="39.465885" lon="-0.691591">
        <ele>254.75</ele>
      </trkpt>
      <trkpt lat="39.466388" lon="-0.690221">
        <ele>253.75</ele>
      </trkpt>
      <trkpt lat="39.466719" lon="-0.689245">
        <ele>252</ele>
      </trkpt>
      <trkpt lat="39.467342" lon="-0.68733">
        <ele>256.75</ele>
      </trkpt>
      <trkpt lat="39.467832" lon="-0.685708">
        <ele>260</ele>
      </trkpt>
      <trkpt lat="39.46831" lon="-0.684025">
        <ele>263.5</ele>
      </trkpt>
      <trkpt lat="39.468726" lon="-0.682482">
        <ele>263.25</ele>
      </trkpt>
      <trkpt lat="39.469203" lon="-0.680469">
        <ele>265.25</ele>
      </trkpt>
      <trkpt lat="39.469603" lon="-0.678632">
        <ele>255.5</ele>
      </trkpt>
      <trkpt lat="39.469895" lon="-0.677158">
        <ele>252</ele>
      </trkpt>
      <trkpt lat="39.470114" lon="-0.675966">
        <ele>249</ele>
      </trkpt>
      <trkpt lat="39.470404" lon="-0.67426">
        <ele>239.25</ele>
      </trkpt>
      <trkpt lat="39.470643" lon="-0.672679">
        <ele>236.25</ele>
      </trkpt>
      <trkpt lat="39.470923" lon="-0.670503">
        <ele>227.25</ele>
      </trkpt>
      <trkpt lat="39.471134" lon="-0.668628">
        <ele>221.75</ele>
      </trkpt>
      <trkpt lat="39.471397" lon="-0.666027">
        <ele>210.25</ele>
      </trkpt>
      <trkpt lat="39.471602" lon="-0.663666">
        <ele>214</ele>
      </trkpt>
      <trkpt lat="39.471879" lon="-0.659882">
        <ele>207.5</ele>
      </trkpt>
      <trkpt lat="39.472088" lon="-0.656251">
        <ele>195</ele>
      </trkpt>
      <trkpt lat="39.472443" lon="-0.647904">
        <ele>177.5</ele>
      </trkpt>
      <trkpt lat="39.472663" lon="-0.642707">
        <ele>181</ele>
      </trkpt>
      <trkpt lat="39.473137" lon="-0.631298">
        <ele>171</ele>
      </trkpt>
      <trkpt lat="39.473327" lon="-0.626721">
        <ele>166</ele>
      </trkpt>
      <trkpt lat="39.47368" lon="-0.618206">
        <ele>151</ele>
      </trkpt>
      <trkpt lat="39.473748" lon="-0.616053">
        <ele>147</ele>
      </trkpt>
      <trkpt lat="39.473781" lon="-0.614449">
        <ele>144.25</ele>
      </trkpt>
      <trkpt lat="39.473801" lon="-0.612698">
        <ele>142.5</ele>
      </trkpt>
      <trkpt lat="39.47378" lon="-0.609456">
        <ele>137.75</ele>
      </trkpt>
      <trkpt lat="39.473727" lon="-0.607379">
        <ele>141</ele>
      </trkpt>
      <trkpt lat="39.47365" lon="-0.605315">
        <ele>132</ele>
      </trkpt>
      <trkpt lat="39.473553" lon="-0.603434">
        <ele>126.5</ele>
      </trkpt>
      <trkpt lat="39.473467" lon="-0.602071">
        <ele>124</ele>
      </trkpt>
      <trkpt lat="39.473359" lon="-0.600554">
        <ele>120.25</ele>
      </trkpt>
      <trkpt lat="39.473207" lon="-0.598749">
        <ele>120.25</ele>
      </trkpt>
      <trkpt lat="39.473026" lon="-0.596927">
        <ele>118.5</ele>
      </trkpt>
      <trkpt lat="39.472841" lon="-0.595359">
        <ele>116.75</ele>
      </trkpt>
      <trkpt lat="39.472607" lon="-0.59362">
        <ele>113.25</ele>
      </trkpt>
      <trkpt lat="39.472352" lon="-0.591957">
        <ele>112</ele>
      </trkpt>
      <trkpt lat="39.472135" lon="-0.590678">
        <ele>112.5</ele>
      </trkpt>
      <trkpt lat="39.471955" lon="-0.589721">
        <ele>112.75</ele>
      </trkpt>
      <trkpt lat="39.47183" lon="-0.58905">
        <ele>112</ele>
      </trkpt>
      <trkpt lat="39.471495" lon="-0.587407">
        <ele>109.75</ele>
      </trkpt>
      <trkpt lat="39.471132" lon="-0.585774">
        <ele>108.5</ele>
      </trkpt>
      <trkpt lat="39.47074" lon="-0.584152">
        <ele>106</ele>
      </trkpt>
      <trkpt lat="39.470321" lon="-0.582542">
        <ele>107.25</ele>
      </trkpt>
      <trkpt lat="39.469873" lon="-0.580945">
        <ele>108.75</ele>
      </trkpt>
      <trkpt lat="39.469398" lon="-0.579361">
        <ele>107.5</ele>
      </trkpt>
      <trkpt lat="39.468896" lon="-0.577791">
        <ele>106.25</ele>
      </trkpt>
      <trkpt lat="39.468366" lon="-0.576236">
        <ele>103</ele>
      </trkpt>
      <trkpt lat="39.46781" lon="-0.574698">
        <ele>102.25</ele>
      </trkpt>
      <trkpt lat="39.467227" lon="-0.573175">
        <ele>101</ele>
      </trkpt>
      <trkpt lat="39.466617" lon="-0.571671">
        <ele>99</ele>
      </trkpt>
      <trkpt lat="39.465982" lon="-0.570184">
        <ele>99</ele>
      </trkpt>
      <trkpt lat="39.465756" lon="-0.569672">
        <ele>97</ele>
      </trkpt>
      <trkpt lat="39.463921" lon="-0.565533">
        <ele>97.25</ele>
      </trkpt>
      <trkpt lat="39.463397" lon="-0.564313">
        <ele>97</ele>
      </trkpt>
      <trkpt lat="39.462882" lon="-0.563087">
        <ele>94.75</ele>
      </trkpt>
      <trkpt lat="39.462475" lon="-0.562092">
        <ele>94.75</ele>
      </trkpt>
      <trkpt lat="39.462079" lon="-0.56109">
        <ele>94.75</ele>
      </trkpt>
      <trkpt lat="39.461695" lon="-0.56008">
        <ele>94.75</ele>
      </trkpt>
      <trkpt lat="39.461322" lon="-0.559062">
        <ele>94.75</ele>
      </trkpt>
      <trkpt lat="39.460961" lon="-0.558038">
        <ele>92</ele>
      </trkpt>
      <trkpt lat="39.460347" lon="-0.556245">
        <ele>90.5</ele>
      </trkpt>
      <trkpt lat="39.459752" lon="-0.554441">
        <ele>89</ele>
      </trkpt>
      <trkpt lat="39.458832" lon="-0.551643">
        <ele>87</ele>
      </trkpt>
      <trkpt lat="39.452104" lon="-0.531143">
        <ele>74.75</ele>
      </trkpt>
      <trkpt lat="39.451655" lon="-0.529743">
        <ele>74.75</ele>
      </trkpt>
      <trkpt lat="39.450972" lon="-0.527528">
        <ele>70.5</ele>
      </trkpt>
      <trkpt lat="39.447905" lon="-0.516775">
        <ele>65.5</ele>
      </trkpt>
      <trkpt lat="39.447701" lon="-0.516086">
        <ele>64.5</ele>
      </trkpt>
      <trkpt lat="39.446945" lon="-0.513359">
        <ele>64</ele>
      </trkpt>
      <trkpt lat="39.446627" lon="-0.51213">
        <ele>62.75</ele>
      </trkpt>
      <trkpt lat="39.446282" lon="-0.510724">
        <ele>62.75</ele>
      </trkpt>
      <trkpt lat="39.445921" lon="-0.509128">
        <ele>63.5</ele>
      </trkpt>
      <trkpt lat="39.445599" lon="-0.50761">
        <ele>60.75</ele>
      </trkpt>
      <trkpt lat="39.445275" lon="-0.505947">
        <ele>60.5</ele>
      </trkpt>
      <trkpt lat="39.445124" lon="-0.505166">
        <ele>60.5</ele>
      </trkpt>
      <trkpt lat="39.444987" lon="-0.50438">
        <ele>60.5</ele>
      </trkpt>
      <trkpt lat="39.444863" lon="-0.503591">
        <ele>60.5</ele>
      </trkpt>
      <trkpt lat="39.444752" lon="-0.502799">
        <ele>60.5</ele>
      </trkpt>
      <trkpt lat="39.444656" lon="-0.502003">
        <ele>60.5</ele>
      </trkpt>
      <trkpt lat="39.444438" lon="-0.500304">
        <ele>58.5</ele>
      </trkpt>
      <trkpt lat="39.444234" lon="-0.498601">
        <ele>55.75</ele>
      </trkpt>
      <trkpt lat="39.444032" lon="-0.496254">
        <ele>55.75</ele>
      </trkpt>
      <trkpt lat="39.443943" lon="-0.495026">
        <ele>55.75</ele>
      </trkpt>
      <trkpt lat="39.443871" lon="-0.493796">
        <ele>55.75</ele>
      </trkpt>
      <trkpt lat="39.443818" lon="-0.492564">
        <ele>55.75</ele>
      </trkpt>
      <trkpt lat="39.443782" lon="-0.491332">
        <ele>55.75</ele>
      </trkpt>
      <trkpt lat="39.443764" lon="-0.490099">
        <ele>55.75</ele>
      </trkpt>
      <trkpt lat="39.443765" lon="-0.488865">
        <ele>57.5</ele>
      </trkpt>
      <trkpt lat="39.44381" lon="-0.486677">
        <ele>57.5</ele>
      </trkpt>
      <trkpt lat="39.443915" lon="-0.484493">
        <ele>57.5</ele>
      </trkpt>
      <trkpt lat="39.44408" lon="-0.482315">
        <ele>57.5</ele>
      </trkpt>
      <trkpt lat="39.444304" lon="-0.480146">
        <ele>57.5</ele>
      </trkpt>
      <trkpt lat="39.444588" lon="-0.477989">
        <ele>57.5</ele>
      </trkpt>
      <trkpt lat="39.444931" lon="-0.475846">
        <ele>57.5</ele>
      </trkpt>
      <trkpt lat="39.445332" lon="-0.473721">
        <ele>57.5</ele>
      </trkpt>
      <trkpt lat="39.445791" lon="-0.471615">
        <ele>57.5</ele>
      </trkpt>
      <trkpt lat="39.446329" lon="-0.469412">
        <ele>57.5</ele>
      </trkpt>
      <trkpt lat="39.447388" lon="-0.465313">
        <ele>57.5</ele>
      </trkpt>
      <trkpt lat="39.44782" lon="-0.463491">
        <ele>57.5</ele>
      </trkpt>
      <trkpt lat="39.44821" lon="-0.461654">
        <ele>57.5</ele>
      </trkpt>
      <trkpt lat="39.448557" lon="-0.459802">
        <ele>57.5</ele>
      </trkpt>
      <trkpt lat="39.448863" lon="-0.457937">
        <ele>57.5</ele>
      </trkpt>
      <trkpt lat="39.449308" lon="-0.454732">
        <ele>39.75</ele>
      </trkpt>
      <trkpt lat="39.449435" lon="-0.453697">
        <ele>40.5</ele>
      </trkpt>
      <trkpt lat="39.449614" lon="-0.451978">
        <ele>37.75</ele>
      </trkpt>
      <trkpt lat="39.449737" lon="-0.450549">
        <ele>34.75</ele>
      </trkpt>
      <trkpt lat="39.449857" lon="-0.44901">
        <ele>35.25</ele>
      </trkpt>
      <trkpt lat="39.449942" lon="-0.447491">
        <ele>40.5</ele>
      </trkpt>
      <trkpt lat="39.45001" lon="-0.445954">
        <ele>34</ele>
      </trkpt>
      <trkpt lat="39.450042" lon="-0.444815">
        <ele>29.75</ele>
      </trkpt>
      <trkpt lat="39.450056" lon="-0.443677">
        <ele>34.25</ele>
      </trkpt>
      <trkpt lat="39.450045" lon="-0.442483">
        <ele>33</ele>
      </trkpt>
      <trkpt lat="39.450029" lon="-0.441724">
        <ele>32</ele>
      </trkpt>
      <trkpt lat="39.449998" lon="-0.440893">
        <ele>32.75</ele>
      </trkpt>
      <trkpt lat="39.44994" lon="-0.439887">
        <ele>33.75</ele>
      </trkpt>
      <trkpt lat="39.449863" lon="-0.438927">
        <ele>31.5</ele>
      </trkpt>
      <trkpt lat="39.449768" lon="-0.437991">
        <ele>30.75</ele>
      </trkpt>
      <trkpt lat="39.449646" lon="-0.436995">
        <ele>29.5</ele>
      </trkpt>
      <trkpt lat="39.449538" lon="-0.436236">
        <ele>30.5</ele>
      </trkpt>
      <trkpt lat="39.449412" lon="-0.435434">
        <ele>30.5</ele>
      </trkpt>
      <trkpt lat="39.449389" lon="-0.435311">
        <ele>30</ele>
      </trkpt>
      <trkpt lat="39.449232" lon="-0.434453">
        <ele>27.75</ele>
      </trkpt>
      <trkpt lat="39.449061" lon="-0.433599">
        <ele>27.25</ele>
      </trkpt>
      <trkpt lat="39.448876" lon="-0.432751">
        <ele>28</ele>
      </trkpt>
      <trkpt lat="39.448676" lon="-0.431908">
        <ele>27</ele>
      </trkpt>
      <trkpt lat="39.448147" lon="-0.429876">
        <ele>27.75</ele>
      </trkpt>
      <trkpt lat="39.448098" lon="-0.429681">
        <ele>27.25</ele>
      </trkpt>
      <trkpt lat="39.447937" lon="-0.429054">
        <ele>25.75</ele>
      </trkpt>
      <trkpt lat="39.447796" lon="-0.428476">
        <ele>25.5</ele>
      </trkpt>
      <trkpt lat="39.447663" lon="-0.427895">
        <ele>24.75</ele>
      </trkpt>
      <trkpt lat="39.447539" lon="-0.42731">
        <ele>24.25</ele>
      </trkpt>
      <trkpt lat="39.447423" lon="-0.426723">
        <ele>25.5</ele>
      </trkpt>
      <trkpt lat="39.447316" lon="-0.426133">
        <ele>25</ele>
      </trkpt>
      <trkpt lat="39.447218" lon="-0.42554">
        <ele>23.75</ele>
      </trkpt>
      <trkpt lat="39.447129" lon="-0.424946">
        <ele>23</ele>
      </trkpt>
      <trkpt lat="39.447034" lon="-0.424234">
        <ele>23</ele>
      </trkpt>
      <trkpt lat="39.446963" lon="-0.423519">
        <ele>24</ele>
      </trkpt>
      <trkpt lat="39.446904" lon="-0.422788">
        <ele>24</ele>
      </trkpt>
      <trkpt lat="39.446721" lon="-0.420299">
        <ele>23</ele>
      </trkpt>
      <trkpt lat="39.446626" lon="-0.41936">
        <ele>20.5</ele>
      </trkpt>
      <trkpt lat="39.446571" lon="-0.418931">
        <ele>19.5</ele>
      </trkpt>
      <trkpt lat="39.446294" lon="-0.417074">
        <ele>18.5</ele>
      </trkpt>
      <trkpt lat="39.445929" lon="-0.415023">
        <ele>16.5</ele>
      </trkpt>
      <trkpt lat="39.445373" lon="-0.412032">
        <ele>16.75</ele>
      </trkpt>
      <trkpt lat="39.445268" lon="-0.411429">
        <ele>16.25</ele>
      </trkpt>
      <trkpt lat="39.445175" lon="-0.410823">
        <ele>14.75</ele>
      </trkpt>
      <trkpt lat="39.445093" lon="-0.410215">
        <ele>14.75</ele>
      </trkpt>
      <trkpt lat="39.445021" lon="-0.409604">
        <ele>14.25</ele>
      </trkpt>
      <trkpt lat="39.444961" lon="-0.408991">
        <ele>14.5</ele>
      </trkpt>
      <trkpt lat="39.444912" lon="-0.408377">
        <ele>16</ele>
      </trkpt>
      <trkpt lat="39.444881" lon="-0.407831">
        <ele>16</ele>
      </trkpt>
      <trkpt lat="39.444821" lon="-0.406183">
        <ele>16</ele>
      </trkpt>
      <trkpt lat="39.444693" lon="-0.402645">
        <ele>16</ele>
      </trkpt>
      <trkpt lat="39.444658" lon="-0.402119">
        <ele>16</ele>
      </trkpt>
      <trkpt lat="39.444619" lon="-0.401694">
        <ele>11.75</ele>
      </trkpt>
      <trkpt lat="39.444564" lon="-0.401224">
        <ele>13.75</ele>
      </trkpt>
      <trkpt lat="39.444493" lon="-0.400757">
        <ele>15.75</ele>
      </trkpt>
      <trkpt lat="39.444406" lon="-0.400295">
        <ele>16.75</ele>
      </trkpt>
      <trkpt lat="39.444302" lon="-0.399839">
        <ele>17.75</ele>
      </trkpt>
      <trkpt lat="39.444184" lon="-0.399389">
        <ele>19</ele>
      </trkpt>
      <trkpt lat="39.444049" lon="-0.398946">
        <ele>19.25</ele>
      </trkpt>
      <trkpt lat="39.4439" lon="-0.398512">
        <ele>18.25</ele>
      </trkpt>
      <trkpt lat="39.443736" lon="-0.398086">
        <ele>16.5</ele>
      </trkpt>
      <trkpt lat="39.443557" lon="-0.397671">
        <ele>14.5</ele>
      </trkpt>
      <trkpt lat="39.442942" lon="-0.396293">
        <ele>14.5</ele>
      </trkpt>
      <trkpt lat="39.44255" lon="-0.395444">
        <ele>17</ele>
      </trkpt>
      <trkpt lat="39.442403" lon="-0.395095">
        <ele>17</ele>
      </trkpt>
      <trkpt lat="39.442267" lon="-0.394738">
        <ele>16</ele>
      </trkpt>
      <trkpt lat="39.442137" lon="-0.394372">
        <ele>15.25</ele>
      </trkpt>
      <trkpt lat="39.442007" lon="-0.393989">
        <ele>15.25</ele>
      </trkpt>
      <trkpt lat="39.441895" lon="-0.393597">
        <ele>15.25</ele>
      </trkpt>
      <trkpt lat="39.4418" lon="-0.393196">
        <ele>15.25</ele>
      </trkpt>
      <trkpt lat="39.441723" lon="-0.39279">
        <ele>15.25</ele>
      </trkpt>
      <trkpt lat="39.441665" lon="-0.392378">
        <ele>15.25</ele>
      </trkpt>
      <trkpt lat="39.441625" lon="-0.391962">
        <ele>15.25</ele>
      </trkpt>
      <trkpt lat="39.441605" lon="-0.391544">
        <ele>15.25</ele>
      </trkpt>
      <trkpt lat="39.441603" lon="-0.391126">
        <ele>15.25</ele>
      </trkpt>
      <trkpt lat="39.44162" lon="-0.390708">
        <ele>15.25</ele>
      </trkpt>
      <trkpt lat="39.441655" lon="-0.390292">
        <ele>15.25</ele>
      </trkpt>
      <trkpt lat="39.44171" lon="-0.389879">
        <ele>15.25</ele>
      </trkpt>
      <trkpt lat="39.441783" lon="-0.389471">
        <ele>15.25</ele>
      </trkpt>
      <trkpt lat="39.441874" lon="-0.389069">
        <ele>15.25</ele>
      </trkpt>
      <trkpt lat="39.441983" lon="-0.388675">
        <ele>15.25</ele>
      </trkpt>
      <trkpt lat="39.442109" lon="-0.38829">
        <ele>15.25</ele>
      </trkpt>
      <trkpt lat="39.442253" lon="-0.387915">
        <ele>15.25</ele>
      </trkpt>
      <trkpt lat="39.442413" lon="-0.387551">
        <ele>15.25</ele>
      </trkpt>
      <trkpt lat="39.44259" lon="-0.3872">
        <ele>15.25</ele>
      </trkpt>
      <trkpt lat="39.442782" lon="-0.386863">
        <ele>15.25</ele>
      </trkpt>
      <trkpt lat="39.442988" lon="-0.386542">
        <ele>15.25</ele>
      </trkpt>
      <trkpt lat="39.443209" lon="-0.386236">
        <ele>15.25</ele>
      </trkpt>
      <trkpt lat="39.443444" lon="-0.385947">
        <ele>15.25</ele>
      </trkpt>
      <trkpt lat="39.44369" lon="-0.385677">
        <ele>15.25</ele>
      </trkpt>
      <trkpt lat="39.443949" lon="-0.385426">
        <ele>15.25</ele>
      </trkpt>
      <trkpt lat="39.444218" lon="-0.385194">
        <ele>15.25</ele>
      </trkpt>
      <trkpt lat="39.444498" lon="-0.384984">
        <ele>15.25</ele>
      </trkpt>
      <trkpt lat="39.444786" lon="-0.384795">
        <ele>15.25</ele>
      </trkpt>
      <trkpt lat="39.44661" lon="-0.384093">
        <ele>10</ele>
      </trkpt>
      <trkpt lat="39.450756" lon="-0.382636">
        <ele>13.75</ele>
      </trkpt>
      <trkpt lat="39.452015" lon="-0.3822">
        <ele>14</ele>
      </trkpt>
      <trkpt lat="39.452278" lon="-0.382102">
        <ele>15.25</ele>
      </trkpt>
      <trkpt lat="39.453819" lon="-0.381577">
        <ele>16.25</ele>
      </trkpt>
      <trkpt lat="39.454382" lon="-0.381378">
        <ele>16</ele>
      </trkpt>
      <trkpt lat="39.454546" lon="-0.381334">
        <ele>15.25</ele>
      </trkpt>
      <trkpt lat="39.454733" lon="-0.381313">
        <ele>14.5</ele>
      </trkpt>
      <trkpt lat="39.454953" lon="-0.381312">
        <ele>13.75</ele>
      </trkpt>
      <trkpt lat="39.455126" lon="-0.381328">
        <ele>13.25</ele>
      </trkpt>
      <trkpt lat="39.455383" lon="-0.381387">
        <ele>12.25</ele>
      </trkpt>
      <trkpt lat="39.455607" lon="-0.381465">
        <ele>11.5</ele>
      </trkpt>
      <trkpt lat="39.455811" lon="-0.381564">
        <ele>10.75</ele>
      </trkpt>
      <trkpt lat="39.456029" lon="-0.381685">
        <ele>10.5</ele>
      </trkpt>
      <trkpt lat="39.456128" lon="-0.381732">
        <ele>10.5</ele>
      </trkpt>
      <trkpt lat="39.456275" lon="-0.381789">
        <ele>10.25</ele>
      </trkpt>
      <trkpt lat="39.456674" lon="-0.381928">
        <ele>10.25</ele>
      </trkpt>
      <trkpt lat="39.456879" lon="-0.381978">
        <ele>11.5</ele>
      </trkpt>
      <trkpt lat="39.457029" lon="-0.382">
        <ele>12.25</ele>
      </trkpt>
      <trkpt lat="39.457264" lon="-0.382006">
        <ele>13.25</ele>
      </trkpt>
      <trkpt lat="39.457504" lon="-0.381981">
        <ele>14.5</ele>
      </trkpt>
      <trkpt lat="39.457818" lon="-0.381905">
        <ele>14.5</ele>
      </trkpt>
      <trkpt lat="39.459557" lon="-0.381462">
        <ele>11.5</ele>
      </trkpt>
      <trkpt lat="39.459719" lon="-0.381421">
        <ele>11.25</ele>
      </trkpt>
    </trkseg>
  </trk>
  <trk>
    <name>L042</name>
    <trkseg>
      <trkpt lat="39.60914" lon="-1.957592">
        <ele>915</ele>
      </trkpt>
      <trkpt lat="39.608248" lon="-1.957658">
        <ele>916.25</ele>
      </trkpt>
      <trkpt lat="39.605611" lon="-1.957781">
        <ele>921.5</ele>
      </trkpt>
      <trkpt lat="39.602012" lon="-1.957935">
        <ele>907.25</ele>
      </trkpt>
      <trkpt lat="39.60098" lon="-1.95799">
        <ele>906.25</ele>
      </trkpt>
      <trkpt lat="39.598627" lon="-1.958171">
        <ele>911.75</ele>
      </trkpt>
      <trkpt lat="39.596462" lon="-1.958419">
        <ele>916.25</ele>
      </trkpt>
      <trkpt lat="39.595277" lon="-1.958594">
        <ele>911.25</ele>
      </trkpt>
      <trkpt lat="39.594419" lon="-1.958738">
        <ele>907.25</ele>
      </trkpt>
      <trkpt lat="39.589385" lon="-1.959545">
        <ele>885.75</ele>
      </trkpt>
      <trkpt lat="39.587613" lon="-1.959858">
        <ele>877.75</ele>
      </trkpt>
      <trkpt lat="39.586189" lon="-1.960186">
        <ele>875.25</ele>
      </trkpt>
      <trkpt lat="39.581718" lon="-1.961526">
        <ele>872.5</ele>
      </trkpt>
      <trkpt lat="39.579775" lon="-1.962018">
        <ele>867.5</ele>
      </trkpt>
      <trkpt lat="39.578136" lon="-1.962344">
        <ele>864.25</ele>
      </trkpt>
      <trkpt lat="39.576831" lon="-1.962568">
        <ele>856.75</ele>
      </trkpt>
      <trkpt lat="39.575206" lon="-1.96291">
        <ele>856.75</ele>
      </trkpt>
      <trkpt lat="39.566942" lon="-1.964536">
        <ele>854.75</ele>
      </trkpt>
      <trkpt lat="39.552625" lon="-1.967316">
        <ele>857.5</ele>
      </trkpt>
      <trkpt lat="39.540729" lon="-1.969594">
        <ele>837.5</ele>
      </trkpt>
      <trkpt lat="39.529502" lon="-1.97174">
        <ele>833.25</ele>
      </trkpt>
      <trkpt lat="39.519587" lon="-1.973615">
        <ele>822.75</ele>
      </trkpt>
      <trkpt lat="39.515516" lon="-1.974542">
        <ele>825.5</ele>
      </trkpt>
      <trkpt lat="39.514745" lon="-1.974752">
        <ele>825</ele>
      </trkpt>
      <trkpt lat="39.513179" lon="-1.975181">
        <ele>824</ele>
      </trkpt>
      <trkpt lat="39.51049" lon="-1.976029">
        <ele>823.25</ele>
      </trkpt>
      <trkpt lat="39.507831" lon="-1.977132">
        <ele>819</ele>
      </trkpt>
      <trkpt lat="39.505787" lon="-1.978031">
        <ele>812.25</ele>
      </trkpt>
      <trkpt lat="39.501822" lon="-1.979957">
        <ele>803.5</ele>
      </trkpt>
      <trkpt lat="39.499847" lon="-1.980862">
        <ele>799</ele>
      </trkpt>
      <trkpt lat="39.498146" lon="-1.98156">
        <ele>802.75</ele>
      </trkpt>
      <trkpt lat="39.496863" lon="-1.982039">
        <ele>801.5</ele>
      </trkpt>
      <trkpt lat="39.495131" lon="-1.982612">
        <ele>802.75</ele>
      </trkpt>
      <trkpt lat="39.487059" lon="-1.985097">
        <ele>818.25</ele>
      </trkpt>
      <trkpt lat="39.483226" lon="-1.986272">
        <ele>823.25</ele>
      </trkpt>
      <trkpt lat="39.480269" lon="-1.987159">
        <ele>821.5</ele>
      </trkpt>
      <trkpt lat="39.473697" lon="-1.989157">
        <ele>811.25</ele>
      </trkpt>
      <trkpt lat="39.471923" lon="-1.989678">
        <ele>815.25</ele>
      </trkpt>
      <trkpt lat="39.470794" lon="-1.989984">
        <ele>816.75</ele>
      </trkpt>
      <trkpt lat="39.469384" lon="-1.990334">
        <ele>812.5</ele>
      </trkpt>
      <trkpt lat="39.468832" lon="-1.990455">
        <ele>812.25</ele>
      </trkpt>
      <trkpt lat="39.467846" lon="-1.99066">
        <ele>813.5</ele>
      </trkpt>
      <trkpt lat="39.466494" lon="-1.990912">
        <ele>814.75</ele>
      </trkpt>
      <trkpt lat="39.464523" lon="-1.991217">
        <ele>815</ele>
      </trkpt>
      <trkpt lat="39.459798" lon="-1.991823">
        <ele>809.75</ele>
      </trkpt>
      <trkpt lat="39.458704" lon="-1.991977">
        <ele>809.25</ele>
      </trkpt>
      <trkpt lat="39.457001" lon="-1.992266">
        <ele>807.25</ele>
      </trkpt>
      <trkpt lat="39.4554" lon="-1.992583">
        <ele>807.75</ele>
      </trkpt>
      <trkpt lat="39.454434" lon="-1.992801">
        <ele>805.75</ele>
      </trkpt>
      <trkpt lat="39.452884" lon="-1.99319">
        <ele>805</ele>
      </trkpt>
      <trkpt lat="39.450396" lon="-1.993925">
        <ele>803.25</ele>
      </trkpt>
      <trkpt lat="39.446326" lon="-1.995227">
        <ele>804.25</ele>
      </trkpt>
      <trkpt lat="39.441535" lon="-1.996786">
        <ele>800.75</ele>
      </trkpt>
      <trkpt lat="39.436175" lon="-1.998511">
        <ele>798.75</ele>
      </trkpt>
      <trkpt lat="39.424797" lon="-2.002183">
        <ele>796</ele>
      </trkpt>
      <trkpt lat="39.420242" lon="-2.003475">
        <ele>789</ele>
      </trkpt>
      <trkpt lat="39.414924" lon="-2.004643">
        <ele>793.5</ele>
      </trkpt>
      <trkpt lat="39.411593" lon="-2.00518">
        <ele>791.75</ele>
      </trkpt>
      <trkpt lat="39.407958" lon="-2.005685">
        <ele>786.5</ele>
      </trkpt>
      <trkpt lat="39.402711" lon="-2.006127">
        <ele>784.25</ele>
      </trkpt>
      <trkpt lat="39.392303" lon="-2.006396">
        <ele>778.25</ele>
      </trkpt>
      <trkpt lat="39.381791" lon="-2.006723">
        <ele>776.75</ele>
      </trkpt>
      <trkpt lat="39.380706" lon="-2.006728">
        <ele>777.75</ele>
      </trkpt>
      <trkpt lat="39.380219" lon="-2.006766">
        <ele>777</ele>
      </trkpt>
      <trkpt lat="39.37696" lon="-2.006873">
        <ele>772.75</ele>
      </trkpt>
      <trkpt lat="39.376072" lon="-2.00692">
        <ele>771.5</ele>
      </trkpt>
      <trkpt lat="39.375558" lon="-2.006952">
        <ele>771</ele>
      </trkpt>
      <trkpt lat="39.37517" lon="-2.006977">
        <ele>770.75</ele>
      </trkpt>
      <trkpt lat="39.37388" lon="-2.007089">
        <ele>770.5</ele>
      </trkpt>
      <trkpt lat="39.372236" lon="-2.007285">
        <ele>770.25</ele>
      </trkpt>
      <trkpt lat="39.371546" lon="-2.007378">
        <ele>768.5</ele>
      </trkpt>
      <trkpt lat="39.369271" lon="-2.007769">
        <ele>765.25</ele>
      </trkpt>
      <trkpt lat="39.367611" lon="-2.008112">
        <ele>768.5</ele>
      </trkpt>
      <trkpt lat="39.366239" lon="-2.008448">
        <ele>766.5</ele>
      </trkpt>
      <trkpt lat="39.366173" lon="-2.008463">
        <ele>766.25</ele>
      </trkpt>
      <trkpt lat="39.363571" lon="-2.009203">
        <ele>767.5</ele>
      </trkpt>
      <trkpt lat="39.362518" lon="-2.009548">
        <ele>766</ele>
      </trkpt>
      <trkpt lat="39.359424" lon="-2.010675">
        <ele>760.25</ele>
      </trkpt>
      <trkpt lat="39.358532" lon="-2.011049">
        <ele>759</ele>
      </trkpt>
      <trkpt lat="39.356646" lon="-2.011889">
        <ele>754</ele>
      </trkpt>
      <trkpt lat="39.356558" lon="-2.011929">
        <ele>754</ele>
      </trkpt>
      <trkpt lat="39.354325" lon="-2.012992">
        <ele>751</ele>
      </trkpt>
      <trkpt lat="39.353725" lon="-2.013292">
        <ele>752.25</ele>
      </trkpt>
      <trkpt lat="39.352305" lon="-2.013967">
        <ele>754.25</ele>
      </trkpt>
      <trkpt lat="39.350375" lon="-2.014863">
        <ele>754.75</ele>
      </trkpt>
      <trkpt lat="39.349357" lon="-2.015298">
        <ele>756</ele>
      </trkpt>
      <trkpt lat="39.34843" lon="-2.015675">
        <ele>760.75</ele>
      </trkpt>
      <trkpt lat="39.347699" lon="-2.015955">
        <ele>762.25</ele>
      </trkpt>
      <trkpt lat="39.346969" lon="-2.016229">
        <ele>761</ele>
      </trkpt>
      <trkpt lat="39.345894" lon="-2.016614">
        <ele>761.75</ele>
      </trkpt>
      <trkpt lat="39.343721" lon="-2.0173">
        <ele>761.75</ele>
      </trkpt>
      <trkpt lat="39.342969" lon="-2.017519">
        <ele>761.25</ele>
      </trkpt>
      <trkpt lat="39.34111" lon="-2.017985">
        <ele>754.5</ele>
      </trkpt>
      <trkpt lat="39.339887" lon="-2.018271">
        <ele>750</ele>
      </trkpt>
      <trkpt lat="39.339379" lon="-2.018371">
        <ele>749</ele>
      </trkpt>
      <trkpt lat="39.338877" lon="-2.01848">
        <ele>749</ele>
      </trkpt>
      <trkpt lat="39.337641" lon="-2.018693">
        <ele>748.25</ele>
      </trkpt>
      <trkpt lat="39.33466" lon="-2.019118">
        <ele>745.5</ele>
      </trkpt>
      <trkpt lat="39.334544" lon="-2.019129">
        <ele>745</ele>
      </trkpt>
      <trkpt lat="39.333305" lon="-2.019238">
        <ele>742.75</ele>
      </trkpt>
      <trkpt lat="39.330517" lon="-2.019384">
        <ele>742.25</ele>
      </trkpt>
      <trkpt lat="39.329985" lon="-2.019398">
        <ele>742.5</ele>
      </trkpt>
      <trkpt lat="39.328939" lon="-2.019401">
        <ele>741.75</ele>
      </trkpt>
      <trkpt lat="39.327745" lon="-2.019387">
        <ele>742</ele>
      </trkpt>
      <trkpt lat="39.326924" lon="-2.019362">
        <ele>742.5</ele>
      </trkpt>
      <trkpt lat="39.323096" lon="-2.019195">
        <ele>743.5</ele>
      </trkpt>
      <trkpt lat="39.319843" lon="-2.019135">
        <ele>740.25</ele>
      </trkpt>
      <trkpt lat="39.318398" lon="-2.019172">
        <ele>748.25</ele>
      </trkpt>
      <trkpt lat="39.317361" lon="-2.01923">
        <ele>749.5</ele>
      </trkpt>
      <trkpt lat="39.316196" lon="-2.019307">
        <ele>749.25</ele>
      </trkpt>
      <trkpt lat="39.315151" lon="-2.019389">
        <ele>747</ele>
      </trkpt>
      <trkpt lat="39.311805" lon="-2.01972">
        <ele>749</ele>
      </trkpt>
      <trkpt lat="39.310338" lon="-2.019858">
        <ele>750.25</ele>
      </trkpt>
      <trkpt lat="39.308498" lon="-2.019975">
        <ele>747.75</ele>
      </trkpt>
      <trkpt lat="39.306319" lon="-2.020011">
        <ele>748.5</ele>
      </trkpt>
      <trkpt lat="39.303221" lon="-2.019979">
        <ele>746.25</ele>
      </trkpt>
      <trkpt lat="39.298965" lon="-2.019529">
        <ele>747</ele>
      </trkpt>
      <trkpt lat="39.294111" lon="-2.01858">
        <ele>745.25</ele>
      </trkpt>
      <trkpt lat="39.288946" lon="-2.017101">
        <ele>741.75</ele>
      </trkpt>
      <trkpt lat="39.287821" lon="-2.016711">
        <ele>742.5</ele>
      </trkpt>
      <trkpt lat="39.285742" lon="-2.015891">
        <ele>742.25</ele>
      </trkpt>
      <trkpt lat="39.283693" lon="-2.014978">
        <ele>743</ele>
      </trkpt>
      <trkpt lat="39.280549" lon="-2.013499">
        <ele>738.25</ele>
      </trkpt>
      <trkpt lat="39.279555" lon="-2.013037">
        <ele>736.25</ele>
      </trkpt>
      <trkpt lat="39.278715" lon="-2.012672">
        <ele>734.75</ele>
      </trkpt>
      <trkpt lat="39.276722" lon="-2.011749">
        <ele>733.75</ele>
      </trkpt>
      <trkpt lat="39.274109" lon="-2.010531">
        <ele>737</ele>
      </trkpt>
      <trkpt lat="39.269401" lon="-2.00832">
        <ele>735.25</ele>
      </trkpt>
      <trkpt lat="39.266276" lon="-2.006921">
        <ele>735</ele>
      </trkpt>
      <trkpt lat="39.265163" lon="-2.006466">
        <ele>739</ele>
      </trkpt>
      <trkpt lat="39.264137" lon="-2.00607">
        <ele>735.75</ele>
      </trkpt>
      <trkpt lat="39.262614" lon="-2.005509">
        <ele>735.5</ele>
      </trkpt>
      <trkpt lat="39.261582" lon="-2.005152">
        <ele>734</ele>
      </trkpt>
      <trkpt lat="39.258151" lon="-2.004174">
        <ele>733</ele>
      </trkpt>
      <trkpt lat="39.257734" lon="-2.004071">
        <ele>733.5</ele>
      </trkpt>
      <trkpt lat="39.257331" lon="-2.003962">
        <ele>733.75</ele>
      </trkpt>
      <trkpt lat="39.25653" lon="-2.003773">
        <ele>733.5</ele>
      </trkpt>
      <trkpt lat="39.255289" lon="-2.003496">
        <ele>732.5</ele>
      </trkpt>
      <trkpt lat="39.254194" lon="-2.003245">
        <ele>731</ele>
      </trkpt>
      <trkpt lat="39.253231" lon="-2.002995">
        <ele>730.75</ele>
      </trkpt>
      <trkpt lat="39.253099" lon="-2.002974">
        <ele>730.5</ele>
      </trkpt>
      <trkpt lat="39.251709" lon="-2.002569">
        <ele>730.75</ele>
      </trkpt>
      <trkpt lat="39.250592" lon="-2.002328">
        <ele>728.5</ele>
      </trkpt>
      <trkpt lat="39.248769" lon="-2.001763">
        <ele>727.25</ele>
      </trkpt>
      <trkpt lat="39.247946" lon="-2.001491">
        <ele>727.5</ele>
      </trkpt>
      <trkpt lat="39.246409" lon="-2.000937">
        <ele>727</ele>
      </trkpt>
      <trkpt lat="39.245493" lon="-2.000581">
        <ele>725.5</ele>
      </trkpt>
      <trkpt lat="39.24429" lon="-2.000081">
        <ele>723.75</ele>
      </trkpt>
      <trkpt lat="39.243167" lon="-1.999591">
        <ele>723.75</ele>
      </trkpt>
      <trkpt lat="39.24168" lon="-1.998892">
        <ele>722.75</ele>
      </trkpt>
      <trkpt lat="39.240984" lon="-1.998546">
        <ele>724</ele>
      </trkpt>
      <trkpt lat="39.239366" lon="-1.997698">
        <ele>722</ele>
      </trkpt>
      <trkpt lat="39.238313" lon="-1.997126">
        <ele>723.25</ele>
      </trkpt>
      <trkpt lat="39.234393" lon="-1.994936">
        <ele>723</ele>
      </trkpt>
      <trkpt lat="39.233436" lon="-1.994426">
        <ele>720.5</ele>
      </trkpt>
      <trkpt lat="39.231792" lon="-1.993584">
        <ele>722</ele>
      </trkpt>
      <trkpt lat="39.230466" lon="-1.992966">
        <ele>721.75</ele>
      </trkpt>
      <trkpt lat="39.229237" lon="-1.992427">
        <ele>720.75</ele>
      </trkpt>
      <trkpt lat="39.228262" lon="-1.99202">
        <ele>722.75</ele>
      </trkpt>
      <trkpt lat="39.226706" lon="-1.991417">
        <ele>720.5</ele>
      </trkpt>
      <trkpt lat="39.225929" lon="-1.991141">
        <ele>720.5</ele>
      </trkpt>
      <trkpt lat="39.224458" lon="-1.990645">
        <ele>720.75</ele>
      </trkpt>
      <trkpt lat="39.223469" lon="-1.99034">
        <ele>720</ele>
      </trkpt>
      <trkpt lat="39.222109" lon="-1.989952">
        <ele>720</ele>
      </trkpt>
      <trkpt lat="39.220925" lon="-1.989649">
        <ele>719</ele>
      </trkpt>
      <trkpt lat="39.219708" lon="-1.989365">
        <ele>718.5</ele>
      </trkpt>
      <trkpt lat="39.217975" lon="-1.989014">
        <ele>716.25</ele>
      </trkpt>
      <trkpt lat="39.216665" lon="-1.988788">
        <ele>716.75</ele>
      </trkpt>
      <trkpt lat="39.215875" lon="-1.988667">
        <ele>716.25</ele>
      </trkpt>
      <trkpt lat="39.214225" lon="-1.988466">
        <ele>714.5</ele>
      </trkpt>
      <trkpt lat="39.212722" lon="-1.988327">
        <ele>716.25</ele>
      </trkpt>
      <trkpt lat="39.210594" lon="-1.988187">
        <ele>719</ele>
      </trkpt>
      <trkpt lat="39.207829" lon="-1.988053">
        <ele>717.5</ele>
      </trkpt>
      <trkpt lat="39.204288" lon="-1.987892">
        <ele>715</ele>
      </trkpt>
      <trkpt lat="39.198479" lon="-1.987636">
        <ele>698</ele>
      </trkpt>
      <trkpt lat="39.197163" lon="-1.987571">
        <ele>688.5</ele>
      </trkpt>
      <trkpt lat="39.196309" lon="-1.987517">
        <ele>682.25</ele>
      </trkpt>
      <trkpt lat="39.192776" lon="-1.987362">
        <ele>657.25</ele>
      </trkpt>
      <trkpt lat="39.192393" lon="-1.987356">
        <ele>657.25</ele>
      </trkpt>
      <trkpt lat="39.190895" lon="-1.987283">
        <ele>660.5</ele>
      </trkpt>
      <trkpt lat="39.188135" lon="-1.987206">
        <ele>662.75</ele>
      </trkpt>
      <trkpt lat="39.186405" lon="-1.987224">
        <ele>662.5</ele>
      </trkpt>
      <trkpt lat="39.185354" lon="-1.987254">
        <ele>663.25</ele>
      </trkpt>
      <trkpt lat="39.184274" lon="-1.987315">
        <ele>666.5</ele>
      </trkpt>
      <trkpt lat="39.183075" lon="-1.98741">
        <ele>671.25</ele>
      </trkpt>
      <trkpt lat="39.181597" lon="-1.987556">
        <ele>674.25</ele>
      </trkpt>
      <trkpt lat="39.18026" lon="-1.987731">
        <ele>681.5</ele>
      </trkpt>
      <trkpt lat="39.179354" lon="-1.987868">
        <ele>691.75</ele>
      </trkpt>
      <trkpt lat="39.177427" lon="-1.988171">
        <ele>698.5</ele>
      </trkpt>
      <trkpt lat="39.175357" lon="-1.988498">
        <ele>704.25</ele>
      </trkpt>
      <trkpt lat="39.174138" lon="-1.988672">
        <ele>704</ele>
      </trkpt>
      <trkpt lat="39.172854" lon="-1.988831">
        <ele>703</ele>
      </trkpt>
      <trkpt lat="39.171196" lon="-1.988991">
        <ele>704.75</ele>
      </trkpt>
      <trkpt lat="39.169915" lon="-1.989074">
        <ele>705.75</ele>
      </trkpt>
      <trkpt lat="39.167972" lon="-1.989139">
        <ele>703.25</ele>
      </trkpt>
      <trkpt lat="39.166671" lon="-1.989143">
        <ele>702</ele>
      </trkpt>
      <trkpt lat="39.165671" lon="-1.989129">
        <ele>705.75</ele>
      </trkpt>
      <trkpt lat="39.164676" lon="-1.98909">
        <ele>704.75</ele>
      </trkpt>
      <trkpt lat="39.163064" lon="-1.988978">
        <ele>704</ele>
      </trkpt>
      <trkpt lat="39.161799" lon="-1.988862">
        <ele>705.75</ele>
      </trkpt>
      <trkpt lat="39.160997" lon="-1.988773">
        <ele>706.25</ele>
      </trkpt>
      <trkpt lat="39.15953" lon="-1.988569">
        <ele>704.5</ele>
      </trkpt>
      <trkpt lat="39.15818" lon="-1.988347">
        <ele>702</ele>
      </trkpt>
      <trkpt lat="39.157503" lon="-1.988222">
        <ele>702</ele>
      </trkpt>
      <trkpt lat="39.156201" lon="-1.987963">
        <ele>702</ele>
      </trkpt>
      <trkpt lat="39.154167" lon="-1.987472">
        <ele>702</ele>
      </trkpt>
      <trkpt lat="39.150478" lon="-1.986503">
        <ele>701</ele>
      </trkpt>
      <trkpt lat="39.148071" lon="-1.985866">
        <ele>701.25</ele>
      </trkpt>
      <trkpt lat="39.144942" lon="-1.984999">
        <ele>696.75</ele>
      </trkpt>
      <trkpt lat="39.142802" lon="-1.98431">
        <ele>696.5</ele>
      </trkpt>
      <trkpt lat="39.141062" lon="-1.983703">
        <ele>698.25</ele>
      </trkpt>
      <trkpt lat="39.139711" lon="-1.983199">
        <ele>697.75</ele>
      </trkpt>
      <trkpt lat="39.137754" lon="-1.982413">
        <ele>695.5</ele>
      </trkpt>
      <trkpt lat="39.136959" lon="-1.98208">
        <ele>697</ele>
      </trkpt>
      <trkpt lat="39.135805" lon="-1.981581">
        <ele>697.75</ele>
      </trkpt>
      <trkpt lat="39.134831" lon="-1.981135">
        <ele>696</ele>
      </trkpt>
      <trkpt lat="39.133798" lon="-1.980643">
        <ele>694.5</ele>
      </trkpt>
      <trkpt lat="39.132488" lon="-1.979997">
        <ele>694</ele>
      </trkpt>
      <trkpt lat="39.129946" lon="-1.978651">
        <ele>694.25</ele>
      </trkpt>
      <trkpt lat="39.128471" lon="-1.977817">
        <ele>689.5</ele>
      </trkpt>
      <trkpt lat="39.127138" lon="-1.977038">
        <ele>692</ele>
      </trkpt>
      <trkpt lat="39.125775" lon="-1.976195">
        <ele>690.75</ele>
      </trkpt>
      <trkpt lat="39.12439" lon="-1.975284">
        <ele>688.75</ele>
      </trkpt>
      <trkpt lat="39.123605" lon="-1.974766">
        <ele>690</ele>
      </trkpt>
      <trkpt lat="39.122448" lon="-1.973973">
        <ele>690.75</ele>
      </trkpt>
      <trkpt lat="39.121106" lon="-1.973031">
        <ele>691</ele>
      </trkpt>
      <trkpt lat="39.120222" lon="-1.972372">
        <ele>689</ele>
      </trkpt>
      <trkpt lat="39.119377" lon="-1.971737">
        <ele>689.25</ele>
      </trkpt>
      <trkpt lat="39.118734" lon="-1.971236">
        <ele>689</ele>
      </trkpt>
      <trkpt lat="39.117677" lon="-1.970397">
        <ele>687.25</ele>
      </trkpt>
      <trkpt lat="39.115611" lon="-1.968693">
        <ele>689</ele>
      </trkpt>
      <trkpt lat="39.11427" lon="-1.967514">
        <ele>687.75</ele>
      </trkpt>
      <trkpt lat="39.112888" lon="-1.966273">
        <ele>690</ele>
      </trkpt>
      <trkpt lat="39.112024" lon="-1.965465">
        <ele>689</ele>
      </trkpt>
      <trkpt lat="39.10953" lon="-1.963013">
        <ele>686.25</ele>
      </trkpt>
      <trkpt lat="39.103584" lon="-1.956921">
        <ele>688.75</ele>
      </trkpt>
      <trkpt lat="39.100185" lon="-1.953426">
        <ele>686.25</ele>
      </trkpt>
      <trkpt lat="39.095507" lon="-1.948598">
        <ele>685.5</ele>
      </trkpt>
      <trkpt lat="39.092857" lon="-1.945881">
        <ele>684.25</ele>
      </trkpt>
      <trkpt lat="39.091495" lon="-1.944491">
        <ele>682</ele>
      </trkpt>
      <trkpt lat="39.08504" lon="-1.937826">
        <ele>678.25</ele>
      </trkpt>
      <trkpt lat="39.081489" lon="-1.93418">
        <ele>679.5</ele>
      </trkpt>
      <trkpt lat="39.075898" lon="-1.928434">
        <ele>682.25</ele>
      </trkpt>
      <trkpt lat="39.064989" lon="-1.917241">
        <ele>681</ele>
      </trkpt>
      <trkpt lat="39.063718" lon="-1.915947">
        <ele>682.5</ele>
      </trkpt>
      <trkpt lat="39.062742" lon="-1.914972">
        <ele>681.25</ele>
      </trkpt>
      <trkpt lat="39.061134" lon="-1.913409">
        <ele>679.75</ele>
      </trkpt>
      <trkpt lat="39.052373" lon="-1.904908">
        <ele>676.5</ele>
      </trkpt>
      <trkpt lat="39.049825" lon="-1.902423">
        <ele>672.75</ele>
      </trkpt>
      <trkpt lat="39.044142" lon="-1.896959">
        <ele>675.25</ele>
      </trkpt>
      <trkpt lat="39.041418" lon="-1.894304">
        <ele>675</ele>
      </trkpt>
      <trkpt lat="39.038803" lon="-1.891778">
        <ele>676.75</ele>
      </trkpt>
      <trkpt lat="39.036514" lon="-1.889549">
        <ele>674.75</ele>
      </trkpt>
      <trkpt lat="39.035418" lon="-1.888495">
        <ele>674.25</ele>
      </trkpt>
      <trkpt lat="39.034432" lon="-1.887524">
        <ele>676.25</ele>
      </trkpt>
      <trkpt lat="39.031686" lon="-1.884901">
        <ele>676</ele>
      </trkpt>
      <trkpt lat="39.030491" lon="-1.883739">
        <ele>674.75</ele>
      </trkpt>
      <trkpt lat="39.028233" lon="-1.881556">
        <ele>672.25</ele>
      </trkpt>
      <trkpt lat="39.027336" lon="-1.880676">
        <ele>675</ele>
      </trkpt>
      <trkpt lat="39.026551" lon="-1.879876">
        <ele>672.25</ele>
      </trkpt>
      <trkpt lat="39.025779" lon="-1.879043">
        <ele>674.25</ele>
      </trkpt>
      <trkpt lat="39.0251" lon="-1.878265">
        <ele>674.75</ele>
      </trkpt>
      <trkpt lat="39.024439" lon="-1.877463">
        <ele>671.75</ele>
      </trkpt>
      <trkpt lat="39.024115" lon="-1.877053">
        <ele>672.5</ele>
      </trkpt>
      <trkpt lat="39.02369" lon="-1.876497">
        <ele>672.5</ele>
      </trkpt>
      <trkpt lat="39.023171" lon="-1.875788">
        <ele>671.75</ele>
      </trkpt>
      <trkpt lat="39.022566" lon="-1.874917">
        <ele>673.25</ele>
      </trkpt>
      <trkpt lat="39.02227" lon="-1.874473">
        <ele>674.75</ele>
      </trkpt>
      <trkpt lat="39.021884" lon="-1.873873">
        <ele>673</ele>
      </trkpt>
      <trkpt lat="39.021507" lon="-1.873264">
        <ele>673.25</ele>
      </trkpt>
      <trkpt lat="39.021041" lon="-1.872479">
        <ele>676.5</ele>
      </trkpt>
      <trkpt lat="39.020359" lon="-1.871269">
        <ele>676.25</ele>
      </trkpt>
      <trkpt lat="39.018742" lon="-1.868306">
        <ele>671.5</ele>
      </trkpt>
      <trkpt lat="39.018372" lon="-1.867651">
        <ele>673.25</ele>
      </trkpt>
      <trkpt lat="39.017962" lon="-1.866949">
        <ele>671.75</ele>
      </trkpt>
      <trkpt lat="39.01759" lon="-1.866337">
        <ele>670.75</ele>
      </trkpt>
      <trkpt lat="39.01721" lon="-1.865735">
        <ele>673.75</ele>
      </trkpt>
      <trkpt lat="39.016722" lon="-1.864995">
        <ele>674</ele>
      </trkpt>
      <trkpt lat="39.016221" lon="-1.86427">
        <ele>671</ele>
      </trkpt>
      <trkpt lat="39.015602" lon="-1.863421">
        <ele>671.75</ele>
      </trkpt>
      <trkpt lat="39.014964" lon="-1.862594">
        <ele>672.5</ele>
      </trkpt>
      <trkpt lat="39.014779" lon="-1.862339">
        <ele>672</ele>
      </trkpt>
      <trkpt lat="39.014165" lon="-1.86159">
        <ele>672</ele>
      </trkpt>
      <trkpt lat="39.013828" lon="-1.861201">
        <ele>673.25</ele>
      </trkpt>
      <trkpt lat="39.013388" lon="-1.860705">
        <ele>675.25</ele>
      </trkpt>
      <trkpt lat="39.012438" lon="-1.85969">
        <ele>676</ele>
      </trkpt>
      <trkpt lat="39.011978" lon="-1.859221">
        <ele>672.75</ele>
      </trkpt>
      <trkpt lat="39.010466" lon="-1.857709">
        <ele>674</ele>
      </trkpt>
      <trkpt lat="39.00984" lon="-1.857092">
        <ele>673.5</ele>
      </trkpt>
      <trkpt lat="39.007161" lon="-1.854418">
        <ele>676.25</ele>
      </trkpt>
      <trkpt lat="39.004868" lon="-1.852132">
        <ele>675.25</ele>
      </trkpt>
      <trkpt lat="39.002972" lon="-1.850277">
        <ele>677.25</ele>
      </trkpt>
      <trkpt lat="39.002184" lon="-1.849399">
        <ele>676.75</ele>
      </trkpt>
      <trkpt lat="39.001726" lon="-1.848883">
        <ele>675.5</ele>
      </trkpt>
      <trkpt lat="39.001303" lon="-1.848409">
        <ele>676.25</ele>
      </trkpt>
      <trkpt lat="39.000968" lon="-1.848073">
        <ele>676.75</ele>
      </trkpt>
      <trkpt lat="38.999957" lon="-1.847097">
        <ele>678</ele>
      </trkpt>
      <trkpt lat="38.998277" lon="-1.84548">
        <ele>678</ele>
      </trkpt>
      <trkpt lat="38.997947" lon="-1.845163">
        <ele>678.5</ele>
      </trkpt>
      <trkpt lat="38.997682" lon="-1.844847">
        <ele>678.75</ele>
      </trkpt>
      <trkpt lat="38.997132" lon="-1.844296">
        <ele>678.25</ele>
      </trkpt>
      <trkpt lat="38.996491" lon="-1.843643">
        <ele>677</ele>
      </trkpt>
      <trkpt lat="38.995663" lon="-1.842868">
        <ele>678</ele>
      </trkpt>
      <trkpt lat="38.994952" lon="-1.842254">
        <ele>678.75</ele>
      </trkpt>
      <trkpt lat="38.994598" lon="-1.841928">
        <ele>677</ele>
      </trkpt>
      <trkpt lat="38.994375" lon="-1.841735">
        <ele>676.25</ele>
      </trkpt>
      <trkpt lat="38.992696" lon="-1.84032">
        <ele>680</ele>
      </trkpt>
      <trkpt lat="38.992191" lon="-1.839908">
        <ele>680.5</ele>
      </trkpt>
      <trkpt lat="38.990523" lon="-1.838699">
        <ele>680</ele>
      </trkpt>
      <trkpt lat="38.989746" lon="-1.838185">
        <ele>679.75</ele>
      </trkpt>
      <trkpt lat="38.98894" lon="-1.837678">
        <ele>682.5</ele>
      </trkpt>
      <trkpt lat="38.988614" lon="-1.837464">
        <ele>682.25</ele>
      </trkpt>
      <trkpt lat="38.98772" lon="-1.836827">
        <ele>684</ele>
      </trkpt>
      <trkpt lat="38.987269" lon="-1.836473">
        <ele>684.25</ele>
      </trkpt>
      <trkpt lat="38.986823" lon="-1.836072">
        <ele>683.75</ele>
      </trkpt>
      <trkpt lat="38.986445" lon="-1.835709">
        <ele>684.25</ele>
      </trkpt>
      <trkpt lat="38.986139" lon="-1.835392">
        <ele>684.75</ele>
      </trkpt>
      <trkpt lat="38.985689" lon="-1.834893">
        <ele>685</ele>
      </trkpt>
      <trkpt lat="38.985349" lon="-1.834474">
        <ele>685.5</ele>
      </trkpt>
      <trkpt lat="38.984963" lon="-1.833968">
        <ele>686</ele>
      </trkpt>
      <trkpt lat="38.984434" lon="-1.833199">
        <ele>684.75</ele>
      </trkpt>
      <trkpt lat="38.983879" lon="-1.832368">
        <ele>687.25</ele>
      </trkpt>
      <trkpt lat="38.982454" lon="-1.830127">
        <ele>689.25</ele>
      </trkpt>
      <trkpt lat="38.978845" lon="-1.824431">
        <ele>690</ele>
      </trkpt>
      <trkpt lat="38.975121" lon="-1.818564">
        <ele>697.25</ele>
      </trkpt>
      <trkpt lat="38.974608" lon="-1.817764">
        <ele>697.75</ele>
      </trkpt>
      <trkpt lat="38.970182" lon="-1.810773">
        <ele>700.25</ele>
      </trkpt>
      <trkpt lat="38.949111" lon="-1.777579">
        <ele>734.75</ele>
      </trkpt>
      <trkpt lat="38.948406" lon="-1.776498">
        <ele>735.5</ele>
      </trkpt>
      <trkpt lat="38.947501" lon="-1.775077">
        <ele>734.75</ele>
      </trkpt>
      <trkpt lat="38.946656" lon="-1.773821">
        <ele>736</ele>
      </trkpt>
      <trkpt lat="38.945391" lon="-1.772169">
        <ele>737.75</ele>
      </trkpt>
      <trkpt lat="38.943941" lon="-1.770489">
        <ele>740.5</ele>
      </trkpt>
      <trkpt lat="38.942536" lon="-1.769075">
        <ele>741</ele>
      </trkpt>
      <trkpt lat="38.941181" lon="-1.767874">
        <ele>743.5</ele>
      </trkpt>
      <trkpt lat="38.939886" lon="-1.766839">
        <ele>744</ele>
      </trkpt>
      <trkpt lat="38.938324" lon="-1.765756">
        <ele>746</ele>
      </trkpt>
      <trkpt lat="38.937205" lon="-1.765074">
        <ele>747</ele>
      </trkpt>
      <trkpt lat="38.935384" lon="-1.764125">
        <ele>750.5</ele>
      </trkpt>
      <trkpt lat="38.933939" lon="-1.763481">
        <ele>750</ele>
      </trkpt>
      <trkpt lat="38.932566" lon="-1.762987">
        <ele>750.5</ele>
      </trkpt>
      <trkpt lat="38.931505" lon="-1.762663">
        <ele>753.75</ele>
      </trkpt>
      <trkpt lat="38.930409" lon="-1.762394">
        <ele>753</ele>
      </trkpt>
      <trkpt lat="38.924609" lon="-1.761325">
        <ele>757.25</ele>
      </trkpt>
      <trkpt lat="38.922976" lon="-1.760913">
        <ele>760.25</ele>
      </trkpt>
      <trkpt lat="38.921556" lon="-1.760453">
        <ele>764.25</ele>
      </trkpt>
      <trkpt lat="38.920391" lon="-1.760003">
        <ele>766</ele>
      </trkpt>
      <trkpt lat="38.918778" lon="-1.759251">
        <ele>767.75</ele>
      </trkpt>
      <trkpt lat="38.917367" lon="-1.758465">
        <ele>768.75</ele>
      </trkpt>
      <trkpt lat="38.916209" lon="-1.757763">
        <ele>769.5</ele>
      </trkpt>
      <trkpt lat="38.914695" lon="-1.756692">
        <ele>771.5</ele>
      </trkpt>
      <trkpt lat="38.913303" lon="-1.755566">
        <ele>773.75</ele>
      </trkpt>
      <trkpt lat="38.911423" lon="-1.753808">
        <ele>776.5</ele>
      </trkpt>
      <trkpt lat="38.910495" lon="-1.752812">
        <ele>779.75</ele>
      </trkpt>
      <trkpt lat="38.908886" lon="-1.750871">
        <ele>779.75</ele>
      </trkpt>
      <trkpt lat="38.907787" lon="-1.74936">
        <ele>782.75</ele>
      </trkpt>
      <trkpt lat="38.906797" lon="-1.747863">
        <ele>785.75</ele>
      </trkpt>
      <trkpt lat="38.905536" lon="-1.745634">
        <ele>787.5</ele>
      </trkpt>
      <trkpt lat="38.905067" lon="-1.744723">
        <ele>789.25</ele>
      </trkpt>
      <trkpt lat="38.904393" lon="-1.74331">
        <ele>789.5</ele>
      </trkpt>
      <trkpt lat="38.903275" lon="-1.740662">
        <ele>792.5</ele>
      </trkpt>
      <trkpt lat="38.89968" lon="-1.731924">
        <ele>800.75</ele>
      </trkpt>
      <trkpt lat="38.898742" lon="-1.729691">
        <ele>802</ele>
      </trkpt>
      <trkpt lat="38.898569" lon="-1.729153">
        <ele>803</ele>
      </trkpt>
      <trkpt lat="38.898348" lon="-1.728571">
        <ele>804</ele>
      </trkpt>
      <trkpt lat="38.896638" lon="-1.724435">
        <ele>806.75</ele>
      </trkpt>
      <trkpt lat="38.89627" lon="-1.723693">
        <ele>810.5</ele>
      </trkpt>
      <trkpt lat="38.896036" lon="-1.723137">
        <ele>811</ele>
      </trkpt>
      <trkpt lat="38.895732" lon="-1.722386">
        <ele>810.25</ele>
      </trkpt>
      <trkpt lat="38.895263" lon="-1.721291">
        <ele>813.75</ele>
      </trkpt>
      <trkpt lat="38.8951" lon="-1.720865">
        <ele>813</ele>
      </trkpt>
      <trkpt lat="38.894765" lon="-1.719945">
        <ele>812.75</ele>
      </trkpt>
      <trkpt lat="38.894275" lon="-1.718616">
        <ele>812</ele>
      </trkpt>
      <trkpt lat="38.893958" lon="-1.717645">
        <ele>812.5</ele>
      </trkpt>
      <trkpt lat="38.893282" lon="-1.715295">
        <ele>816.75</ele>
      </trkpt>
      <trkpt lat="38.892809" lon="-1.7134">
        <ele>816.25</ele>
      </trkpt>
      <trkpt lat="38.892602" lon="-1.712417">
        <ele>813</ele>
      </trkpt>
      <trkpt lat="38.892334" lon="-1.710726">
        <ele>812</ele>
      </trkpt>
      <trkpt lat="38.89212" lon="-1.709132">
        <ele>813</ele>
      </trkpt>
      <trkpt lat="38.891992" lon="-1.707978">
        <ele>814.5</ele>
      </trkpt>
      <trkpt lat="38.891943" lon="-1.706963">
        <ele>813.75</ele>
      </trkpt>
      <trkpt lat="38.891859" lon="-1.705722">
        <ele>814</ele>
      </trkpt>
      <trkpt lat="38.891815" lon="-1.704522">
        <ele>814.5</ele>
      </trkpt>
      <trkpt lat="38.891803" lon="-1.703397">
        <ele>813.75</ele>
      </trkpt>
      <trkpt lat="38.891826" lon="-1.702382">
        <ele>811.75</ele>
      </trkpt>
      <trkpt lat="38.891882" lon="-1.701019">
        <ele>808.5</ele>
      </trkpt>
      <trkpt lat="38.891963" lon="-1.69992">
        <ele>806.5</ele>
      </trkpt>
      <trkpt lat="38.892193" lon="-1.697758">
        <ele>808.5</ele>
      </trkpt>
      <trkpt lat="38.892364" lon="-1.696554">
        <ele>808.75</ele>
      </trkpt>
      <trkpt lat="38.892508" lon="-1.695622">
        <ele>809</ele>
      </trkpt>
      <trkpt lat="38.892709" lon="-1.694545">
        <ele>808.25</ele>
      </trkpt>
      <trkpt lat="38.892925" lon="-1.69357">
        <ele>807.5</ele>
      </trkpt>
      <trkpt lat="38.893205" lon="-1.692444">
        <ele>806.75</ele>
      </trkpt>
      <trkpt lat="38.893476" lon="-1.691393">
        <ele>807.75</ele>
      </trkpt>
      <trkpt lat="38.893692" lon="-1.690589">
        <ele>806</ele>
      </trkpt>
      <trkpt lat="38.893967" lon="-1.689709">
        <ele>805</ele>
      </trkpt>
      <trkpt lat="38.894265" lon="-1.688796">
        <ele>806.75</ele>
      </trkpt>
      <trkpt lat="38.894601" lon="-1.687871">
        <ele>806</ele>
      </trkpt>
      <trkpt lat="38.894854" lon="-1.687195">
        <ele>806.25</ele>
      </trkpt>
      <trkpt lat="38.895479" lon="-1.685693">
        <ele>805.75</ele>
      </trkpt>
      <trkpt lat="38.89611" lon="-1.684334">
        <ele>807</ele>
      </trkpt>
      <trkpt lat="38.896458" lon="-1.683625">
        <ele>807.25</ele>
      </trkpt>
      <trkpt lat="38.897183" lon="-1.682286">
        <ele>808.5</ele>
      </trkpt>
      <trkpt lat="38.897901" lon="-1.681027">
        <ele>806.75</ele>
      </trkpt>
      <trkpt lat="38.898845" lon="-1.679567">
        <ele>808</ele>
      </trkpt>
      <trkpt lat="38.899432" lon="-1.67872">
        <ele>808.75</ele>
      </trkpt>
      <trkpt lat="38.900175" lon="-1.677707">
        <ele>809.75</ele>
      </trkpt>
      <trkpt lat="38.903296" lon="-1.673575">
        <ele>811.5</ele>
      </trkpt>
      <trkpt lat="38.9046" lon="-1.671711">
        <ele>812</ele>
      </trkpt>
      <trkpt lat="38.905163" lon="-1.670809">
        <ele>813</ele>
      </trkpt>
      <trkpt lat="38.906034" lon="-1.669295">
        <ele>816</ele>
      </trkpt>
      <trkpt lat="38.906831" lon="-1.667749">
        <ele>816.5</ele>
      </trkpt>
      <trkpt lat="38.907298" lon="-1.666785">
        <ele>818</ele>
      </trkpt>
      <trkpt lat="38.907767" lon="-1.665688">
        <ele>816.25</ele>
      </trkpt>
      <trkpt lat="38.908309" lon="-1.664353">
        <ele>817</ele>
      </trkpt>
      <trkpt lat="38.908616" lon="-1.663515">
        <ele>817</ele>
      </trkpt>
      <trkpt lat="38.908998" lon="-1.662408">
        <ele>818.5</ele>
      </trkpt>
      <trkpt lat="38.909581" lon="-1.660503">
        <ele>819.25</ele>
      </trkpt>
      <trkpt lat="38.910094" lon="-1.658527">
        <ele>821</ele>
      </trkpt>
      <trkpt lat="38.910813" lon="-1.655377">
        <ele>821.75</ele>
      </trkpt>
      <trkpt lat="38.91143" lon="-1.652875">
        <ele>822.5</ele>
      </trkpt>
      <trkpt lat="38.911872" lon="-1.651388">
        <ele>823.25</ele>
      </trkpt>
      <trkpt lat="38.912656" lon="-1.648961">
        <ele>828.75</ele>
      </trkpt>
      <trkpt lat="38.913871" lon="-1.645692">
        <ele>827.25</ele>
      </trkpt>
      <trkpt lat="38.914305" lon="-1.644335">
        <ele>830</ele>
      </trkpt>
      <trkpt lat="38.914677" lon="-1.643026">
        <ele>829.75</ele>
      </trkpt>
      <trkpt lat="38.91508" lon="-1.641557">
        <ele>830.25</ele>
      </trkpt>
      <trkpt lat="38.915512" lon="-1.639698">
        <ele>832</ele>
      </trkpt>
      <trkpt lat="38.915983" lon="-1.637221">
        <ele>833.75</ele>
      </trkpt>
      <trkpt lat="38.917274" lon="-1.630767">
        <ele>838</ele>
      </trkpt>
      <trkpt lat="38.918518" lon="-1.624362">
        <ele>841.25</ele>
      </trkpt>
      <trkpt lat="38.91999" lon="-1.617062">
        <ele>845</ele>
      </trkpt>
      <trkpt lat="38.920908" lon="-1.612309">
        <ele>848.25</ele>
      </trkpt>
      <trkpt lat="38.922458" lon="-1.604567">
        <ele>854.25</ele>
      </trkpt>
      <trkpt lat="38.923579" lon="-1.59893">
        <ele>858</ele>
      </trkpt>
      <trkpt lat="38.925154" lon="-1.590791">
        <ele>857.5</ele>
      </trkpt>
      <trkpt lat="38.925471" lon="-1.588903">
        <ele>856.5</ele>
      </trkpt>
      <trkpt lat="38.925738" lon="-1.586961">
        <ele>857</ele>
      </trkpt>
      <trkpt lat="38.925891" lon="-1.585047">
        <ele>857</ele>
      </trkpt>
      <trkpt lat="38.925955" lon="-1.583195">
        <ele>859</ele>
      </trkpt>
      <trkpt lat="38.925958" lon="-1.580831">
        <ele>860.5</ele>
      </trkpt>
      <trkpt lat="38.925891" lon="-1.579114">
        <ele>861.75</ele>
      </trkpt>
      <trkpt lat="38.925699" lon="-1.577151">
        <ele>862.5</ele>
      </trkpt>
      <trkpt lat="38.925432" lon="-1.574983">
        <ele>863</ele>
      </trkpt>
      <trkpt lat="38.92512" lon="-1.572777">
        <ele>864.5</ele>
      </trkpt>
      <trkpt lat="38.924778" lon="-1.570696">
        <ele>864</ele>
      </trkpt>
      <trkpt lat="38.924272" lon="-1.568385">
        <ele>865.75</ele>
      </trkpt>
      <trkpt lat="38.923735" lon="-1.566169">
        <ele>867.25</ele>
      </trkpt>
      <trkpt lat="38.923229" lon="-1.564308">
        <ele>868.5</ele>
      </trkpt>
      <trkpt lat="38.922795" lon="-1.562913">
        <ele>869.5</ele>
      </trkpt>
      <trkpt lat="38.922366" lon="-1.56163">
        <ele>870.25</ele>
      </trkpt>
      <trkpt lat="38.921693" lon="-1.559716">
        <ele>870.5</ele>
      </trkpt>
      <trkpt lat="38.918771" lon="-1.552335">
        <ele>881.5</ele>
      </trkpt>
      <trkpt lat="38.910855" lon="-1.532534">
        <ele>921.25</ele>
      </trkpt>
      <trkpt lat="38.908796" lon="-1.527541">
        <ele>911.25</ele>
      </trkpt>
      <trkpt lat="38.906079" lon="-1.520474">
        <ele>921</ele>
      </trkpt>
      <trkpt lat="38.90523" lon="-1.51782">
        <ele>926</ele>
      </trkpt>
      <trkpt lat="38.90451" lon="-1.51481">
        <ele>927</ele>
      </trkpt>
      <trkpt lat="38.904157" lon="-1.512687">
        <ele>931.25</ele>
      </trkpt>
      <trkpt lat="38.90395" lon="-1.511194">
        <ele>934.25</ele>
      </trkpt>
      <trkpt lat="38.903669" lon="-1.507445">
        <ele>940</ele>
      </trkpt>
      <trkpt lat="38.903683" lon="-1.504778">
        <ele>935.5</ele>
      </trkpt>
      <trkpt lat="38.90385" lon="-1.502139">
        <ele>928.75</ele>
      </trkpt>
      <trkpt lat="38.904309" lon="-1.498759">
        <ele>927.25</ele>
      </trkpt>
      <trkpt lat="38.905253" lon="-1.494478">
        <ele>928.75</ele>
      </trkpt>
      <trkpt lat="38.906021" lon="-1.491421">
        <ele>931.75</ele>
      </trkpt>
      <trkpt lat="38.907243" lon="-1.486535">
        <ele>930.25</ele>
      </trkpt>
      <trkpt lat="38.908673" lon="-1.4807">
        <ele>923.5</ele>
      </trkpt>
      <trkpt lat="38.909684" lon="-1.476204">
        <ele>925</ele>
      </trkpt>
      <trkpt lat="38.910418" lon="-1.4731">
        <ele>923</ele>
      </trkpt>
      <trkpt lat="38.911205" lon="-1.470017">
        <ele>920.5</ele>
      </trkpt>
      <trkpt lat="38.91508" lon="-1.454719">
        <ele>924.25</ele>
      </trkpt>
      <trkpt lat="38.915772" lon="-1.451939">
        <ele>923.5</ele>
      </trkpt>
      <trkpt lat="38.916289" lon="-1.448967">
        <ele>925.5</ele>
      </trkpt>
      <trkpt lat="38.916465" lon="-1.447562">
        <ele>925.25</ele>
      </trkpt>
      <trkpt lat="38.916613" lon="-1.446234">
        <ele>925.5</ele>
      </trkpt>
      <trkpt lat="38.916742" lon="-1.444826">
        <ele>926.25</ele>
      </trkpt>
      <trkpt lat="38.916874" lon="-1.442883">
        <ele>928.75</ele>
      </trkpt>
      <trkpt lat="38.916946" lon="-1.441076">
        <ele>931.5</ele>
      </trkpt>
      <trkpt lat="38.916981" lon="-1.439381">
        <ele>933</ele>
      </trkpt>
      <trkpt lat="38.916969" lon="-1.437604">
        <ele>931.25</ele>
      </trkpt>
      <trkpt lat="38.91692" lon="-1.435982">
        <ele>931.5</ele>
      </trkpt>
      <trkpt lat="38.916854" lon="-1.434693">
        <ele>931</ele>
      </trkpt>
      <trkpt lat="38.916703" lon="-1.432625">
        <ele>931</ele>
      </trkpt>
      <trkpt lat="38.916582" lon="-1.431363">
        <ele>927.5</ele>
      </trkpt>
      <trkpt lat="38.916458" lon="-1.43026">
        <ele>923.5</ele>
      </trkpt>
      <trkpt lat="38.916273" lon="-1.428868">
        <ele>919.75</ele>
      </trkpt>
      <trkpt lat="38.916088" lon="-1.427607">
        <ele>919.25</ele>
      </trkpt>
      <trkpt lat="38.915908" lon="-1.426489">
        <ele>916.25</ele>
      </trkpt>
      <trkpt lat="38.915627" lon="-1.424978">
        <ele>915.5</ele>
      </trkpt>
      <trkpt lat="38.915371" lon="-1.423743">
        <ele>914.75</ele>
      </trkpt>
      <trkpt lat="38.914338" lon="-1.419034">
        <ele>906</ele>
      </trkpt>
      <trkpt lat="38.913278" lon="-1.414319">
        <ele>909</ele>
      </trkpt>
      <trkpt lat="38.912076" lon="-1.408847">
        <ele>914.5</ele>
      </trkpt>
      <trkpt lat="38.910857" lon="-1.403397">
        <ele>912</ele>
      </trkpt>
      <trkpt lat="38.907565" lon="-1.388499">
        <ele>895.5</ele>
      </trkpt>
      <trkpt lat="38.904947" lon="-1.376607">
        <ele>887.5</ele>
      </trkpt>
      <trkpt lat="38.902759" lon="-1.366998">
        <ele>885</ele>
      </trkpt>
      <trkpt lat="38.900344" lon="-1.356221">
        <ele>884.75</ele>
      </trkpt>
      <trkpt lat="38.900276" lon="-1.355896">
        <ele>884.75</ele>
      </trkpt>
      <trkpt lat="38.899457" lon="-1.35226">
        <ele>884.75</ele>
      </trkpt>
      <trkpt lat="38.898222" lon="-1.346385">
        <ele>896.25</ele>
      </trkpt>
      <trkpt lat="38.896828" lon="-1.340681">
        <ele>889.5</ele>
      </trkpt>
      <trkpt lat="38.895606" lon="-1.336081">
        <ele>887.5</ele>
      </trkpt>
      <trkpt lat="38.895065" lon="-1.334318">
        <ele>889</ele>
      </trkpt>
      <trkpt lat="38.894954" lon="-1.333907">
        <ele>889</ele>
      </trkpt>
      <trkpt lat="38.894693" lon="-1.333145">
        <ele>889.75</ele>
      </trkpt>
      <trkpt lat="38.894555" lon="-1.332704">
        <ele>890</ele>
      </trkpt>
      <trkpt lat="38.89373" lon="-1.329711">
        <ele>888.75</ele>
      </trkpt>
      <trkpt lat="38.892507" lon="-1.325362">
        <ele>883.25</ele>
      </trkpt>
      <trkpt lat="38.892209" lon="-1.324124">
        <ele>884.25</ele>
      </trkpt>
      <trkpt lat="38.892102" lon="-1.323747">
        <ele>883.75</ele>
      </trkpt>
      <trkpt lat="38.891642" lon="-1.321944">
        <ele>884.5</ele>
      </trkpt>
      <trkpt lat="38.891263" lon="-1.320588">
        <ele>883.25</ele>
      </trkpt>
      <trkpt lat="38.890391" lon="-1.317314">
        <ele>882</ele>
      </trkpt>
      <trkpt lat="38.889931" lon="-1.315323">
        <ele>889.75</ele>
      </trkpt>
      <trkpt lat="38.889494" lon="-1.313316">
        <ele>887.5</ele>
      </trkpt>
      <trkpt lat="38.888981" lon="-1.310629">
        <ele>882</ele>
      </trkpt>
      <trkpt lat="38.888538" lon="-1.307922">
        <ele>881</ele>
      </trkpt>
      <trkpt lat="38.888184" lon="-1.305269">
        <ele>870.5</ele>
      </trkpt>
      <trkpt lat="38.887996" lon="-1.303614">
        <ele>879.5</ele>
      </trkpt>
      <trkpt lat="38.887829" lon="-1.301887">
        <ele>881.25</ele>
      </trkpt>
      <trkpt lat="38.88726" lon="-1.294399">
        <ele>868.75</ele>
      </trkpt>
      <trkpt lat="38.886924" lon="-1.290952">
        <ele>865.5</ele>
      </trkpt>
      <trkpt lat="38.886556" lon="-1.288254">
        <ele>862</ele>
      </trkpt>
      <trkpt lat="38.886232" lon="-1.28619">
        <ele>855.5</ele>
      </trkpt>
      <trkpt lat="38.885863" lon="-1.284158">
        <ele>847</ele>
      </trkpt>
      <trkpt lat="38.885178" lon="-1.280816">
        <ele>843.5</ele>
      </trkpt>
      <trkpt lat="38.881053" lon="-1.262961">
        <ele>815.75</ele>
      </trkpt>
      <trkpt lat="38.880112" lon="-1.259073">
        <ele>815.75</ele>
      </trkpt>
      <trkpt lat="38.879432" lon="-1.25661">
        <ele>810.5</ele>
      </trkpt>
      <trkpt lat="38.879082" lon="-1.255343">
        <ele>807.75</ele>
      </trkpt>
      <trkpt lat="38.876628" lon="-1.247584">
        <ele>797</ele>
      </trkpt>
      <trkpt lat="38.875655" lon="-1.244162">
        <ele>798</ele>
      </trkpt>
      <trkpt lat="38.874787" lon="-1.240711">
        <ele>791.5</ele>
      </trkpt>
      <trkpt lat="38.874062" lon="-1.237399">
        <ele>786.25</ele>
      </trkpt>
      <trkpt lat="38.873447" lon="-1.234407">
        <ele>779.75</ele>
      </trkpt>
      <trkpt lat="38.872956" lon="-1.231341">
        <ele>776.25</ele>
      </trkpt>
      <trkpt lat="38.872731" lon="-1.229764">
        <ele>777.25</ele>
      </trkpt>
      <trkpt lat="38.872552" lon="-1.228444">
        <ele>778.25</ele>
      </trkpt>
      <trkpt lat="38.872377" lon="-1.226884">
        <ele>779.5</ele>
      </trkpt>
      <trkpt lat="38.87227" lon="-1.225835">
        <ele>780.25</ele>
      </trkpt>
      <trkpt lat="38.872113" lon="-1.224129">
        <ele>781.75</ele>
      </trkpt>
      <trkpt lat="38.871825" lon="-1.219957">
        <ele>781.75</ele>
      </trkpt>
      <trkpt lat="38.871729" lon="-1.216245">
        <ele>784.25</ele>
      </trkpt>
      <trkpt lat="38.871689" lon="-1.213741">
        <ele>786.5</ele>
      </trkpt>
      <trkpt lat="38.871832" lon="-1.208555">
        <ele>781</ele>
      </trkpt>
      <trkpt lat="38.871991" lon="-1.205721">
        <ele>783.75</ele>
      </trkpt>
      <trkpt lat="38.872735" lon="-1.196008">
        <ele>779</ele>
      </trkpt>
      <trkpt lat="38.872968" lon="-1.192505">
        <ele>782.75</ele>
      </trkpt>
      <trkpt lat="38.873155" lon="-1.190076">
        <ele>776.5</ele>
      </trkpt>
      <trkpt lat="38.873328" lon="-1.187494">
        <ele>777.75</ele>
      </trkpt>
      <trkpt lat="38.873478" lon="-1.184372">
        <ele>766.25</ele>
      </trkpt>
      <trkpt lat="38.873656" lon="-1.178295">
        <ele>754.25</ele>
      </trkpt>
      <trkpt lat="38.873879" lon="-1.175478">
        <ele>757.25</ele>
      </trkpt>
      <trkpt lat="38.874096" lon="-1.173525">
        <ele>754.25</ele>
      </trkpt>
      <trkpt lat="38.874455" lon="-1.171347">
        <ele>746.25</ele>
      </trkpt>
      <trkpt lat="38.874986" lon="-1.168638">
        <ele>745.25</ele>
      </trkpt>
      <trkpt lat="38.875535" lon="-1.166346">
        <ele>743</ele>
      </trkpt>
      <trkpt lat="38.876409" lon="-1.163462">
        <ele>753.5</ele>
      </trkpt>
      <trkpt lat="38.877239" lon="-1.161129">
        <ele>745.75</ele>
      </trkpt>
      <trkpt lat="38.878083" lon="-1.159005">
        <ele>734.75</ele>
      </trkpt>
      <trkpt lat="38.878459" lon="-1.158177">
        <ele>733.5</ele>
      </trkpt>
      <trkpt lat="38.879222" lon="-1.156497">
        <ele>730.25</ele>
      </trkpt>
      <trkpt lat="38.881123" lon="-1.152342">
        <ele>726.25</ele>
      </trkpt>
      <trkpt lat="38.882125" lon="-1.150057">
        <ele>730.25</ele>
      </trkpt>
      <trkpt lat="38.883366" lon="-1.146853">
        <ele>724.5</ele>
      </trkpt>
      <trkpt lat="38.884397" lon="-1.14392">
        <ele>721.5</ele>
      </trkpt>
      <trkpt lat="38.885424" lon="-1.140551">
        <ele>714</ele>
      </trkpt>
      <trkpt lat="38.886172" lon="-1.137519">
        <ele>708.75</ele>
      </trkpt>
      <trkpt lat="38.887061" lon="-1.13347">
        <ele>700</ele>
      </trkpt>
      <trkpt lat="38.887617" lon="-1.130406">
        <ele>698</ele>
      </trkpt>
      <trkpt lat="38.887996" lon="-1.127977">
        <ele>696.25</ele>
      </trkpt>
      <trkpt lat="38.888255" lon="-1.125885">
        <ele>695.75</ele>
      </trkpt>
      <trkpt lat="38.888505" lon="-1.123321">
        <ele>692.75</ele>
      </trkpt>
      <trkpt lat="38.888748" lon="-1.120188">
        <ele>691</ele>
      </trkpt>
      <trkpt lat="38.888881" lon="-1.116143">
        <ele>688.25</ele>
      </trkpt>
      <trkpt lat="38.88887" lon="-1.113347">
        <ele>687.75</ele>
      </trkpt>
      <trkpt lat="38.888764" lon="-1.110307">
        <ele>684</ele>
      </trkpt>
      <trkpt lat="38.888594" lon="-1.10764">
        <ele>683.5</ele>
      </trkpt>
      <trkpt lat="38.888483" lon="-1.106476">
        <ele>683.5</ele>
      </trkpt>
      <trkpt lat="38.888338" lon="-1.104974">
        <ele>683.5</ele>
      </trkpt>
      <trkpt lat="38.887818" lon="-1.101063">
        <ele>683.75</ele>
      </trkpt>
      <trkpt lat="38.887267" lon="-1.09763">
        <ele>683.75</ele>
      </trkpt>
      <trkpt lat="38.887108" lon="-1.096832">
        <ele>684</ele>
      </trkpt>
      <trkpt lat="38.886242" lon="-1.092475">
        <ele>684</ele>
      </trkpt>
      <trkpt lat="38.885273" lon="-1.087744">
        <ele>688.75</ele>
      </trkpt>
      <trkpt lat="38.884848" lon="-1.085791">
        <ele>689.75</ele>
      </trkpt>
      <trkpt lat="38.884243" lon="-1.083457">
        <ele>690.5</ele>
      </trkpt>
      <trkpt lat="38.883595" lon="-1.081167">
        <ele>690.75</ele>
      </trkpt>
      <trkpt lat="38.883509" lon="-1.080899">
        <ele>691.25</ele>
      </trkpt>
      <trkpt lat="38.883116" lon="-1.079667">
        <ele>692.25</ele>
      </trkpt>
      <trkpt lat="38.882857" lon="-1.078854">
        <ele>692.5</ele>
      </trkpt>
      <trkpt lat="38.881757" lon="-1.075824">
        <ele>691.25</ele>
      </trkpt>
      <trkpt lat="38.881014" lon="-1.074022">
        <ele>695.25</ele>
      </trkpt>
      <trkpt lat="38.880121" lon="-1.071951">
        <ele>694</ele>
      </trkpt>
      <trkpt lat="38.878909" lon="-1.069462">
        <ele>693.5</ele>
      </trkpt>
      <trkpt lat="38.877523" lon="-1.066758">
        <ele>690</ele>
      </trkpt>
      <trkpt lat="38.87627" lon="-1.064269">
        <ele>691.25</ele>
      </trkpt>
      <trkpt lat="38.874859" lon="-1.061244">
        <ele>694.25</ele>
      </trkpt>
      <trkpt lat="38.873489" lon="-1.057886">
        <ele>698.5</ele>
      </trkpt>
      <trkpt lat="38.872587" lon="-1.055418">
        <ele>701.25</ele>
      </trkpt>
      <trkpt lat="38.869296" lon="-1.045483">
        <ele>705</ele>
      </trkpt>
      <trkpt lat="38.866698" lon="-1.037479">
        <ele>712.25</ele>
      </trkpt>
      <trkpt lat="38.864774" lon="-1.031808">
        <ele>727</ele>
      </trkpt>
      <trkpt lat="38.86388" lon="-1.029083">
        <ele>731.5</ele>
      </trkpt>
      <trkpt lat="38.862529" lon="-1.025023">
        <ele>724</ele>
      </trkpt>
      <trkpt lat="38.861507" lon="-1.02212">
        <ele>713.75</ele>
      </trkpt>
      <trkpt lat="38.861131" lon="-1.021079">
        <ele>710</ele>
      </trkpt>
      <trkpt lat="38.860096" lon="-1.018355">
        <ele>704.75</ele>
      </trkpt>
      <trkpt lat="38.859129" lon="-1.01615">
        <ele>698.5</ele>
      </trkpt>
      <trkpt lat="38.858307" lon="-1.014383">
        <ele>693.75</ele>
      </trkpt>
      <trkpt lat="38.857569" lon="-1.012846">
        <ele>692.75</ele>
      </trkpt>
      <trkpt lat="38.857466" lon="-1.012631">
        <ele>692.75</ele>
      </trkpt>
      <trkpt lat="38.856737" lon="-1.011188">
        <ele>692.5</ele>
      </trkpt>
      <trkpt lat="38.855637" lon="-1.009209">
        <ele>689.5</ele>
      </trkpt>
      <trkpt lat="38.854642" lon="-1.007482">
        <ele>687</ele>
      </trkpt>
      <trkpt lat="38.853573" lon="-1.005786">
        <ele>683</ele>
      </trkpt>
      <trkpt lat="38.852813" lon="-1.004628">
        <ele>681.25</ele>
      </trkpt>
      <trkpt lat="38.851952" lon="-1.003405">
        <ele>679.75</ele>
      </trkpt>
      <trkpt lat="38.850621" lon="-1.001569">
        <ele>676.75</ele>
      </trkpt>
      <trkpt lat="38.84966" lon="-1.000325">
        <ele>675.75</ele>
      </trkpt>
      <trkpt lat="38.849234" lon="-0.999804">
        <ele>676.5</ele>
      </trkpt>
      <trkpt lat="38.84867" lon="-0.999096">
        <ele>676.75</ele>
      </trkpt>
      <trkpt lat="38.847463" lon="-0.997691">
        <ele>677.25</ele>
      </trkpt>
      <trkpt lat="38.847413" lon="-0.997644">
        <ele>677.25</ele>
      </trkpt>
      <trkpt lat="38.846094" lon="-0.996173">
        <ele>676.5</ele>
      </trkpt>
      <trkpt lat="38.844764" lon="-0.994763">
        <ele>674</ele>
      </trkpt>
      <trkpt lat="38.843601" lon="-0.993633">
        <ele>670.75</ele>
      </trkpt>
      <trkpt lat="38.84243" lon="-0.992537">
        <ele>669.75</ele>
      </trkpt>
      <trkpt lat="38.841192" lon="-0.991434">
        <ele>668.5</ele>
      </trkpt>
      <trkpt lat="38.84019" lon="-0.990593">
        <ele>665.75</ele>
      </trkpt>
      <trkpt lat="38.839776" lon="-0.990258">
        <ele>664.75</ele>
      </trkpt>
      <trkpt lat="38.838611" lon="-0.989349">
        <ele>662</ele>
      </trkpt>
      <trkpt lat="38.837952" lon="-0.988851">
        <ele>660.25</ele>
      </trkpt>
      <trkpt lat="38.836745" lon="-0.987959">
        <ele>660.5</ele>
      </trkpt>
      <trkpt lat="38.835354" lon="-0.987008">
        <ele>659</ele>
      </trkpt>
      <trkpt lat="38.833471" lon="-0.98583">
        <ele>657</ele>
      </trkpt>
      <trkpt lat="38.831467" lon="-0.984733">
        <ele>657.75</ele>
      </trkpt>
      <trkpt lat="38.828977" lon="-0.983478">
        <ele>656.25</ele>
      </trkpt>
      <trkpt lat="38.827185" lon="-0.98264">
        <ele>658.25</ele>
      </trkpt>
      <trkpt lat="38.819478" lon="-0.979249">
        <ele>662.5</ele>
      </trkpt>
      <trkpt lat="38.81692" lon="-0.978112">
        <ele>665</ele>
      </trkpt>
      <trkpt lat="38.814629" lon="-0.97706">
        <ele>666</ele>
      </trkpt>
      <trkpt lat="38.812708" lon="-0.976256">
        <ele>674</ele>
      </trkpt>
      <trkpt lat="38.810576" lon="-0.975344">
        <ele>680.75</ele>
      </trkpt>
      <trkpt lat="38.802982" lon="-0.972275">
        <ele>690.75</ele>
      </trkpt>
      <trkpt lat="38.800325" lon="-0.971181">
        <ele>689.5</ele>
      </trkpt>
      <trkpt lat="38.795437" lon="-0.969217">
        <ele>688.25</ele>
      </trkpt>
      <trkpt lat="38.793222" lon="-0.968333">
        <ele>684.5</ele>
      </trkpt>
      <trkpt lat="38.791284" lon="-0.967541">
        <ele>679.25</ele>
      </trkpt>
      <trkpt lat="38.790374" lon="-0.967174">
        <ele>676.25</ele>
      </trkpt>
      <trkpt lat="38.789599" lon="-0.966867">
        <ele>673</ele>
      </trkpt>
      <trkpt lat="38.785567" lon="-0.965233">
        <ele>662.75</ele>
      </trkpt>
      <trkpt lat="38.7829" lon="-0.964177">
        <ele>656.25</ele>
      </trkpt>
      <trkpt lat="38.780888" lon="-0.963352">
        <ele>654</ele>
      </trkpt>
      <trkpt lat="38.778258" lon="-0.962321">
        <ele>651</ele>
      </trkpt>
      <trkpt lat="38.775226" lon="-0.961106">
        <ele>647.25</ele>
      </trkpt>
      <trkpt lat="38.771898" lon="-0.959755">
        <ele>637</ele>
      </trkpt>
      <trkpt lat="38.769519" lon="-0.958727">
        <ele>634.75</ele>
      </trkpt>
      <trkpt lat="38.766561" lon="-0.957331">
        <ele>629.5</ele>
      </trkpt>
      <trkpt lat="38.763409" lon="-0.95571">
        <ele>627.75</ele>
      </trkpt>
      <trkpt lat="38.75984" lon="-0.953716">
        <ele>622.75</ele>
      </trkpt>
      <trkpt lat="38.759333" lon="-0.953408">
        <ele>622.75</ele>
      </trkpt>
      <trkpt lat="38.75918" lon="-0.953315">
        <ele>623</ele>
      </trkpt>
      <trkpt lat="38.757377" lon="-0.952218">
        <ele>616.25</ele>
      </trkpt>
      <trkpt lat="38.753648" lon="-0.949673">
        <ele>619</ele>
      </trkpt>
      <trkpt lat="38.74992" lon="-0.946931">
        <ele>601.25</ele>
      </trkpt>
      <trkpt lat="38.747472" lon="-0.945155">
        <ele>593.75</ele>
      </trkpt>
      <trkpt lat="38.74499" lon="-0.943445">
        <ele>593.75</ele>
      </trkpt>
      <trkpt lat="38.742319" lon="-0.941784">
        <ele>601.75</ele>
      </trkpt>
      <trkpt lat="38.741756" lon="-0.941457">
        <ele>604.75</ele>
      </trkpt>
      <trkpt lat="38.740279" lon="-0.940631">
        <ele>614.25</ele>
      </trkpt>
      <trkpt lat="38.739318" lon="-0.940143">
        <ele>619.75</ele>
      </trkpt>
      <trkpt lat="38.737778" lon="-0.939389">
        <ele>623.25</ele>
      </trkpt>
      <trkpt lat="38.735539" lon="-0.938391">
        <ele>636</ele>
      </trkpt>
      <trkpt lat="38.733382" lon="-0.937528">
        <ele>615.25</ele>
      </trkpt>
      <trkpt lat="38.73269" lon="-0.937274">
        <ele>611.5</ele>
      </trkpt>
      <trkpt lat="38.728723" lon="-0.935792">
        <ele>589.75</ele>
      </trkpt>
      <trkpt lat="38.726813" lon="-0.935076">
        <ele>582.5</ele>
      </trkpt>
      <trkpt lat="38.726104" lon="-0.934805">
        <ele>580.25</ele>
      </trkpt>
      <trkpt lat="38.721904" lon="-0.933273">
        <ele>569.5</ele>
      </trkpt>
      <trkpt lat="38.720212" lon="-0.932743">
        <ele>567.5</ele>
      </trkpt>
      <trkpt lat="38.719527" lon="-0.932528">
        <ele>564.25</ele>
      </trkpt>
      <trkpt lat="38.718402" lon="-0.932202">
        <ele>560.75</ele>
      </trkpt>
      <trkpt lat="38.714575" lon="-0.931342">
        <ele>564.5</ele>
      </trkpt>
      <trkpt lat="38.713393" lon="-0.931105">
        <ele>562</ele>
      </trkpt>
      <trkpt lat="38.711549" lon="-0.930837">
        <ele>553.5</ele>
      </trkpt>
      <trkpt lat="38.710258" lon="-0.930686">
        <ele>549.25</ele>
      </trkpt>
      <trkpt lat="38.707435" lon="-0.93045">
        <ele>539.75</ele>
      </trkpt>
      <trkpt lat="38.707053" lon="-0.930435">
        <ele>538.25</ele>
      </trkpt>
      <trkpt lat="38.705816" lon="-0.930389">
        <ele>534.25</ele>
      </trkpt>
      <trkpt lat="38.704065" lon="-0.930378">
        <ele>530.75</ele>
      </trkpt>
      <trkpt lat="38.701721" lon="-0.930453">
        <ele>529</ele>
      </trkpt>
      <trkpt lat="38.699625" lon="-0.930579">
        <ele>527.25</ele>
      </trkpt>
      <trkpt lat="38.694877" lon="-0.930845">
        <ele>519.5</ele>
      </trkpt>
      <trkpt lat="38.692412" lon="-0.930847">
        <ele>515</ele>
      </trkpt>
      <trkpt lat="38.690483" lon="-0.93076">
        <ele>514.75</ele>
      </trkpt>
      <trkpt lat="38.690404" lon="-0.930753">
        <ele>514.75</ele>
      </trkpt>
      <trkpt lat="38.687977" lon="-0.930579">
        <ele>512.25</ele>
      </trkpt>
      <trkpt lat="38.686514" lon="-0.930407">
        <ele>510.75</ele>
      </trkpt>
      <trkpt lat="38.685062" lon="-0.930184">
        <ele>509.75</ele>
      </trkpt>
      <trkpt lat="38.68498" lon="-0.930171">
        <ele>509.75</ele>
      </trkpt>
      <trkpt lat="38.683526" lon="-0.929914">
        <ele>508.75</ele>
      </trkpt>
      <trkpt lat="38.681429" lon="-0.92949">
        <ele>506.25</ele>
      </trkpt>
      <trkpt lat="38.68044" lon="-0.929255">
        <ele>504.5</ele>
      </trkpt>
      <trkpt lat="38.680297" lon="-0.929222">
        <ele>504</ele>
      </trkpt>
      <trkpt lat="38.679083" lon="-0.928896">
        <ele>504.75</ele>
      </trkpt>
      <trkpt lat="38.676832" lon="-0.92821">
        <ele>503.75</ele>
      </trkpt>
      <trkpt lat="38.67257" lon="-0.926741">
        <ele>500.75</ele>
      </trkpt>
      <trkpt lat="38.670267" lon="-0.925936">
        <ele>500</ele>
      </trkpt>
      <trkpt lat="38.668533" lon="-0.925314">
        <ele>497</ele>
      </trkpt>
      <trkpt lat="38.661856" lon="-0.922975">
        <ele>493</ele>
      </trkpt>
      <trkpt lat="38.65946" lon="-0.92216">
        <ele>500</ele>
      </trkpt>
      <trkpt lat="38.657912" lon="-0.921581">
        <ele>504.5</ele>
      </trkpt>
      <trkpt lat="38.657042" lon="-0.921238">
        <ele>506.25</ele>
      </trkpt>
      <trkpt lat="38.656142" lon="-0.920846">
        <ele>507.5</ele>
      </trkpt>
      <trkpt lat="38.655286" lon="-0.920435">
        <ele>508.75</ele>
      </trkpt>
      <trkpt lat="38.65445" lon="-0.920007">
        <ele>511.5</ele>
      </trkpt>
      <trkpt lat="38.653296" lon="-0.919353">
        <ele>511.75</ele>
      </trkpt>
      <trkpt lat="38.651297" lon="-0.918079">
        <ele>518</ele>
      </trkpt>
      <trkpt lat="38.650321" lon="-0.917366">
        <ele>518</ele>
      </trkpt>
      <trkpt lat="38.649108" lon="-0.916433">
        <ele>522</ele>
      </trkpt>
      <trkpt lat="38.648068" lon="-0.915583">
        <ele>522.5</ele>
      </trkpt>
      <trkpt lat="38.647274" lon="-0.914867">
        <ele>522</ele>
      </trkpt>
      <trkpt lat="38.646271" lon="-0.913871">
        <ele>521</ele>
      </trkpt>
      <trkpt lat="38.645233" lon="-0.912778">
        <ele>518.5</ele>
      </trkpt>
      <trkpt lat="38.643953" lon="-0.911342">
        <ele>517.75</ele>
      </trkpt>
      <trkpt lat="38.642999" lon="-0.910186">
        <ele>520</ele>
      </trkpt>
      <trkpt lat="38.640461" lon="-0.906861">
        <ele>528.5</ele>
      </trkpt>
      <trkpt lat="38.639489" lon="-0.905551">
        <ele>530.25</ele>
      </trkpt>
      <trkpt lat="38.638297" lon="-0.90409">
        <ele>523.75</ele>
      </trkpt>
      <trkpt lat="38.637591" lon="-0.903283">
        <ele>520.5</ele>
      </trkpt>
      <trkpt lat="38.636458" lon="-0.902069">
        <ele>518</ele>
      </trkpt>
      <trkpt lat="38.635603" lon="-0.901211">
        <ele>519</ele>
      </trkpt>
      <trkpt lat="38.635124" lon="-0.900705">
        <ele>520</ele>
      </trkpt>
      <trkpt lat="38.633847" lon="-0.899576">
        <ele>521.75</ele>
      </trkpt>
      <trkpt lat="38.633593" lon="-0.899373">
        <ele>520.25</ele>
      </trkpt>
      <trkpt lat="38.632831" lon="-0.898748">
        <ele>516.5</ele>
      </trkpt>
      <trkpt lat="38.632391" lon="-0.898425">
        <ele>516.25</ele>
      </trkpt>
      <trkpt lat="38.631731" lon="-0.89791">
        <ele>517.5</ele>
      </trkpt>
      <trkpt lat="38.630743" lon="-0.897215">
        <ele>517</ele>
      </trkpt>
      <trkpt lat="38.629048" lon="-0.896141">
        <ele>509.75</ele>
      </trkpt>
      <trkpt lat="38.627646" lon="-0.895303">
        <ele>511.5</ele>
      </trkpt>
      <trkpt lat="38.626392" lon="-0.894654">
        <ele>513</ele>
      </trkpt>
      <trkpt lat="38.624522" lon="-0.893698">
        <ele>512.25</ele>
      </trkpt>
      <trkpt lat="38.622977" lon="-0.893011">
        <ele>511</ele>
      </trkpt>
      <trkpt lat="38.621836" lon="-0.892538">
        <ele>507</ele>
      </trkpt>
      <trkpt lat="38.619932" lon="-0.891819">
        <ele>509.5</ele>
      </trkpt>
      <trkpt lat="38.617995" lon="-0.891143">
        <ele>506.75</ele>
      </trkpt>
      <trkpt lat="38.616413" lon="-0.890553">
        <ele>504.5</ele>
      </trkpt>
      <trkpt lat="38.615133" lon="-0.889986">
        <ele>502.75</ele>
      </trkpt>
      <trkpt lat="38.613668" lon="-0.889268">
        <ele>500.75</ele>
      </trkpt>
      <trkpt lat="38.612405" lon="-0.888561">
        <ele>499</ele>
      </trkpt>
      <trkpt lat="38.611158" lon="-0.887801">
        <ele>497.25</ele>
      </trkpt>
      <trkpt lat="38.60993" lon="-0.88697">
        <ele>495.5</ele>
      </trkpt>
      <trkpt lat="38.608823" lon="-0.886152">
        <ele>493.75</ele>
      </trkpt>
      <trkpt lat="38.607134" lon="-0.884795">
        <ele>491.25</ele>
      </trkpt>
      <trkpt lat="38.606634" lon="-0.884374">
        <ele>490.5</ele>
      </trkpt>
      <trkpt lat="38.605614" lon="-0.883514">
        <ele>490.5</ele>
      </trkpt>
      <trkpt lat="38.604312" lon="-0.88245">
        <ele>494</ele>
      </trkpt>
      <trkpt lat="38.602406" lon="-0.881075">
        <ele>493.25</ele>
      </trkpt>
      <trkpt lat="38.600801" lon="-0.880054">
        <ele>495</ele>
      </trkpt>
      <trkpt lat="38.598979" lon="-0.879054">
        <ele>494.25</ele>
      </trkpt>
      <trkpt lat="38.597316" lon="-0.878237">
        <ele>493.75</ele>
      </trkpt>
      <trkpt lat="38.595266" lon="-0.87741">
        <ele>494</ele>
      </trkpt>
      <trkpt lat="38.593537" lon="-0.876841">
        <ele>492</ele>
      </trkpt>
      <trkpt lat="38.591675" lon="-0.876218">
        <ele>489.75</ele>
      </trkpt>
      <trkpt lat="38.589687" lon="-0.875596">
        <ele>490.25</ele>
      </trkpt>
      <trkpt lat="38.587457" lon="-0.874877">
        <ele>490.5</ele>
      </trkpt>
      <trkpt lat="38.583809" lon="-0.873676">
        <ele>489.25</ele>
      </trkpt>
      <trkpt lat="38.579426" lon="-0.872284">
        <ele>490.25</ele>
      </trkpt>
      <trkpt lat="38.576361" lon="-0.871272">
        <ele>490.75</ele>
      </trkpt>
      <trkpt lat="38.573342" lon="-0.870317">
        <ele>491.5</ele>
      </trkpt>
      <trkpt lat="38.57139" lon="-0.869632">
        <ele>492</ele>
      </trkpt>
      <trkpt lat="38.570355" lon="-0.869208">
        <ele>492.25</ele>
      </trkpt>
      <trkpt lat="38.569141" lon="-0.868661">
        <ele>492.5</ele>
      </trkpt>
      <trkpt lat="38.567865" lon="-0.868014">
        <ele>492.75</ele>
      </trkpt>
      <trkpt lat="38.566564" lon="-0.867319">
        <ele>493</ele>
      </trkpt>
      <trkpt lat="38.565381" lon="-0.866562">
        <ele>493.25</ele>
      </trkpt>
      <trkpt lat="38.564079" lon="-0.86569">
        <ele>495.5</ele>
      </trkpt>
      <trkpt lat="38.563117" lon="-0.864984">
        <ele>502</ele>
      </trkpt>
      <trkpt lat="38.562357" lon="-0.864388">
        <ele>505.5</ele>
      </trkpt>
      <trkpt lat="38.561357" lon="-0.863591">
        <ele>512</ele>
      </trkpt>
      <trkpt lat="38.56037" lon="-0.862714">
        <ele>518.25</ele>
      </trkpt>
      <trkpt lat="38.559298" lon="-0.861653">
        <ele>522</ele>
      </trkpt>
      <trkpt lat="38.557705" lon="-0.860012">
        <ele>529.5</ele>
      </trkpt>
      <trkpt lat="38.555799" lon="-0.858027">
        <ele>533</ele>
      </trkpt>
      <trkpt lat="38.554589" lon="-0.856866">
        <ele>536.75</ele>
      </trkpt>
      <trkpt lat="38.553295" lon="-0.855726">
        <ele>539.75</ele>
      </trkpt>
      <trkpt lat="38.551992" lon="-0.854705">
        <ele>542.5</ele>
      </trkpt>
      <trkpt lat="38.550596" lon="-0.853673">
        <ele>549</ele>
      </trkpt>
      <trkpt lat="38.548941" lon="-0.852631">
        <ele>556</ele>
      </trkpt>
      <trkpt lat="38.547663" lon="-0.851889">
        <ele>555</ele>
      </trkpt>
      <trkpt lat="38.546191" lon="-0.851148">
        <ele>556</ele>
      </trkpt>
      <trkpt lat="38.544273" lon="-0.850328">
        <ele>558.25</ele>
      </trkpt>
      <trkpt lat="38.543578" lon="-0.850063">
        <ele>556.25</ele>
      </trkpt>
      <trkpt lat="38.542774" lon="-0.849772">
        <ele>554.75</ele>
      </trkpt>
      <trkpt lat="38.541912" lon="-0.849493">
        <ele>551</ele>
      </trkpt>
      <trkpt lat="38.539421" lon="-0.848775">
        <ele>534.25</ele>
      </trkpt>
      <trkpt lat="38.537696" lon="-0.848368">
        <ele>528.25</ele>
      </trkpt>
      <trkpt lat="38.536447" lon="-0.848114">
        <ele>527.5</ele>
      </trkpt>
      <trkpt lat="38.535506" lon="-0.847941">
        <ele>529.75</ele>
      </trkpt>
      <trkpt lat="38.533955" lon="-0.847705">
        <ele>531.75</ele>
      </trkpt>
      <trkpt lat="38.531842" lon="-0.84748">
        <ele>537.5</ele>
      </trkpt>
      <trkpt lat="38.530382" lon="-0.847368">
        <ele>538.75</ele>
      </trkpt>
      <trkpt lat="38.528273" lon="-0.847306">
        <ele>527.75</ele>
      </trkpt>
      <trkpt lat="38.526425" lon="-0.847329">
        <ele>532</ele>
      </trkpt>
      <trkpt lat="38.525658" lon="-0.847359">
        <ele>527.25</ele>
      </trkpt>
      <trkpt lat="38.524837" lon="-0.847401">
        <ele>524</ele>
      </trkpt>
      <trkpt lat="38.524584" lon="-0.84742">
        <ele>524</ele>
      </trkpt>
      <trkpt lat="38.52425" lon="-0.847436">
        <ele>523.75</ele>
      </trkpt>
      <trkpt lat="38.523802" lon="-0.84748">
        <ele>525.5</ele>
      </trkpt>
      <trkpt lat="38.523505" lon="-0.847505">
        <ele>527</ele>
      </trkpt>
      <trkpt lat="38.522306" lon="-0.847639">
        <ele>529</ele>
      </trkpt>
      <trkpt lat="38.521321" lon="-0.847768">
        <ele>526.75</ele>
      </trkpt>
      <trkpt lat="38.519582" lon="-0.848049">
        <ele>523.25</ele>
      </trkpt>
      <trkpt lat="38.5186" lon="-0.848239">
        <ele>522</ele>
      </trkpt>
      <trkpt lat="38.517646" lon="-0.848438">
        <ele>521.25</ele>
      </trkpt>
      <trkpt lat="38.516004" lon="-0.848846">
        <ele>518.5</ele>
      </trkpt>
      <trkpt lat="38.515014" lon="-0.849111">
        <ele>518.75</ele>
      </trkpt>
      <trkpt lat="38.513917" lon="-0.849439">
        <ele>524</ele>
      </trkpt>
      <trkpt lat="38.509989" lon="-0.850705">
        <ele>539.5</ele>
      </trkpt>
      <trkpt lat="38.508759" lon="-0.851087">
        <ele>546.25</ele>
      </trkpt>
      <trkpt lat="38.507398" lon="-0.851481">
        <ele>543.25</ele>
      </trkpt>
      <trkpt lat="38.504642" lon="-0.852206">
        <ele>537.5</ele>
      </trkpt>
      <trkpt lat="38.498873" lon="-0.853463">
        <ele>525.25</ele>
      </trkpt>
      <trkpt lat="38.495187" lon="-0.853574">
        <ele>517.5</ele>
      </trkpt>
      <trkpt lat="38.492199" lon="-0.853334">
        <ele>511.25</ele>
      </trkpt>
      <trkpt lat="38.488977" lon="-0.853119">
        <ele>504.75</ele>
      </trkpt>
      <trkpt lat="38.48522" lon="-0.852348">
        <ele>496.75</ele>
      </trkpt>
      <trkpt lat="38.482017" lon="-0.851338">
        <ele>489.75</ele>
      </trkpt>
      <trkpt lat="38.480477" lon="-0.850839">
        <ele>490</ele>
      </trkpt>
      <trkpt lat="38.479794" lon="-0.850584">
        <ele>486.25</ele>
      </trkpt>
      <trkpt lat="38.479159" lon="-0.850329">
        <ele>478.5</ele>
      </trkpt>
      <trkpt lat="38.477817" lon="-0.849733">
        <ele>471.75</ele>
      </trkpt>
      <trkpt lat="38.477089" lon="-0.849363">
        <ele>468</ele>
      </trkpt>
      <trkpt lat="38.476236" lon="-0.848906">
        <ele>467.75</ele>
      </trkpt>
      <trkpt lat="38.475116" lon="-0.84825">
        <ele>468.75</ele>
      </trkpt>
      <trkpt lat="38.474455" lon="-0.847832">
        <ele>465.75</ele>
      </trkpt>
      <trkpt lat="38.473693" lon="-0.847313">
        <ele>456</ele>
      </trkpt>
      <trkpt lat="38.472383" lon="-0.846387">
        <ele>449</ele>
      </trkpt>
      <trkpt lat="38.463264" lon="-0.839868">
        <ele>418</ele>
      </trkpt>
      <trkpt lat="38.460363" lon="-0.837759">
        <ele>407.25</ele>
      </trkpt>
      <trkpt lat="38.459183" lon="-0.836884">
        <ele>396.5</ele>
      </trkpt>
      <trkpt lat="38.457944" lon="-0.835891">
        <ele>391.5</ele>
      </trkpt>
      <trkpt lat="38.456329" lon="-0.834515">
        <ele>391.25</ele>
      </trkpt>
      <trkpt lat="38.454821" lon="-0.833136">
        <ele>381.5</ele>
      </trkpt>
      <trkpt lat="38.453491" lon="-0.831813">
        <ele>376</ele>
      </trkpt>
      <trkpt lat="38.451886" lon="-0.830182">
        <ele>367</ele>
      </trkpt>
      <trkpt lat="38.449538" lon="-0.827719">
        <ele>360.25</ele>
      </trkpt>
      <trkpt lat="38.447559" lon="-0.825757">
        <ele>358</ele>
      </trkpt>
      <trkpt lat="38.445633" lon="-0.82392">
        <ele>357</ele>
      </trkpt>
      <trkpt lat="38.442993" lon="-0.821724">
        <ele>349</ele>
      </trkpt>
      <trkpt lat="38.441516" lon="-0.820546">
        <ele>347.25</ele>
      </trkpt>
      <trkpt lat="38.4411" lon="-0.820233">
        <ele>348.25</ele>
      </trkpt>
      <trkpt lat="38.440503" lon="-0.819811">
        <ele>349.25</ele>
      </trkpt>
      <trkpt lat="38.439961" lon="-0.819397">
        <ele>348.75</ele>
      </trkpt>
      <trkpt lat="38.438688" lon="-0.818472">
        <ele>343.25</ele>
      </trkpt>
      <trkpt lat="38.438539" lon="-0.818363">
        <ele>343</ele>
      </trkpt>
      <trkpt lat="38.436847" lon="-0.817137">
        <ele>336.25</ele>
      </trkpt>
      <trkpt lat="38.435042" lon="-0.815789">
        <ele>344</ele>
      </trkpt>
      <trkpt lat="38.433729" lon="-0.81471">
        <ele>339.5</ele>
      </trkpt>
      <trkpt lat="38.432517" lon="-0.813682">
        <ele>335.5</ele>
      </trkpt>
      <trkpt lat="38.431254" lon="-0.812501">
        <ele>331</ele>
      </trkpt>
      <trkpt lat="38.429886" lon="-0.811198">
        <ele>326.25</ele>
      </trkpt>
      <trkpt lat="38.428698" lon="-0.809979">
        <ele>322</ele>
      </trkpt>
      <trkpt lat="38.427663" lon="-0.808883">
        <ele>318.25</ele>
      </trkpt>
      <trkpt lat="38.426566" lon="-0.807654">
        <ele>314.25</ele>
      </trkpt>
      <trkpt lat="38.425903" lon="-0.806892">
        <ele>311.75</ele>
      </trkpt>
      <trkpt lat="38.425118" lon="-0.80595">
        <ele>308.75</ele>
      </trkpt>
      <trkpt lat="38.423375" lon="-0.803732">
        <ele>301.75</ele>
      </trkpt>
      <trkpt lat="38.422786" lon="-0.802931">
        <ele>302</ele>
      </trkpt>
      <trkpt lat="38.421711" lon="-0.801413">
        <ele>308.25</ele>
      </trkpt>
      <trkpt lat="38.420909" lon="-0.800205">
        <ele>307.75</ele>
      </trkpt>
      <trkpt lat="38.420377" lon="-0.799393">
        <ele>307.5</ele>
      </trkpt>
      <trkpt lat="38.419888" lon="-0.798603">
        <ele>307.25</ele>
      </trkpt>
      <trkpt lat="38.418911" lon="-0.79699">
        <ele>306.75</ele>
      </trkpt>
      <trkpt lat="38.417962" lon="-0.795386">
        <ele>306.25</ele>
      </trkpt>
      <trkpt lat="38.41712" lon="-0.793823">
        <ele>306</ele>
      </trkpt>
      <trkpt lat="38.416363" lon="-0.792396">
        <ele>305.5</ele>
      </trkpt>
      <trkpt lat="38.414447" lon="-0.788329">
        <ele>304.5</ele>
      </trkpt>
      <trkpt lat="38.413543" lon="-0.786208">
        <ele>304.5</ele>
      </trkpt>
      <trkpt lat="38.413076" lon="-0.785068">
        <ele>304</ele>
      </trkpt>
      <trkpt lat="38.4128" lon="-0.784383">
        <ele>303.5</ele>
      </trkpt>
      <trkpt lat="38.412149" lon="-0.782626">
        <ele>302.75</ele>
      </trkpt>
      <trkpt lat="38.411755" lon="-0.781471">
        <ele>302.5</ele>
      </trkpt>
      <trkpt lat="38.41113" lon="-0.779504">
        <ele>301.5</ele>
      </trkpt>
      <trkpt lat="38.410584" lon="-0.777684">
        <ele>301</ele>
      </trkpt>
      <trkpt lat="38.409857" lon="-0.775168">
        <ele>301</ele>
      </trkpt>
      <trkpt lat="38.409817" lon="-0.775031">
        <ele>301</ele>
      </trkpt>
      <trkpt lat="38.409209" lon="-0.772955">
        <ele>299.75</ele>
      </trkpt>
      <trkpt lat="38.409121" lon="-0.772633">
        <ele>298.5</ele>
      </trkpt>
      <trkpt lat="38.408698" lon="-0.771175">
        <ele>302.75</ele>
      </trkpt>
      <trkpt lat="38.408501" lon="-0.770545">
        <ele>302</ele>
      </trkpt>
      <trkpt lat="38.407994" lon="-0.768924">
        <ele>296.5</ele>
      </trkpt>
      <trkpt lat="38.406468" lon="-0.764082">
        <ele>285.5</ele>
      </trkpt>
      <trkpt lat="38.405905" lon="-0.762074">
        <ele>281.5</ele>
      </trkpt>
      <trkpt lat="38.405861" lon="-0.7619">
        <ele>281.25</ele>
      </trkpt>
      <trkpt lat="38.405614" lon="-0.76096">
        <ele>278.75</ele>
      </trkpt>
      <trkpt lat="38.405433" lon="-0.760244">
        <ele>278.5</ele>
      </trkpt>
      <trkpt lat="38.405134" lon="-0.758997">
        <ele>276</ele>
      </trkpt>
      <trkpt lat="38.404866" lon="-0.757783">
        <ele>275.75</ele>
      </trkpt>
      <trkpt lat="38.404626" lon="-0.75663">
        <ele>276</ele>
      </trkpt>
      <trkpt lat="38.404472" lon="-0.755858">
        <ele>275.25</ele>
      </trkpt>
      <trkpt lat="38.404212" lon="-0.754446">
        <ele>274</ele>
      </trkpt>
      <trkpt lat="38.404083" lon="-0.753704">
        <ele>274.25</ele>
      </trkpt>
      <trkpt lat="38.403887" lon="-0.752495">
        <ele>273.75</ele>
      </trkpt>
      <trkpt lat="38.40372" lon="-0.75135">
        <ele>273</ele>
      </trkpt>
      <trkpt lat="38.403636" lon="-0.750733">
        <ele>272.5</ele>
      </trkpt>
      <trkpt lat="38.403612" lon="-0.750549">
        <ele>272.5</ele>
      </trkpt>
      <trkpt lat="38.40347" lon="-0.749377">
        <ele>273</ele>
      </trkpt>
      <trkpt lat="38.403359" lon="-0.74832">
        <ele>272</ele>
      </trkpt>
      <trkpt lat="38.403252" lon="-0.747216">
        <ele>270.5</ele>
      </trkpt>
      <trkpt lat="38.403143" lon="-0.745906">
        <ele>268.25</ele>
      </trkpt>
      <trkpt lat="38.402956" lon="-0.743316">
        <ele>266.5</ele>
      </trkpt>
      <trkpt lat="38.40283" lon="-0.741379">
        <ele>269</ele>
      </trkpt>
      <trkpt lat="38.402644" lon="-0.738523">
        <ele>272.25</ele>
      </trkpt>
      <trkpt lat="38.402506" lon="-0.736067">
        <ele>274</ele>
      </trkpt>
      <trkpt lat="38.402389" lon="-0.733695">
        <ele>274.75</ele>
      </trkpt>
      <trkpt lat="38.402348" lon="-0.73201">
        <ele>274.75</ele>
      </trkpt>
      <trkpt lat="38.402335" lon="-0.730335">
        <ele>273</ele>
      </trkpt>
      <trkpt lat="38.40236" lon="-0.728829">
        <ele>272.5</ele>
      </trkpt>
      <trkpt lat="38.402419" lon="-0.727193">
        <ele>272.25</ele>
      </trkpt>
      <trkpt lat="38.402512" lon="-0.725552">
        <ele>273.5</ele>
      </trkpt>
      <trkpt lat="38.40261" lon="-0.72423">
        <ele>275.75</ele>
      </trkpt>
      <trkpt lat="38.402731" lon="-0.722924">
        <ele>274.5</ele>
      </trkpt>
      <trkpt lat="38.402885" lon="-0.721563">
        <ele>272.25</ele>
      </trkpt>
      <trkpt lat="38.40305" lon="-0.720263">
        <ele>272.5</ele>
      </trkpt>
      <trkpt lat="38.403256" lon="-0.718817">
        <ele>270.75</ele>
      </trkpt>
      <trkpt lat="38.404056" lon="-0.713634">
        <ele>269</ele>
      </trkpt>
      <trkpt lat="38.404821" lon="-0.708735">
        <ele>266.5</ele>
      </trkpt>
      <trkpt lat="38.406112" lon="-0.700459">
        <ele>271</ele>
      </trkpt>
      <trkpt lat="38.406529" lon="-0.697792">
        <ele>274.5</ele>
      </trkpt>
      <trkpt lat="38.406614" lon="-0.697241">
        <ele>275.75</ele>
      </trkpt>
      <trkpt lat="38.407332" lon="-0.692594">
        <ele>273.75</ele>
      </trkpt>
      <trkpt lat="38.407446" lon="-0.691931">
        <ele>273.75</ele>
      </trkpt>
      <trkpt lat="38.407849" lon="-0.689309">
        <ele>270.75</ele>
      </trkpt>
      <trkpt lat="38.408129" lon="-0.687437">
        <ele>274</ele>
      </trkpt>
      <trkpt lat="38.408314" lon="-0.686086">
        <ele>274</ele>
      </trkpt>
      <trkpt lat="38.408426" lon="-0.685167">
        <ele>274.75</ele>
      </trkpt>
      <trkpt lat="38.408563" lon="-0.68391">
        <ele>277.25</ele>
      </trkpt>
      <trkpt lat="38.408676" lon="-0.682597">
        <ele>280</ele>
      </trkpt>
      <trkpt lat="38.408755" lon="-0.681577">
        <ele>280.5</ele>
      </trkpt>
      <trkpt lat="38.408831" lon="-0.68019">
        <ele>280</ele>
      </trkpt>
      <trkpt lat="38.408879" lon="-0.679008">
        <ele>277.5</ele>
      </trkpt>
      <trkpt lat="38.408917" lon="-0.677675">
        <ele>278.75</ele>
      </trkpt>
      <trkpt lat="38.408925" lon="-0.675601">
        <ele>277</ele>
      </trkpt>
      <trkpt lat="38.408892" lon="-0.674094">
        <ele>277.75</ele>
      </trkpt>
      <trkpt lat="38.408832" lon="-0.672719">
        <ele>275.25</ele>
      </trkpt>
      <trkpt lat="38.40872" lon="-0.670744">
        <ele>271.75</ele>
      </trkpt>
      <trkpt lat="38.408524" lon="-0.668346">
        <ele>271.5</ele>
      </trkpt>
      <trkpt lat="38.408271" lon="-0.665613">
        <ele>266.25</ele>
      </trkpt>
      <trkpt lat="38.408065" lon="-0.663225">
        <ele>262.5</ele>
      </trkpt>
      <trkpt lat="38.407863" lon="-0.661154">
        <ele>258</ele>
      </trkpt>
      <trkpt lat="38.407669" lon="-0.659463">
        <ele>256</ele>
      </trkpt>
      <trkpt lat="38.407535" lon="-0.658475">
        <ele>254.75</ele>
      </trkpt>
      <trkpt lat="38.407398" lon="-0.657571">
        <ele>253.75</ele>
      </trkpt>
      <trkpt lat="38.407166" lon="-0.656209">
        <ele>252</ele>
      </trkpt>
      <trkpt lat="38.406914" lon="-0.654931">
        <ele>250.5</ele>
      </trkpt>
      <trkpt lat="38.406626" lon="-0.653592">
        <ele>249</ele>
      </trkpt>
      <trkpt lat="38.406299" lon="-0.652259">
        <ele>247.25</ele>
      </trkpt>
      <trkpt lat="38.405973" lon="-0.65103">
        <ele>246</ele>
      </trkpt>
      <trkpt lat="38.405583" lon="-0.649695">
        <ele>246</ele>
      </trkpt>
      <trkpt lat="38.40529" lon="-0.648773">
        <ele>243.75</ele>
      </trkpt>
      <trkpt lat="38.404964" lon="-0.647822">
        <ele>240</ele>
      </trkpt>
      <trkpt lat="38.404625" lon="-0.646871">
        <ele>239</ele>
      </trkpt>
      <trkpt lat="38.404451" lon="-0.64639">
        <ele>237.75</ele>
      </trkpt>
      <trkpt lat="38.403915" lon="-0.645033">
        <ele>235.25</ele>
      </trkpt>
      <trkpt lat="38.403308" lon="-0.643603">
        <ele>239</ele>
      </trkpt>
      <trkpt lat="38.403005" lon="-0.642919">
        <ele>241</ele>
      </trkpt>
      <trkpt lat="38.402415" lon="-0.641681">
        <ele>238.75</ele>
      </trkpt>
      <trkpt lat="38.40187" lon="-0.640597">
        <ele>242.75</ele>
      </trkpt>
      <trkpt lat="38.401476" lon="-0.639847">
        <ele>242.5</ele>
      </trkpt>
      <trkpt lat="38.40112" lon="-0.639207">
        <ele>241</ele>
      </trkpt>
      <trkpt lat="38.400613" lon="-0.638328">
        <ele>241.75</ele>
      </trkpt>
      <trkpt lat="38.399931" lon="-0.6372">
        <ele>244.5</ele>
      </trkpt>
      <trkpt lat="38.399058" lon="-0.63586">
        <ele>242.75</ele>
      </trkpt>
      <trkpt lat="38.395874" lon="-0.631692">
        <ele>237.5</ele>
      </trkpt>
      <trkpt lat="38.393595" lon="-0.629164">
        <ele>234</ele>
      </trkpt>
      <trkpt lat="38.390977" lon="-0.626849">
        <ele>230.25</ele>
      </trkpt>
      <trkpt lat="38.389865" lon="-0.625967">
        <ele>230.5</ele>
      </trkpt>
      <trkpt lat="38.388948" lon="-0.625285">
        <ele>226</ele>
      </trkpt>
      <trkpt lat="38.388304" lon="-0.624831">
        <ele>222</ele>
      </trkpt>
      <trkpt lat="38.387876" lon="-0.624539">
        <ele>217</ele>
      </trkpt>
      <trkpt lat="38.387059" lon="-0.624011">
        <ele>209.5</ele>
      </trkpt>
      <trkpt lat="38.386503" lon="-0.623668">
        <ele>206</ele>
      </trkpt>
      <trkpt lat="38.385789" lon="-0.623253">
        <ele>201</ele>
      </trkpt>
      <trkpt lat="38.385292" lon="-0.622974">
        <ele>197.75</ele>
      </trkpt>
      <trkpt lat="38.38475" lon="-0.622687">
        <ele>194.25</ele>
      </trkpt>
      <trkpt lat="38.38393" lon="-0.622269">
        <ele>194.25</ele>
      </trkpt>
      <trkpt lat="38.383065" lon="-0.621858">
        <ele>188.25</ele>
      </trkpt>
      <trkpt lat="38.382136" lon="-0.62145">
        <ele>182</ele>
      </trkpt>
      <trkpt lat="38.380229" lon="-0.620679">
        <ele>177</ele>
      </trkpt>
      <trkpt lat="38.377478" lon="-0.619523">
        <ele>170.25</ele>
      </trkpt>
      <trkpt lat="38.37697" lon="-0.619231">
        <ele>169</ele>
      </trkpt>
      <trkpt lat="38.376015" lon="-0.618619">
        <ele>169</ele>
      </trkpt>
      <trkpt lat="38.375785" lon="-0.618466">
        <ele>168</ele>
      </trkpt>
      <trkpt lat="38.374959" lon="-0.617877">
        <ele>165</ele>
      </trkpt>
      <trkpt lat="38.374199" lon="-0.617283">
        <ele>163</ele>
      </trkpt>
      <trkpt lat="38.37379" lon="-0.616934">
        <ele>161.75</ele>
      </trkpt>
      <trkpt lat="38.373367" lon="-0.61655">
        <ele>159.5</ele>
      </trkpt>
      <trkpt lat="38.372604" lon="-0.61581">
        <ele>155</ele>
      </trkpt>
      <trkpt lat="38.371949" lon="-0.615114">
        <ele>150</ele>
      </trkpt>
      <trkpt lat="38.371738" lon="-0.614865">
        <ele>148</ele>
      </trkpt>
      <trkpt lat="38.370973" lon="-0.613948">
        <ele>148.5</ele>
      </trkpt>
      <trkpt lat="38.370306" lon="-0.613051">
        <ele>144</ele>
      </trkpt>
      <trkpt lat="38.369684" lon="-0.612125">
        <ele>141.25</ele>
      </trkpt>
      <trkpt lat="38.36923" lon="-0.611391">
        <ele>138.25</ele>
      </trkpt>
      <trkpt lat="38.368759" lon="-0.610561">
        <ele>138.25</ele>
      </trkpt>
      <trkpt lat="38.368341" lon="-0.609768">
        <ele>137.25</ele>
      </trkpt>
      <trkpt lat="38.367972" lon="-0.609008">
        <ele>138</ele>
      </trkpt>
      <trkpt lat="38.367524" lon="-0.607999">
        <ele>134.25</ele>
      </trkpt>
      <trkpt lat="38.367084" lon="-0.606868">
        <ele>133.25</ele>
      </trkpt>
      <trkpt lat="38.366801" lon="-0.606051">
        <ele>132.75</ele>
      </trkpt>
      <trkpt lat="38.366528" lon="-0.605196">
        <ele>133.75</ele>
      </trkpt>
      <trkpt lat="38.366253" lon="-0.604222">
        <ele>131.75</ele>
      </trkpt>
      <trkpt lat="38.366045" lon="-0.60338">
        <ele>129.25</ele>
      </trkpt>
      <trkpt lat="38.365865" lon="-0.602562">
        <ele>128</ele>
      </trkpt>
      <trkpt lat="38.365635" lon="-0.601325">
        <ele>129.25</ele>
      </trkpt>
      <trkpt lat="38.365568" lon="-0.600902">
        <ele>129.75</ele>
      </trkpt>
      <trkpt lat="38.365476" lon="-0.600238">
        <ele>130</ele>
      </trkpt>
      <trkpt lat="38.365383" lon="-0.59943">
        <ele>134.5</ele>
      </trkpt>
      <trkpt lat="38.365304" lon="-0.598553">
        <ele>140.75</ele>
      </trkpt>
      <trkpt lat="38.365262" lon="-0.597849">
        <ele>144</ele>
      </trkpt>
      <trkpt lat="38.365236" lon="-0.597022">
        <ele>144</ele>
      </trkpt>
      <trkpt lat="38.365222" lon="-0.596335">
        <ele>141.5</ele>
      </trkpt>
      <trkpt lat="38.365228" lon="-0.595713">
        <ele>139.25</ele>
      </trkpt>
      <trkpt lat="38.365265" lon="-0.594519">
        <ele>139.25</ele>
      </trkpt>
      <trkpt lat="38.365348" lon="-0.593404">
        <ele>139</ele>
      </trkpt>
      <trkpt lat="38.365409" lon="-0.592786">
        <ele>136.5</ele>
      </trkpt>
      <trkpt lat="38.365479" lon="-0.592165">
        <ele>135.5</ele>
      </trkpt>
      <trkpt lat="38.365624" lon="-0.591159">
        <ele>137.5</ele>
      </trkpt>
      <trkpt lat="38.365902" lon="-0.589549">
        <ele>135</ele>
      </trkpt>
      <trkpt lat="38.367414" lon="-0.581281">
        <ele>126.25</ele>
      </trkpt>
      <trkpt lat="38.367637" lon="-0.579776">
        <ele>126.25</ele>
      </trkpt>
      <trkpt lat="38.367743" lon="-0.578897">
        <ele>127.25</ele>
      </trkpt>
      <trkpt lat="38.367819" lon="-0.578078">
        <ele>125.25</ele>
      </trkpt>
      <trkpt lat="38.367873" lon="-0.577304">
        <ele>124</ele>
      </trkpt>
      <trkpt lat="38.367911" lon="-0.576529">
        <ele>124</ele>
      </trkpt>
      <trkpt lat="38.367931" lon="-0.575724">
        <ele>121.75</ele>
      </trkpt>
      <trkpt lat="38.367937" lon="-0.574801">
        <ele>121.75</ele>
      </trkpt>
      <trkpt lat="38.367921" lon="-0.573936">
        <ele>119.5</ele>
      </trkpt>
      <trkpt lat="38.367879" lon="-0.573036">
        <ele>118.25</ele>
      </trkpt>
      <trkpt lat="38.367819" lon="-0.572186">
        <ele>117.75</ele>
      </trkpt>
      <trkpt lat="38.367737" lon="-0.571315">
        <ele>111.5</ele>
      </trkpt>
      <trkpt lat="38.367619" lon="-0.57033">
        <ele>107</ele>
      </trkpt>
      <trkpt lat="38.367496" lon="-0.569477">
        <ele>103.25</ele>
      </trkpt>
      <trkpt lat="38.367364" lon="-0.568703">
        <ele>103.25</ele>
      </trkpt>
      <trkpt lat="38.367222" lon="-0.567959">
        <ele>101.25</ele>
      </trkpt>
      <trkpt lat="38.366982" lon="-0.566858">
        <ele>97.75</ele>
      </trkpt>
      <trkpt lat="38.36672" lon="-0.565836">
        <ele>94.75</ele>
      </trkpt>
      <trkpt lat="38.366572" lon="-0.565295">
        <ele>92.5</ele>
      </trkpt>
      <trkpt lat="38.366123" lon="-0.56384">
        <ele>89.5</ele>
      </trkpt>
      <trkpt lat="38.365865" lon="-0.563055">
        <ele>86.25</ele>
      </trkpt>
      <trkpt lat="38.365793" lon="-0.562836">
        <ele>85.75</ele>
      </trkpt>
      <trkpt lat="38.365465" lon="-0.561848">
        <ele>82.5</ele>
      </trkpt>
      <trkpt lat="38.365183" lon="-0.560964">
        <ele>80</ele>
      </trkpt>
      <trkpt lat="38.364996" lon="-0.560296">
        <ele>79.25</ele>
      </trkpt>
      <trkpt lat="38.364823" lon="-0.559615">
        <ele>78.25</ele>
      </trkpt>
      <trkpt lat="38.364677" lon="-0.558999">
        <ele>78</ele>
      </trkpt>
      <trkpt lat="38.364533" lon="-0.558305">
        <ele>76.5</ele>
      </trkpt>
      <trkpt lat="38.364349" lon="-0.557235">
        <ele>77.75</ele>
      </trkpt>
      <trkpt lat="38.364264" lon="-0.55663">
        <ele>80</ele>
      </trkpt>
      <trkpt lat="38.364131" lon="-0.555449">
        <ele>86.25</ele>
      </trkpt>
      <trkpt lat="38.364086" lon="-0.554819">
        <ele>89.75</ele>
      </trkpt>
      <trkpt lat="38.364045" lon="-0.55413">
        <ele>88.25</ele>
      </trkpt>
      <trkpt lat="38.364005" lon="-0.552411">
        <ele>84.5</ele>
      </trkpt>
      <trkpt lat="38.364088" lon="-0.550791">
        <ele>81</ele>
      </trkpt>
      <trkpt lat="38.364195" lon="-0.549615">
        <ele>81</ele>
      </trkpt>
      <trkpt lat="38.364328" lon="-0.548604">
        <ele>74.25</ele>
      </trkpt>
      <trkpt lat="38.364564" lon="-0.547207">
        <ele>69.5</ele>
      </trkpt>
      <trkpt lat="38.364766" lon="-0.546102">
        <ele>67.25</ele>
      </trkpt>
      <trkpt lat="38.3648" lon="-0.545914">
        <ele>67.25</ele>
      </trkpt>
      <trkpt lat="38.364919" lon="-0.545136">
        <ele>65.25</ele>
      </trkpt>
      <trkpt lat="38.364993" lon="-0.544447">
        <ele>63.5</ele>
      </trkpt>
      <trkpt lat="38.365038" lon="-0.543905">
        <ele>62.75</ele>
      </trkpt>
      <trkpt lat="38.36506" lon="-0.543315">
        <ele>62.25</ele>
      </trkpt>
      <trkpt lat="38.36507" lon="-0.542686">
        <ele>62.75</ele>
      </trkpt>
      <trkpt lat="38.365056" lon="-0.542037">
        <ele>62.5</ele>
      </trkpt>
      <trkpt lat="38.365027" lon="-0.541474">
        <ele>61.5</ele>
      </trkpt>
      <trkpt lat="38.364987" lon="-0.540952">
        <ele>60.25</ele>
      </trkpt>
      <trkpt lat="38.364938" lon="-0.540532">
        <ele>62.25</ele>
      </trkpt>
      <trkpt lat="38.364866" lon="-0.540008">
        <ele>65.75</ele>
      </trkpt>
      <trkpt lat="38.364753" lon="-0.539326">
        <ele>69</ele>
      </trkpt>
      <trkpt lat="38.3647" lon="-0.539073">
        <ele>70</ele>
      </trkpt>
      <trkpt lat="38.364676" lon="-0.538964">
        <ele>70.25</ele>
      </trkpt>
      <trkpt lat="38.36462" lon="-0.538715">
        <ele>70.75</ele>
      </trkpt>
      <trkpt lat="38.364542" lon="-0.538361">
        <ele>71.25</ele>
      </trkpt>
      <trkpt lat="38.36436" lon="-0.537693">
        <ele>72.25</ele>
      </trkpt>
      <trkpt lat="38.364183" lon="-0.537074">
        <ele>71.25</ele>
      </trkpt>
      <trkpt lat="38.363981" lon="-0.536509">
        <ele>70.25</ele>
      </trkpt>
      <trkpt lat="38.363759" lon="-0.535938">
        <ele>69.25</ele>
      </trkpt>
      <trkpt lat="38.363443" lon="-0.535211">
        <ele>68</ele>
      </trkpt>
      <trkpt lat="38.363058" lon="-0.53444">
        <ele>66.75</ele>
      </trkpt>
      <trkpt lat="38.362633" lon="-0.533689">
        <ele>65.25</ele>
      </trkpt>
      <trkpt lat="38.362218" lon="-0.533054">
        <ele>64</ele>
      </trkpt>
      <trkpt lat="38.361945" lon="-0.532668">
        <ele>63.25</ele>
      </trkpt>
      <trkpt lat="38.361636" lon="-0.532271">
        <ele>62.5</ele>
      </trkpt>
      <trkpt lat="38.361" lon="-0.531516">
        <ele>61</ele>
      </trkpt>
      <trkpt lat="38.360242" lon="-0.530753">
        <ele>60.25</ele>
      </trkpt>
      <trkpt lat="38.359931" lon="-0.530481">
        <ele>60.25</ele>
      </trkpt>
      <trkpt lat="38.359484" lon="-0.530113">
        <ele>59.75</ele>
      </trkpt>
      <trkpt lat="38.359074" lon="-0.529814">
        <ele>60</ele>
      </trkpt>
      <trkpt lat="38.358653" lon="-0.52953">
        <ele>58.5</ele>
      </trkpt>
      <trkpt lat="38.357349" lon="-0.528706">
        <ele>55.5</ele>
      </trkpt>
      <trkpt lat="38.356636" lon="-0.528189">
        <ele>54</ele>
      </trkpt>
      <trkpt lat="38.356289" lon="-0.527909">
        <ele>54.5</ele>
      </trkpt>
      <trkpt lat="38.355953" lon="-0.527615">
        <ele>54.75</ele>
      </trkpt>
      <trkpt lat="38.355311" lon="-0.527009">
        <ele>53.75</ele>
      </trkpt>
      <trkpt lat="38.354706" lon="-0.52636">
        <ele>52.25</ele>
      </trkpt>
      <trkpt lat="38.354276" lon="-0.525833">
        <ele>51</ele>
      </trkpt>
      <trkpt lat="38.353873" lon="-0.525298">
        <ele>50.25</ele>
      </trkpt>
      <trkpt lat="38.353332" lon="-0.52449">
        <ele>48.25</ele>
      </trkpt>
      <trkpt lat="38.353003" lon="-0.523957">
        <ele>47.5</ele>
      </trkpt>
      <trkpt lat="38.352698" lon="-0.523386">
        <ele>48.75</ele>
      </trkpt>
      <trkpt lat="38.352126" lon="-0.522159">
        <ele>47</ele>
      </trkpt>
      <trkpt lat="38.351872" lon="-0.521532">
        <ele>46</ele>
      </trkpt>
      <trkpt lat="38.351634" lon="-0.520899">
        <ele>44</ele>
      </trkpt>
      <trkpt lat="38.351385" lon="-0.520103">
        <ele>42.75</ele>
      </trkpt>
      <trkpt lat="38.351158" lon="-0.519246">
        <ele>43.5</ele>
      </trkpt>
      <trkpt lat="38.350958" lon="-0.518388">
        <ele>42.5</ele>
      </trkpt>
      <trkpt lat="38.350459" lon="-0.515805">
        <ele>40</ele>
      </trkpt>
      <trkpt lat="38.349603" lon="-0.512366">
        <ele>36.5</ele>
      </trkpt>
      <trkpt lat="38.349036" lon="-0.510204">
        <ele>34.5</ele>
      </trkpt>
      <trkpt lat="38.348492" lon="-0.508434">
        <ele>32.5</ele>
      </trkpt>
      <trkpt lat="38.347944" lon="-0.506579">
        <ele>30.75</ele>
      </trkpt>
      <trkpt lat="38.347605" lon="-0.505531">
        <ele>29.75</ele>
      </trkpt>
      <trkpt lat="38.347321" lon="-0.504653">
        <ele>28.75</ele>
      </trkpt>
      <trkpt lat="38.347018" lon="-0.503554">
        <ele>27.75</ele>
      </trkpt>
      <trkpt lat="38.346612" lon="-0.501825">
        <ele>27.75</ele>
      </trkpt>
      <trkpt lat="38.34643" lon="-0.501043">
        <ele>27.5</ele>
      </trkpt>
      <trkpt lat="38.346226" lon="-0.500169">
        <ele>28.5</ele>
      </trkpt>
      <trkpt lat="38.346158" lon="-0.499822">
        <ele>29</ele>
      </trkpt>
      <trkpt lat="38.345668" lon="-0.497048">
        <ele>28.5</ele>
      </trkpt>
      <trkpt lat="38.345559" lon="-0.496434">
        <ele>27.5</ele>
      </trkpt>
    </trkseg>
  </trk>
  <trk>
    <name>L050</name>
    <trkseg>
      <trkpt lat="40.405835" lon="-3.689753">
        <ele>623.25</ele>
      </trkpt>
      <trkpt lat="40.40545" lon="-3.689329">
        <ele>623.25</ele>
      </trkpt>
      <trkpt lat="40.404706" lon="-3.688514">
        <ele>623.25</ele>
      </trkpt>
      <trkpt lat="40.40463" lon="-3.688434">
        <ele>622.75</ele>
      </trkpt>
      <trkpt lat="40.404554" lon="-3.688347">
        <ele>622.25</ele>
      </trkpt>
      <trkpt lat="40.40411" lon="-3.687858">
        <ele>620.25</ele>
      </trkpt>
      <trkpt lat="40.403161" lon="-3.686822">
        <ele>616</ele>
      </trkpt>
      <trkpt lat="40.402871" lon="-3.68646">
        <ele>614.75</ele>
      </trkpt>
      <trkpt lat="40.402728" lon="-3.686215">
        <ele>614</ele>
      </trkpt>
      <trkpt lat="40.402593" lon="-3.685937">
        <ele>614</ele>
      </trkpt>
      <trkpt lat="40.40252" lon="-3.685734">
        <ele>613.75</ele>
      </trkpt>
      <trkpt lat="40.402394" lon="-3.685339">
        <ele>613.5</ele>
      </trkpt>
      <trkpt lat="40.402245" lon="-3.684984">
        <ele>612.75</ele>
      </trkpt>
      <trkpt lat="40.402021" lon="-3.684441">
        <ele>611.75</ele>
      </trkpt>
      <trkpt lat="40.401863" lon="-3.683937">
        <ele>611.25</ele>
      </trkpt>
      <trkpt lat="40.40169" lon="-3.683499">
        <ele>611</ele>
      </trkpt>
      <trkpt lat="40.401565" lon="-3.68309">
        <ele>610.5</ele>
      </trkpt>
      <trkpt lat="40.401414" lon="-3.682618">
        <ele>610</ele>
      </trkpt>
      <trkpt lat="40.40121" lon="-3.681961">
        <ele>611.25</ele>
      </trkpt>
      <trkpt lat="40.401103" lon="-3.681617">
        <ele>612</ele>
      </trkpt>
      <trkpt lat="40.400918" lon="-3.681014">
        <ele>612.25</ele>
      </trkpt>
      <trkpt lat="40.400714" lon="-3.680372">
        <ele>611.75</ele>
      </trkpt>
      <trkpt lat="40.400337" lon="-3.679174">
        <ele>610.75</ele>
      </trkpt>
      <trkpt lat="40.400202" lon="-3.678796">
        <ele>610</ele>
      </trkpt>
      <trkpt lat="40.400093" lon="-3.678531">
        <ele>609.75</ele>
      </trkpt>
      <trkpt lat="40.399888" lon="-3.678073">
        <ele>610</ele>
      </trkpt>
      <trkpt lat="40.399698" lon="-3.677747">
        <ele>609.5</ele>
      </trkpt>
      <trkpt lat="40.399561" lon="-3.677547">
        <ele>609.25</ele>
      </trkpt>
      <trkpt lat="40.398742" lon="-3.676559">
        <ele>607.75</ele>
      </trkpt>
      <trkpt lat="40.398408" lon="-3.67617">
        <ele>609.25</ele>
      </trkpt>
      <trkpt lat="40.398133" lon="-3.675874">
        <ele>609.25</ele>
      </trkpt>
      <trkpt lat="40.39786" lon="-3.675604">
        <ele>609.25</ele>
      </trkpt>
      <trkpt lat="40.397486" lon="-3.675265">
        <ele>608</ele>
      </trkpt>
      <trkpt lat="40.39718" lon="-3.675006">
        <ele>608</ele>
      </trkpt>
      <trkpt lat="40.396817" lon="-3.674729">
        <ele>607.5</ele>
      </trkpt>
      <trkpt lat="40.396366" lon="-3.674422">
        <ele>604.25</ele>
      </trkpt>
      <trkpt lat="40.396109" lon="-3.674269">
        <ele>602.5</ele>
      </trkpt>
      <trkpt lat="40.395864" lon="-3.67413">
        <ele>600.75</ele>
      </trkpt>
      <trkpt lat="40.395565" lon="-3.673982">
        <ele>601</ele>
      </trkpt>
      <trkpt lat="40.395135" lon="-3.67379">
        <ele>601.5</ele>
      </trkpt>
      <trkpt lat="40.394728" lon="-3.673643">
        <ele>601.75</ele>
      </trkpt>
      <trkpt lat="40.394521" lon="-3.673571">
        <ele>602</ele>
      </trkpt>
      <trkpt lat="40.394084" lon="-3.673349">
        <ele>602.5</ele>
      </trkpt>
      <trkpt lat="40.393224" lon="-3.673104">
        <ele>602.5</ele>
      </trkpt>
      <trkpt lat="40.39278" lon="-3.673017">
        <ele>601.75</ele>
      </trkpt>
      <trkpt lat="40.392542" lon="-3.672995">
        <ele>601.25</ele>
      </trkpt>
      <trkpt lat="40.392039" lon="-3.672967">
        <ele>601.5</ele>
      </trkpt>
      <trkpt lat="40.391612" lon="-3.672994">
        <ele>601.25</ele>
      </trkpt>
      <trkpt lat="40.391271" lon="-3.673034">
        <ele>600</ele>
      </trkpt>
      <trkpt lat="40.390881" lon="-3.673119">
        <ele>598.5</ele>
      </trkpt>
      <trkpt lat="40.390555" lon="-3.673223">
        <ele>597.75</ele>
      </trkpt>
      <trkpt lat="40.390292" lon="-3.673314">
        <ele>597.25</ele>
      </trkpt>
      <trkpt lat="40.389937" lon="-3.673471">
        <ele>595.75</ele>
      </trkpt>
      <trkpt lat="40.389697" lon="-3.673596">
        <ele>594.75</ele>
      </trkpt>
      <trkpt lat="40.389289" lon="-3.673843">
        <ele>593.5</ele>
      </trkpt>
      <trkpt lat="40.389052" lon="-3.674004">
        <ele>593.25</ele>
      </trkpt>
      <trkpt lat="40.388507" lon="-3.674461">
        <ele>593.25</ele>
      </trkpt>
      <trkpt lat="40.38823" lon="-3.674723">
        <ele>592.75</ele>
      </trkpt>
      <trkpt lat="40.387203" lon="-3.675759">
        <ele>589.75</ele>
      </trkpt>
      <trkpt lat="40.385506" lon="-3.677358">
        <ele>591.25</ele>
      </trkpt>
      <trkpt lat="40.384782" lon="-3.678084">
        <ele>591.5</ele>
      </trkpt>
      <trkpt lat="40.38384" lon="-3.678978">
        <ele>589.75</ele>
      </trkpt>
      <trkpt lat="40.382732" lon="-3.680099">
        <ele>588</ele>
      </trkpt>
      <trkpt lat="40.382274" lon="-3.68053">
        <ele>590.5</ele>
      </trkpt>
      <trkpt lat="40.381818" lon="-3.680897">
        <ele>589</ele>
      </trkpt>
      <trkpt lat="40.381438" lon="-3.681163">
        <ele>586.75</ele>
      </trkpt>
      <trkpt lat="40.380946" lon="-3.681446">
        <ele>584.5</ele>
      </trkpt>
      <trkpt lat="40.380712" lon="-3.681567">
        <ele>584.5</ele>
      </trkpt>
      <trkpt lat="40.380299" lon="-3.68174">
        <ele>584</ele>
      </trkpt>
      <trkpt lat="40.379954" lon="-3.681854">
        <ele>583.25</ele>
      </trkpt>
      <trkpt lat="40.379682" lon="-3.681923">
        <ele>582</ele>
      </trkpt>
      <trkpt lat="40.37923" lon="-3.682013">
        <ele>580</ele>
      </trkpt>
      <trkpt lat="40.378998" lon="-3.682042">
        <ele>579.75</ele>
      </trkpt>
      <trkpt lat="40.378759" lon="-3.682061">
        <ele>579.75</ele>
      </trkpt>
      <trkpt lat="40.378487" lon="-3.682069">
        <ele>579.75</ele>
      </trkpt>
      <trkpt lat="40.378134" lon="-3.682058">
        <ele>580</ele>
      </trkpt>
      <trkpt lat="40.377742" lon="-3.682018">
        <ele>580.25</ele>
      </trkpt>
      <trkpt lat="40.377423" lon="-3.681961">
        <ele>580.25</ele>
      </trkpt>
      <trkpt lat="40.377044" lon="-3.681869">
        <ele>579</ele>
      </trkpt>
      <trkpt lat="40.376662" lon="-3.681748">
        <ele>577.75</ele>
      </trkpt>
      <trkpt lat="40.376333" lon="-3.681616">
        <ele>577.5</ele>
      </trkpt>
      <trkpt lat="40.376104" lon="-3.68151">
        <ele>577.25</ele>
      </trkpt>
      <trkpt lat="40.375763" lon="-3.681332">
        <ele>576.25</ele>
      </trkpt>
      <trkpt lat="40.375552" lon="-3.681209">
        <ele>575.5</ele>
      </trkpt>
      <trkpt lat="40.375122" lon="-3.680937">
        <ele>574.75</ele>
      </trkpt>
      <trkpt lat="40.373177" lon="-3.679675">
        <ele>574.5</ele>
      </trkpt>
      <trkpt lat="40.372661" lon="-3.679368">
        <ele>575.75</ele>
      </trkpt>
      <trkpt lat="40.372151" lon="-3.679079">
        <ele>576</ele>
      </trkpt>
      <trkpt lat="40.37148" lon="-3.678739">
        <ele>575.75</ele>
      </trkpt>
      <trkpt lat="40.370793" lon="-3.678423">
        <ele>576.75</ele>
      </trkpt>
      <trkpt lat="40.370382" lon="-3.67825">
        <ele>575.25</ele>
      </trkpt>
      <trkpt lat="40.369941" lon="-3.678077">
        <ele>574.25</ele>
      </trkpt>
      <trkpt lat="40.369539" lon="-3.677932">
        <ele>575.5</ele>
      </trkpt>
      <trkpt lat="40.368746" lon="-3.677675">
        <ele>577.25</ele>
      </trkpt>
      <trkpt lat="40.36839" lon="-3.677575">
        <ele>578</ele>
      </trkpt>
      <trkpt lat="40.367542" lon="-3.677361">
        <ele>579.5</ele>
      </trkpt>
      <trkpt lat="40.366652" lon="-3.677148">
        <ele>578</ele>
      </trkpt>
      <trkpt lat="40.366335" lon="-3.677065">
        <ele>578</ele>
      </trkpt>
      <trkpt lat="40.366046" lon="-3.676978">
        <ele>578.25</ele>
      </trkpt>
      <trkpt lat="40.365373" lon="-3.676736">
        <ele>579.25</ele>
      </trkpt>
      <trkpt lat="40.364892" lon="-3.676537">
        <ele>579.75</ele>
      </trkpt>
      <trkpt lat="40.362188" lon="-3.675379">
        <ele>581.25</ele>
      </trkpt>
      <trkpt lat="40.361495" lon="-3.675078">
        <ele>581.25</ele>
      </trkpt>
      <trkpt lat="40.360713" lon="-3.674738">
        <ele>581.5</ele>
      </trkpt>
      <trkpt lat="40.358516" lon="-3.673785">
        <ele>583.75</ele>
      </trkpt>
      <trkpt lat="40.357727" lon="-3.673414">
        <ele>583.5</ele>
      </trkpt>
      <trkpt lat="40.357099" lon="-3.673097">
        <ele>584.75</ele>
      </trkpt>
      <trkpt lat="40.356355" lon="-3.672689">
        <ele>585.75</ele>
      </trkpt>
      <trkpt lat="40.355725" lon="-3.672316">
        <ele>584.75</ele>
      </trkpt>
      <trkpt lat="40.354852" lon="-3.67177">
        <ele>583.25</ele>
      </trkpt>
      <trkpt lat="40.354515" lon="-3.671537">
        <ele>582.75</ele>
      </trkpt>
      <trkpt lat="40.3537" lon="-3.670943">
        <ele>579.75</ele>
      </trkpt>
      <trkpt lat="40.353018" lon="-3.670411">
        <ele>578.5</ele>
      </trkpt>
      <trkpt lat="40.352557" lon="-3.670033">
        <ele>579</ele>
      </trkpt>
      <trkpt lat="40.351892" lon="-3.669451">
        <ele>575.25</ele>
      </trkpt>
      <trkpt lat="40.351201" lon="-3.668811">
        <ele>573</ele>
      </trkpt>
      <trkpt lat="40.350526" lon="-3.668141">
        <ele>571</ele>
      </trkpt>
      <trkpt lat="40.350085" lon="-3.667685">
        <ele>570.75</ele>
      </trkpt>
      <trkpt lat="40.349489" lon="-3.667049">
        <ele>570</ele>
      </trkpt>
      <trkpt lat="40.347426" lon="-3.664805">
        <ele>563.25</ele>
      </trkpt>
      <trkpt lat="40.344356" lon="-3.661455">
        <ele>577.25</ele>
      </trkpt>
      <trkpt lat="40.343865" lon="-3.660912">
        <ele>583.75</ele>
      </trkpt>
      <trkpt lat="40.343291" lon="-3.660274">
        <ele>581</ele>
      </trkpt>
      <trkpt lat="40.342451" lon="-3.659302">
        <ele>580.25</ele>
      </trkpt>
      <trkpt lat="40.341781" lon="-3.658455">
        <ele>578.25</ele>
      </trkpt>
      <trkpt lat="40.341081" lon="-3.657496">
        <ele>577.5</ele>
      </trkpt>
      <trkpt lat="40.340601" lon="-3.656787">
        <ele>581</ele>
      </trkpt>
      <trkpt lat="40.340029" lon="-3.655882">
        <ele>580.25</ele>
      </trkpt>
      <trkpt lat="40.339562" lon="-3.655083">
        <ele>579.75</ele>
      </trkpt>
      <trkpt lat="40.339204" lon="-3.654443">
        <ele>578.25</ele>
      </trkpt>
      <trkpt lat="40.338746" lon="-3.653561">
        <ele>583.5</ele>
      </trkpt>
      <trkpt lat="40.338374" lon="-3.65279">
        <ele>581.75</ele>
      </trkpt>
      <trkpt lat="40.337862" lon="-3.651639">
        <ele>582</ele>
      </trkpt>
      <trkpt lat="40.337479" lon="-3.650685">
        <ele>578</ele>
      </trkpt>
      <trkpt lat="40.337196" lon="-3.649937">
        <ele>573.75</ele>
      </trkpt>
      <trkpt lat="40.336713" lon="-3.648515">
        <ele>573.75</ele>
      </trkpt>
      <trkpt lat="40.336451" lon="-3.647659">
        <ele>573.25</ele>
      </trkpt>
      <trkpt lat="40.336243" lon="-3.646897">
        <ele>573.5</ele>
      </trkpt>
      <trkpt lat="40.33585" lon="-3.645261">
        <ele>580</ele>
      </trkpt>
      <trkpt lat="40.335638" lon="-3.644217">
        <ele>580.75</ele>
      </trkpt>
      <trkpt lat="40.335461" lon="-3.643212">
        <ele>585</ele>
      </trkpt>
      <trkpt lat="40.33531" lon="-3.642195">
        <ele>585.25</ele>
      </trkpt>
      <trkpt lat="40.335206" lon="-3.641379">
        <ele>583.75</ele>
      </trkpt>
      <trkpt lat="40.335111" lon="-3.640406">
        <ele>580.5</ele>
      </trkpt>
      <trkpt lat="40.335039" lon="-3.639504">
        <ele>577.25</ele>
      </trkpt>
      <trkpt lat="40.334988" lon="-3.63863">
        <ele>576.5</ele>
      </trkpt>
      <trkpt lat="40.334957" lon="-3.637667">
        <ele>577.25</ele>
      </trkpt>
      <trkpt lat="40.334947" lon="-3.636693">
        <ele>572.75</ele>
      </trkpt>
      <trkpt lat="40.334954" lon="-3.635912">
        <ele>570.25</ele>
      </trkpt>
      <trkpt lat="40.334979" lon="-3.635189">
        <ele>573</ele>
      </trkpt>
      <trkpt lat="40.335049" lon="-3.634018">
        <ele>580</ele>
      </trkpt>
      <trkpt lat="40.335208" lon="-3.632318">
        <ele>582.75</ele>
      </trkpt>
      <trkpt lat="40.335294" lon="-3.63159">
        <ele>584.25</ele>
      </trkpt>
      <trkpt lat="40.335409" lon="-3.630841">
        <ele>585</ele>
      </trkpt>
      <trkpt lat="40.335588" lon="-3.629751">
        <ele>585.5</ele>
      </trkpt>
      <trkpt lat="40.335733" lon="-3.62899">
        <ele>586.25</ele>
      </trkpt>
      <trkpt lat="40.336006" lon="-3.627744">
        <ele>588.25</ele>
      </trkpt>
      <trkpt lat="40.338138" lon="-3.618571">
        <ele>594.75</ele>
      </trkpt>
      <trkpt lat="40.338881" lon="-3.615364">
        <ele>599</ele>
      </trkpt>
      <trkpt lat="40.33992" lon="-3.610884">
        <ele>608.5</ele>
      </trkpt>
      <trkpt lat="40.34185" lon="-3.602653">
        <ele>627.75</ele>
      </trkpt>
      <trkpt lat="40.342268" lon="-3.601074">
        <ele>630.75</ele>
      </trkpt>
      <trkpt lat="40.342717" lon="-3.599482">
        <ele>634.25</ele>
      </trkpt>
      <trkpt lat="40.343288" lon="-3.59764">
        <ele>633.5</ele>
      </trkpt>
      <trkpt lat="40.343738" lon="-3.596287">
        <ele>629.5</ele>
      </trkpt>
      <trkpt lat="40.344176" lon="-3.595047">
        <ele>623.25</ele>
      </trkpt>
      <trkpt lat="40.344661" lon="-3.593753">
        <ele>621</ele>
      </trkpt>
      <trkpt lat="40.345344" lon="-3.592035">
        <ele>623.5</ele>
      </trkpt>
      <trkpt lat="40.346095" lon="-3.590286">
        <ele>627.5</ele>
      </trkpt>
      <trkpt lat="40.346705" lon="-3.588949">
        <ele>625.5</ele>
      </trkpt>
      <trkpt lat="40.347461" lon="-3.587391">
        <ele>621.75</ele>
      </trkpt>
      <trkpt lat="40.348452" lon="-3.585484">
        <ele>612.75</ele>
      </trkpt>
      <trkpt lat="40.349494" lon="-3.583589">
        <ele>612.5</ele>
      </trkpt>
      <trkpt lat="40.350555" lon="-3.581866">
        <ele>607</ele>
      </trkpt>
      <trkpt lat="40.351574" lon="-3.580282">
        <ele>606.25</ele>
      </trkpt>
      <trkpt lat="40.352283" lon="-3.579214">
        <ele>606.25</ele>
      </trkpt>
      <trkpt lat="40.356422" lon="-3.573211">
        <ele>602.5</ele>
      </trkpt>
      <trkpt lat="40.357307" lon="-3.571927">
        <ele>602.75</ele>
      </trkpt>
      <trkpt lat="40.358269" lon="-3.570546">
        <ele>602.5</ele>
      </trkpt>
      <trkpt lat="40.359098" lon="-3.569386">
        <ele>600</ele>
      </trkpt>
      <trkpt lat="40.360343" lon="-3.567816">
        <ele>608.5</ele>
      </trkpt>
      <trkpt lat="40.360956" lon="-3.567086">
        <ele>610.25</ele>
      </trkpt>
      <trkpt lat="40.363179" lon="-3.564711">
        <ele>609.75</ele>
      </trkpt>
      <trkpt lat="40.365963" lon="-3.562265">
        <ele>619.25</ele>
      </trkpt>
      <trkpt lat="40.367298" lon="-3.56123">
        <ele>617.5</ele>
      </trkpt>
      <trkpt lat="40.368991" lon="-3.560042">
        <ele>617</ele>
      </trkpt>
      <trkpt lat="40.370176" lon="-3.559318">
        <ele>616.5</ele>
      </trkpt>
      <trkpt lat="40.371373" lon="-3.55864">
        <ele>616.25</ele>
      </trkpt>
      <trkpt lat="40.374032" lon="-3.557364">
        <ele>615.5</ele>
      </trkpt>
      <trkpt lat="40.374808" lon="-3.557009">
        <ele>615.75</ele>
      </trkpt>
      <trkpt lat="40.375469" lon="-3.556698">
        <ele>621.25</ele>
      </trkpt>
      <trkpt lat="40.377078" lon="-3.555905">
        <ele>630.25</ele>
      </trkpt>
      <trkpt lat="40.377916" lon="-3.555445">
        <ele>634.25</ele>
      </trkpt>
      <trkpt lat="40.378682" lon="-3.555011">
        <ele>638.75</ele>
      </trkpt>
      <trkpt lat="40.380431" lon="-3.553877">
        <ele>641.75</ele>
      </trkpt>
      <trkpt lat="40.381368" lon="-3.553208">
        <ele>642.5</ele>
      </trkpt>
      <trkpt lat="40.382351" lon="-3.552458">
        <ele>642</ele>
      </trkpt>
      <trkpt lat="40.38317" lon="-3.551793">
        <ele>642.5</ele>
      </trkpt>
      <trkpt lat="40.384011" lon="-3.551058">
        <ele>643.5</ele>
      </trkpt>
      <trkpt lat="40.385606" lon="-3.549542">
        <ele>645.25</ele>
      </trkpt>
      <trkpt lat="40.386233" lon="-3.548907">
        <ele>645.75</ele>
      </trkpt>
      <trkpt lat="40.386927" lon="-3.548151">
        <ele>645.5</ele>
      </trkpt>
      <trkpt lat="40.387651" lon="-3.547319">
        <ele>644.5</ele>
      </trkpt>
      <trkpt lat="40.388297" lon="-3.546547">
        <ele>647.25</ele>
      </trkpt>
      <trkpt lat="40.389958" lon="-3.544374">
        <ele>648.25</ele>
      </trkpt>
      <trkpt lat="40.391805" lon="-3.541584">
        <ele>654.25</ele>
      </trkpt>
      <trkpt lat="40.39247" lon="-3.540467">
        <ele>652.25</ele>
      </trkpt>
      <trkpt lat="40.393094" lon="-3.539336">
        <ele>650</ele>
      </trkpt>
      <trkpt lat="40.393774" lon="-3.538035">
        <ele>643.25</ele>
      </trkpt>
      <trkpt lat="40.394102" lon="-3.537378">
        <ele>638</ele>
      </trkpt>
      <trkpt lat="40.394408" lon="-3.536733">
        <ele>636.25</ele>
      </trkpt>
      <trkpt lat="40.394967" lon="-3.535495">
        <ele>631.75</ele>
      </trkpt>
      <trkpt lat="40.395467" lon="-3.53431">
        <ele>627.75</ele>
      </trkpt>
      <trkpt lat="40.396161" lon="-3.532515">
        <ele>627</ele>
      </trkpt>
      <trkpt lat="40.396508" lon="-3.531543">
        <ele>625.75</ele>
      </trkpt>
      <trkpt lat="40.396829" lon="-3.530578">
        <ele>624.25</ele>
      </trkpt>
      <trkpt lat="40.397735" lon="-3.52756">
        <ele>620.25</ele>
      </trkpt>
      <trkpt lat="40.398606" lon="-3.523648">
        <ele>615.25</ele>
      </trkpt>
      <trkpt lat="40.39873" lon="-3.522998">
        <ele>615.25</ele>
      </trkpt>
      <trkpt lat="40.398944" lon="-3.521751">
        <ele>605.25</ele>
      </trkpt>
      <trkpt lat="40.399311" lon="-3.519417">
        <ele>601.75</ele>
      </trkpt>
      <trkpt lat="40.400641" lon="-3.510749">
        <ele>588.75</ele>
      </trkpt>
      <trkpt lat="40.401044" lon="-3.508156">
        <ele>584.75</ele>
      </trkpt>
      <trkpt lat="40.401165" lon="-3.507406">
        <ele>583.75</ele>
      </trkpt>
      <trkpt lat="40.401436" lon="-3.505865">
        <ele>581.5</ele>
      </trkpt>
      <trkpt lat="40.401671" lon="-3.504659">
        <ele>579.5</ele>
      </trkpt>
      <trkpt lat="40.401835" lon="-3.50389">
        <ele>578.5</ele>
      </trkpt>
      <trkpt lat="40.40216" lon="-3.502493">
        <ele>576.25</ele>
      </trkpt>
      <trkpt lat="40.402314" lon="-3.501868">
        <ele>575.25</ele>
      </trkpt>
      <trkpt lat="40.402504" lon="-3.501138">
        <ele>574.25</ele>
      </trkpt>
      <trkpt lat="40.402766" lon="-3.500174">
        <ele>572.75</ele>
      </trkpt>
      <trkpt lat="40.403097" lon="-3.499038">
        <ele>571</ele>
      </trkpt>
      <trkpt lat="40.403451" lon="-3.497895">
        <ele>569.25</ele>
      </trkpt>
      <trkpt lat="40.403804" lon="-3.496835">
        <ele>567.5</ele>
      </trkpt>
      <trkpt lat="40.404128" lon="-3.495903">
        <ele>566</ele>
      </trkpt>
      <trkpt lat="40.404461" lon="-3.494997">
        <ele>564.5</ele>
      </trkpt>
      <trkpt lat="40.404782" lon="-3.49416">
        <ele>563.25</ele>
      </trkpt>
      <trkpt lat="40.405042" lon="-3.493505">
        <ele>563.25</ele>
      </trkpt>
      <trkpt lat="40.405301" lon="-3.492874">
        <ele>567.5</ele>
      </trkpt>
      <trkpt lat="40.405835" lon="-3.491628">
        <ele>576.75</ele>
      </trkpt>
      <trkpt lat="40.406991" lon="-3.488988">
        <ele>588.25</ele>
      </trkpt>
      <trkpt lat="40.409957" lon="-3.482284">
        <ele>615.5</ele>
      </trkpt>
      <trkpt lat="40.413313" lon="-3.474602">
        <ele>620.25</ele>
      </trkpt>
      <trkpt lat="40.414361" lon="-3.472258">
        <ele>626.25</ele>
      </trkpt>
      <trkpt lat="40.415314" lon="-3.47007">
        <ele>628.5</ele>
      </trkpt>
      <trkpt lat="40.417168" lon="-3.465817">
        <ele>630.75</ele>
      </trkpt>
      <trkpt lat="40.420604" lon="-3.456934">
        <ele>630.25</ele>
      </trkpt>
      <trkpt lat="40.42102" lon="-3.455754">
        <ele>630.25</ele>
      </trkpt>
      <trkpt lat="40.423288" lon="-3.448344">
        <ele>630</ele>
      </trkpt>
      <trkpt lat="40.423729" lon="-3.446589">
        <ele>630</ele>
      </trkpt>
      <trkpt lat="40.424183" lon="-3.444426">
        <ele>617.75</ele>
      </trkpt>
      <trkpt lat="40.424668" lon="-3.441813">
        <ele>616.75</ele>
      </trkpt>
      <trkpt lat="40.424906" lon="-3.440483">
        <ele>610.75</ele>
      </trkpt>
      <trkpt lat="40.425087" lon="-3.439384">
        <ele>607</ele>
      </trkpt>
      <trkpt lat="40.425745" lon="-3.43466">
        <ele>597.75</ele>
      </trkpt>
      <trkpt lat="40.425875" lon="-3.433587">
        <ele>598.25</ele>
      </trkpt>
      <trkpt lat="40.426226" lon="-3.429394">
        <ele>593</ele>
      </trkpt>
      <trkpt lat="40.42636" lon="-3.426762">
        <ele>594.75</ele>
      </trkpt>
      <trkpt lat="40.426463" lon="-3.424412">
        <ele>597.25</ele>
      </trkpt>
      <trkpt lat="40.426472" lon="-3.421978">
        <ele>601</ele>
      </trkpt>
      <trkpt lat="40.426451" lon="-3.419558">
        <ele>608</ele>
      </trkpt>
      <trkpt lat="40.426378" lon="-3.417073">
        <ele>612.75</ele>
      </trkpt>
      <trkpt lat="40.426185" lon="-3.413747">
        <ele>619.25</ele>
      </trkpt>
      <trkpt lat="40.425962" lon="-3.410628">
        <ele>630.5</ele>
      </trkpt>
      <trkpt lat="40.425736" lon="-3.4077">
        <ele>642.75</ele>
      </trkpt>
      <trkpt lat="40.425559" lon="-3.404795">
        <ele>645</ele>
      </trkpt>
      <trkpt lat="40.42548" lon="-3.402571">
        <ele>655.75</ele>
      </trkpt>
      <trkpt lat="40.425456" lon="-3.397067">
        <ele>659.5</ele>
      </trkpt>
      <trkpt lat="40.42564" lon="-3.392605">
        <ele>652.75</ele>
      </trkpt>
      <trkpt lat="40.425837" lon="-3.389883">
        <ele>653.75</ele>
      </trkpt>
      <trkpt lat="40.426098" lon="-3.387234">
        <ele>650.5</ele>
      </trkpt>
      <trkpt lat="40.42634" lon="-3.385189">
        <ele>646.75</ele>
      </trkpt>
      <trkpt lat="40.426617" lon="-3.383177">
        <ele>642.25</ele>
      </trkpt>
      <trkpt lat="40.42729" lon="-3.379147">
        <ele>641.75</ele>
      </trkpt>
      <trkpt lat="40.428112" lon="-3.375118">
        <ele>652</ele>
      </trkpt>
      <trkpt lat="40.428773" lon="-3.372378">
        <ele>648.5</ele>
      </trkpt>
      <trkpt lat="40.429818" lon="-3.368592">
        <ele>641.5</ele>
      </trkpt>
      <trkpt lat="40.43083" lon="-3.365317">
        <ele>639</ele>
      </trkpt>
      <trkpt lat="40.431603" lon="-3.3631">
        <ele>639.25</ele>
      </trkpt>
      <trkpt lat="40.432408" lon="-3.360945">
        <ele>637.75</ele>
      </trkpt>
      <trkpt lat="40.43351" lon="-3.358221">
        <ele>642.5</ele>
      </trkpt>
      <trkpt lat="40.434592" lon="-3.355725">
        <ele>647</ele>
      </trkpt>
      <trkpt lat="40.435591" lon="-3.353597">
        <ele>651</ele>
      </trkpt>
      <trkpt lat="40.436773" lon="-3.351259">
        <ele>651</ele>
      </trkpt>
      <trkpt lat="40.438015" lon="-3.348912">
        <ele>654.75</ele>
      </trkpt>
      <trkpt lat="40.445231" lon="-3.336913">
        <ele>663.25</ele>
      </trkpt>
      <trkpt lat="40.447221" lon="-3.333225">
        <ele>667.25</ele>
      </trkpt>
      <trkpt lat="40.448175" lon="-3.331094">
        <ele>669</ele>
      </trkpt>
      <trkpt lat="40.448557" lon="-3.330262">
        <ele>670</ele>
      </trkpt>
      <trkpt lat="40.449199" lon="-3.328873">
        <ele>671.25</ele>
      </trkpt>
      <trkpt lat="40.450469" lon="-3.326087">
        <ele>676</ele>
      </trkpt>
      <trkpt lat="40.453077" lon="-3.319874">
        <ele>683.75</ele>
      </trkpt>
      <trkpt lat="40.461818" lon="-3.299283">
        <ele>708.5</ele>
      </trkpt>
      <trkpt lat="40.463473" lon="-3.29514">
        <ele>715</ele>
      </trkpt>
      <trkpt lat="40.464944" lon="-3.291078">
        <ele>712.75</ele>
      </trkpt>
      <trkpt lat="40.466463" lon="-3.286537">
        <ele>721.75</ele>
      </trkpt>
      <trkpt lat="40.467734" lon="-3.282643">
        <ele>729.75</ele>
      </trkpt>
      <trkpt lat="40.469842" lon="-3.276195">
        <ele>748.5</ele>
      </trkpt>
      <trkpt lat="40.47104" lon="-3.272513">
        <ele>759.25</ele>
      </trkpt>
      <trkpt lat="40.472553" lon="-3.268215">
        <ele>771.75</ele>
      </trkpt>
      <trkpt lat="40.473043" lon="-3.266912">
        <ele>774.75</ele>
      </trkpt>
      <trkpt lat="40.474818" lon="-3.262597">
        <ele>785.5</ele>
      </trkpt>
      <trkpt lat="40.476926" lon="-3.258313">
        <ele>796.5</ele>
      </trkpt>
      <trkpt lat="40.477709" lon="-3.256819">
        <ele>798.5</ele>
      </trkpt>
      <trkpt lat="40.481052" lon="-3.25073">
        <ele>806.75</ele>
      </trkpt>
      <trkpt lat="40.48452" lon="-3.246067">
        <ele>814</ele>
      </trkpt>
      <trkpt lat="40.486071" lon="-3.244011">
        <ele>821</ele>
      </trkpt>
      <trkpt lat="40.486963" lon="-3.242868">
        <ele>825.25</ele>
      </trkpt>
      <trkpt lat="40.487871" lon="-3.241775">
        <ele>829.25</ele>
      </trkpt>
      <trkpt lat="40.488783" lon="-3.240752">
        <ele>833.25</ele>
      </trkpt>
      <trkpt lat="40.490262" lon="-3.239246">
        <ele>839.5</ele>
      </trkpt>
      <trkpt lat="40.49204" lon="-3.237457">
        <ele>839.5</ele>
      </trkpt>
      <trkpt lat="40.493471" lon="-3.236085">
        <ele>844.25</ele>
      </trkpt>
      <trkpt lat="40.494922" lon="-3.234776">
        <ele>849.25</ele>
      </trkpt>
      <trkpt lat="40.496207" lon="-3.233675">
        <ele>857</ele>
      </trkpt>
      <trkpt lat="40.500438" lon="-3.230254">
        <ele>871.25</ele>
      </trkpt>
      <trkpt lat="40.501721" lon="-3.229234">
        <ele>874.25</ele>
      </trkpt>
      <trkpt lat="40.50401" lon="-3.227396">
        <ele>883</ele>
      </trkpt>
      <trkpt lat="40.504731" lon="-3.226829">
        <ele>885.25</ele>
      </trkpt>
      <trkpt lat="40.505924" lon="-3.225852">
        <ele>882.25</ele>
      </trkpt>
      <trkpt lat="40.507215" lon="-3.224745">
        <ele>871.75</ele>
      </trkpt>
      <trkpt lat="40.508479" lon="-3.223653">
        <ele>888.5</ele>
      </trkpt>
      <trkpt lat="40.509669" lon="-3.222553">
        <ele>892.75</ele>
      </trkpt>
      <trkpt lat="40.510363" lon="-3.221887">
        <ele>893.5</ele>
      </trkpt>
      <trkpt lat="40.511284" lon="-3.220981">
        <ele>896</ele>
      </trkpt>
      <trkpt lat="40.512838" lon="-3.219347">
        <ele>899.25</ele>
      </trkpt>
      <trkpt lat="40.51386" lon="-3.218239">
        <ele>900.75</ele>
      </trkpt>
      <trkpt lat="40.514816" lon="-3.217127">
        <ele>901.25</ele>
      </trkpt>
      <trkpt lat="40.515621" lon="-3.21618">
        <ele>904.25</ele>
      </trkpt>
      <trkpt lat="40.516245" lon="-3.215412">
        <ele>905</ele>
      </trkpt>
      <trkpt lat="40.517033" lon="-3.214416">
        <ele>904</ele>
      </trkpt>
      <trkpt lat="40.517588" lon="-3.213715">
        <ele>903.25</ele>
      </trkpt>
      <trkpt lat="40.529349" lon="-3.198862">
        <ele>902.25</ele>
      </trkpt>
      <trkpt lat="40.531236" lon="-3.196503">
        <ele>909.25</ele>
      </trkpt>
      <trkpt lat="40.586522" lon="-3.125999">
        <ele>921.5</ele>
      </trkpt>
      <trkpt lat="40.588657" lon="-3.123279">
        <ele>918.75</ele>
      </trkpt>
      <trkpt lat="40.59408" lon="-3.11636">
        <ele>921.25</ele>
      </trkpt>
      <trkpt lat="40.597101" lon="-3.112973">
        <ele>922</ele>
      </trkpt>
      <trkpt lat="40.598902" lon="-3.111108">
        <ele>926.75</ele>
      </trkpt>
      <trkpt lat="40.599372" lon="-3.110631">
        <ele>928</ele>
      </trkpt>
      <trkpt lat="40.599905" lon="-3.1101">
        <ele>928.75</ele>
      </trkpt>
      <trkpt lat="40.600936" lon="-3.109125">
        <ele>925</ele>
      </trkpt>
      <trkpt lat="40.601634" lon="-3.10853">
        <ele>925</ele>
      </trkpt>
      <trkpt lat="40.603657" lon="-3.106777">
        <ele>928</ele>
      </trkpt>
      <trkpt lat="40.606544" lon="-3.104536">
        <ele>930</ele>
      </trkpt>
      <trkpt lat="40.61622" lon="-3.098386">
        <ele>946.5</ele>
      </trkpt>
      <trkpt lat="40.620984" lon="-3.095568">
        <ele>950.75</ele>
      </trkpt>
      <trkpt lat="40.623519" lon="-3.094018">
        <ele>942.75</ele>
      </trkpt>
      <trkpt lat="40.624041" lon="-3.093736">
        <ele>943.25</ele>
      </trkpt>
      <trkpt lat="40.625984" lon="-3.092521">
        <ele>957.25</ele>
      </trkpt>
      <trkpt lat="40.632989" lon="-3.088339">
        <ele>961.5</ele>
      </trkpt>
      <trkpt lat="40.637838" lon="-3.085427">
        <ele>965.75</ele>
      </trkpt>
      <trkpt lat="40.645824" lon="-3.080599">
        <ele>966.5</ele>
      </trkpt>
      <trkpt lat="40.648534" lon="-3.079014">
        <ele>967.5</ele>
      </trkpt>
      <trkpt lat="40.64981" lon="-3.078327">
        <ele>965.75</ele>
      </trkpt>
      <trkpt lat="40.650953" lon="-3.077734">
        <ele>963.25</ele>
      </trkpt>
      <trkpt lat="40.652285" lon="-3.077019">
        <ele>962.5</ele>
      </trkpt>
      <trkpt lat="40.653513" lon="-3.076415">
        <ele>961.75</ele>
      </trkpt>
      <trkpt lat="40.654873" lon="-3.075775">
        <ele>958.5</ele>
      </trkpt>
      <trkpt lat="40.656135" lon="-3.075192">
        <ele>955</ele>
      </trkpt>
      <trkpt lat="40.665271" lon="-3.070916">
        <ele>955.75</ele>
      </trkpt>
      <trkpt lat="40.675134" lon="-3.06635">
        <ele>966.5</ele>
      </trkpt>
      <trkpt lat="40.67999" lon="-3.064081">
        <ele>959.75</ele>
      </trkpt>
      <trkpt lat="40.682453" lon="-3.062914">
        <ele>957.5</ele>
      </trkpt>
      <trkpt lat="40.68481" lon="-3.06177">
        <ele>956.25</ele>
      </trkpt>
      <trkpt lat="40.687285" lon="-3.060457">
        <ele>959.5</ele>
      </trkpt>
      <trkpt lat="40.688762" lon="-3.05964">
        <ele>962.5</ele>
      </trkpt>
      <trkpt lat="40.692079" lon="-3.057667">
        <ele>959.75</ele>
      </trkpt>
      <trkpt lat="40.694092" lon="-3.056348">
        <ele>960</ele>
      </trkpt>
      <trkpt lat="40.695745" lon="-3.055189">
        <ele>962.5</ele>
      </trkpt>
      <trkpt lat="40.697521" lon="-3.053856">
        <ele>964.5</ele>
      </trkpt>
      <trkpt lat="40.699474" lon="-3.052362">
        <ele>964.25</ele>
      </trkpt>
      <trkpt lat="40.702855" lon="-3.049701">
        <ele>964</ele>
      </trkpt>
      <trkpt lat="40.705914" lon="-3.047272">
        <ele>963.75</ele>
      </trkpt>
      <trkpt lat="40.709146" lon="-3.044645">
        <ele>963.75</ele>
      </trkpt>
      <trkpt lat="40.71087" lon="-3.04312">
        <ele>964.25</ele>
      </trkpt>
      <trkpt lat="40.712766" lon="-3.041302">
        <ele>968.25</ele>
      </trkpt>
      <trkpt lat="40.715151" lon="-3.038865">
        <ele>968.75</ele>
      </trkpt>
      <trkpt lat="40.718474" lon="-3.035153">
        <ele>968</ele>
      </trkpt>
      <trkpt lat="40.719993" lon="-3.033221">
        <ele>965.25</ele>
      </trkpt>
      <trkpt lat="40.721696" lon="-3.031038">
        <ele>965</ele>
      </trkpt>
      <trkpt lat="40.723779" lon="-3.02803">
        <ele>957.75</ele>
      </trkpt>
      <trkpt lat="40.724163" lon="-3.027479">
        <ele>960</ele>
      </trkpt>
      <trkpt lat="40.724635" lon="-3.026801">
        <ele>966.5</ele>
      </trkpt>
      <trkpt lat="40.72609" lon="-3.024418">
        <ele>974</ele>
      </trkpt>
      <trkpt lat="40.72886" lon="-3.019667">
        <ele>980.5</ele>
      </trkpt>
      <trkpt lat="40.734162" lon="-3.0107">
        <ele>984.75</ele>
      </trkpt>
      <trkpt lat="40.736296" lon="-3.007026">
        <ele>978.25</ele>
      </trkpt>
      <trkpt lat="40.741268" lon="-2.998476">
        <ele>978</ele>
      </trkpt>
      <trkpt lat="40.747463" lon="-2.987977">
        <ele>992.25</ele>
      </trkpt>
      <trkpt lat="40.748809" lon="-2.985838">
        <ele>992.25</ele>
      </trkpt>
      <trkpt lat="40.750055" lon="-2.983859">
        <ele>996</ele>
      </trkpt>
      <trkpt lat="40.751537" lon="-2.98162">
        <ele>993.5</ele>
      </trkpt>
      <trkpt lat="40.752824" lon="-2.979729">
        <ele>991.75</ele>
      </trkpt>
      <trkpt lat="40.754958" lon="-2.976632">
        <ele>997</ele>
      </trkpt>
      <trkpt lat="40.756743" lon="-2.97418">
        <ele>995</ele>
      </trkpt>
      <trkpt lat="40.758525" lon="-2.971887">
        <ele>994.75</ele>
      </trkpt>
      <trkpt lat="40.76009" lon="-2.969846">
        <ele>995.25</ele>
      </trkpt>
      <trkpt lat="40.761882" lon="-2.967651">
        <ele>995.25</ele>
      </trkpt>
      <trkpt lat="40.762157" lon="-2.967322">
        <ele>996.25</ele>
      </trkpt>
      <trkpt lat="40.763072" lon="-2.966225">
        <ele>997.5</ele>
      </trkpt>
      <trkpt lat="40.768067" lon="-2.960456">
        <ele>1003.75</ele>
      </trkpt>
      <trkpt lat="40.770724" lon="-2.957629">
        <ele>1001.75</ele>
      </trkpt>
      <trkpt lat="40.772194" lon="-2.955879">
        <ele>1003.25</ele>
      </trkpt>
      <trkpt lat="40.776161" lon="-2.951411">
        <ele>1004.25</ele>
      </trkpt>
      <trkpt lat="40.780293" lon="-2.946816">
        <ele>1003.75</ele>
      </trkpt>
      <trkpt lat="40.782604" lon="-2.94422">
        <ele>1007</ele>
      </trkpt>
      <trkpt lat="40.784779" lon="-2.941764">
        <ele>1011.5</ele>
      </trkpt>
      <trkpt lat="40.787946" lon="-2.938238">
        <ele>1012.75</ele>
      </trkpt>
      <trkpt lat="40.790351" lon="-2.935552">
        <ele>1012.5</ele>
      </trkpt>
      <trkpt lat="40.792028" lon="-2.933627">
        <ele>1015</ele>
      </trkpt>
      <trkpt lat="40.793212" lon="-2.93232">
        <ele>1012.5</ele>
      </trkpt>
      <trkpt lat="40.798872" lon="-2.9259">
        <ele>1012.75</ele>
      </trkpt>
      <trkpt lat="40.801014" lon="-2.923538">
        <ele>1014</ele>
      </trkpt>
      <trkpt lat="40.804244" lon="-2.919787">
        <ele>1013.75</ele>
      </trkpt>
      <trkpt lat="40.805883" lon="-2.917738">
        <ele>1016.25</ele>
      </trkpt>
      <trkpt lat="40.807567" lon="-2.915549">
        <ele>1019.25</ele>
      </trkpt>
      <trkpt lat="40.810528" lon="-2.911201">
        <ele>1018.5</ele>
      </trkpt>
      <trkpt lat="40.812322" lon="-2.9085">
        <ele>1018.75</ele>
      </trkpt>
      <trkpt lat="40.813935" lon="-2.906021">
        <ele>1017</ele>
      </trkpt>
      <trkpt lat="40.830175" lon="-2.88141">
        <ele>1027.25</ele>
      </trkpt>
      <trkpt lat="40.833729" lon="-2.875872">
        <ele>1030.25</ele>
      </trkpt>
      <trkpt lat="40.835896" lon="-2.871923">
        <ele>1030.5</ele>
      </trkpt>
      <trkpt lat="40.837626" lon="-2.868495">
        <ele>1032</ele>
      </trkpt>
      <trkpt lat="40.838816" lon="-2.865854">
        <ele>1030.5</ele>
      </trkpt>
      <trkpt lat="40.839951" lon="-2.863172">
        <ele>1027.25</ele>
      </trkpt>
      <trkpt lat="40.841177" lon="-2.859826">
        <ele>1027.75</ele>
      </trkpt>
      <trkpt lat="40.842351" lon="-2.856555">
        <ele>1031.75</ele>
      </trkpt>
      <trkpt lat="40.845589" lon="-2.847055">
        <ele>1037.25</ele>
      </trkpt>
      <trkpt lat="40.849106" lon="-2.836753">
        <ele>1039.25</ele>
      </trkpt>
      <trkpt lat="40.852814" lon="-2.825969">
        <ele>1044.5</ele>
      </trkpt>
      <trkpt lat="40.853524" lon="-2.823805">
        <ele>1044.75</ele>
      </trkpt>
      <trkpt lat="40.856149" lon="-2.816287">
        <ele>1043</ele>
      </trkpt>
      <trkpt lat="40.857452" lon="-2.812455">
        <ele>1046.5</ele>
      </trkpt>
      <trkpt lat="40.85892" lon="-2.808166">
        <ele>1050</ele>
      </trkpt>
      <trkpt lat="40.859609" lon="-2.806099">
        <ele>1045</ele>
      </trkpt>
      <trkpt lat="40.860267" lon="-2.80405">
        <ele>1045</ele>
      </trkpt>
      <trkpt lat="40.861413" lon="-2.800179">
        <ele>1050</ele>
      </trkpt>
      <trkpt lat="40.862194" lon="-2.7974">
        <ele>1052</ele>
      </trkpt>
      <trkpt lat="40.862748" lon="-2.79552">
        <ele>1048.25</ele>
      </trkpt>
      <trkpt lat="40.863696" lon="-2.792036">
        <ele>1050.5</ele>
      </trkpt>
      <trkpt lat="40.864989" lon="-2.788036">
        <ele>1052.75</ele>
      </trkpt>
      <trkpt lat="40.866622" lon="-2.783157">
        <ele>1055.5</ele>
      </trkpt>
      <trkpt lat="40.868322" lon="-2.778228">
        <ele>1053.75</ele>
      </trkpt>
      <trkpt lat="40.870032" lon="-2.773294">
        <ele>1057</ele>
      </trkpt>
      <trkpt lat="40.871668" lon="-2.768453">
        <ele>1058.25</ele>
      </trkpt>
      <trkpt lat="40.872241" lon="-2.766798">
        <ele>1060.5</ele>
      </trkpt>
      <trkpt lat="40.872851" lon="-2.765074">
        <ele>1063</ele>
      </trkpt>
      <trkpt lat="40.873737" lon="-2.762794">
        <ele>1066</ele>
      </trkpt>
      <trkpt lat="40.874778" lon="-2.760265">
        <ele>1065.25</ele>
      </trkpt>
      <trkpt lat="40.877697" lon="-2.752878">
        <ele>1065</ele>
      </trkpt>
      <trkpt lat="40.879106" lon="-2.749216">
        <ele>1066.75</ele>
      </trkpt>
      <trkpt lat="40.880579" lon="-2.74553">
        <ele>1063.5</ele>
      </trkpt>
      <trkpt lat="40.881509" lon="-2.743149">
        <ele>1067.25</ele>
      </trkpt>
      <trkpt lat="40.882475" lon="-2.740772">
        <ele>1068</ele>
      </trkpt>
      <trkpt lat="40.884358" lon="-2.735989">
        <ele>1068</ele>
      </trkpt>
      <trkpt lat="40.888134" lon="-2.726432">
        <ele>1067.5</ele>
      </trkpt>
      <trkpt lat="40.897592" lon="-2.702607">
        <ele>1058</ele>
      </trkpt>
      <trkpt lat="40.902167" lon="-2.690988">
        <ele>1060.75</ele>
      </trkpt>
      <trkpt lat="40.906985" lon="-2.679417">
        <ele>1072.75</ele>
      </trkpt>
      <trkpt lat="40.909981" lon="-2.673196">
        <ele>1080.75</ele>
      </trkpt>
      <trkpt lat="40.911555" lon="-2.670319">
        <ele>1085.5</ele>
      </trkpt>
      <trkpt lat="40.913184" lon="-2.667485">
        <ele>1081.5</ele>
      </trkpt>
      <trkpt lat="40.913674" lon="-2.666668">
        <ele>1081.5</ele>
      </trkpt>
      <trkpt lat="40.915067" lon="-2.664423">
        <ele>1082.75</ele>
      </trkpt>
      <trkpt lat="40.916106" lon="-2.662827">
        <ele>1083.75</ele>
      </trkpt>
      <trkpt lat="40.919083" lon="-2.658364">
        <ele>1085.25</ele>
      </trkpt>
      <trkpt lat="40.920637" lon="-2.656058">
        <ele>1091.25</ele>
      </trkpt>
      <trkpt lat="40.921776" lon="-2.654256">
        <ele>1087.5</ele>
      </trkpt>
      <trkpt lat="40.923321" lon="-2.65162">
        <ele>1093</ele>
      </trkpt>
      <trkpt lat="40.924695" lon="-2.649082">
        <ele>1113.25</ele>
      </trkpt>
      <trkpt lat="40.926286" lon="-2.646117">
        <ele>1109</ele>
      </trkpt>
      <trkpt lat="40.927866" lon="-2.642898">
        <ele>1102.5</ele>
      </trkpt>
      <trkpt lat="40.929253" lon="-2.639914">
        <ele>1109.25</ele>
      </trkpt>
      <trkpt lat="40.92954" lon="-2.639316">
        <ele>1114.5</ele>
      </trkpt>
      <trkpt lat="40.930497" lon="-2.636889">
        <ele>1114</ele>
      </trkpt>
      <trkpt lat="40.933164" lon="-2.630846">
        <ele>1114.75</ele>
      </trkpt>
      <trkpt lat="40.934539" lon="-2.627971">
        <ele>1118.5</ele>
      </trkpt>
      <trkpt lat="40.936075" lon="-2.625001">
        <ele>1103</ele>
      </trkpt>
      <trkpt lat="40.938447" lon="-2.620741">
        <ele>1102.25</ele>
      </trkpt>
      <trkpt lat="40.939717" lon="-2.618589">
        <ele>1105.25</ele>
      </trkpt>
      <trkpt lat="40.940902" lon="-2.616709">
        <ele>1100</ele>
      </trkpt>
      <trkpt lat="40.946071" lon="-2.608891">
        <ele>1105.5</ele>
      </trkpt>
      <trkpt lat="40.947611" lon="-2.606518">
        <ele>1100</ele>
      </trkpt>
      <trkpt lat="40.949034" lon="-2.604116">
        <ele>1104.25</ele>
      </trkpt>
      <trkpt lat="40.951706" lon="-2.599351">
        <ele>1102.25</ele>
      </trkpt>
      <trkpt lat="40.967052" lon="-2.571614">
        <ele>1131</ele>
      </trkpt>
      <trkpt lat="40.97737" lon="-2.552958">
        <ele>1143.75</ele>
      </trkpt>
      <trkpt lat="40.987798" lon="-2.534079">
        <ele>1133.25</ele>
      </trkpt>
      <trkpt lat="40.989416" lon="-2.531161">
        <ele>1137.75</ele>
      </trkpt>
      <trkpt lat="40.991044" lon="-2.528175">
        <ele>1132.5</ele>
      </trkpt>
      <trkpt lat="40.992705" lon="-2.525207">
        <ele>1129.75</ele>
      </trkpt>
      <trkpt lat="40.99433" lon="-2.522188">
        <ele>1123</ele>
      </trkpt>
      <trkpt lat="40.997532" lon="-2.51647">
        <ele>1140.25</ele>
      </trkpt>
      <trkpt lat="41.000891" lon="-2.510375">
        <ele>1134.25</ele>
      </trkpt>
      <trkpt lat="41.013117" lon="-2.488228">
        <ele>1179</ele>
      </trkpt>
      <trkpt lat="41.01571" lon="-2.483472">
        <ele>1169.75</ele>
      </trkpt>
      <trkpt lat="41.020032" lon="-2.475723">
        <ele>1147.5</ele>
      </trkpt>
      <trkpt lat="41.021228" lon="-2.473505">
        <ele>1150</ele>
      </trkpt>
      <trkpt lat="41.02311" lon="-2.470101">
        <ele>1162.25</ele>
      </trkpt>
      <trkpt lat="41.02551" lon="-2.465669">
        <ele>1173.75</ele>
      </trkpt>
      <trkpt lat="41.02674" lon="-2.463483">
        <ele>1173.75</ele>
      </trkpt>
      <trkpt lat="41.029352" lon="-2.459202">
        <ele>1188.25</ele>
      </trkpt>
      <trkpt lat="41.031682" lon="-2.455758">
        <ele>1207</ele>
      </trkpt>
      <trkpt lat="41.033506" lon="-2.453321">
        <ele>1201.25</ele>
      </trkpt>
      <trkpt lat="41.034774" lon="-2.45168">
        <ele>1194.75</ele>
      </trkpt>
      <trkpt lat="41.035924" lon="-2.450314">
        <ele>1197.25</ele>
      </trkpt>
      <trkpt lat="41.037264" lon="-2.448772">
        <ele>1197.5</ele>
      </trkpt>
      <trkpt lat="41.038193" lon="-2.447743">
        <ele>1198.75</ele>
      </trkpt>
      <trkpt lat="41.039742" lon="-2.446142">
        <ele>1200.75</ele>
      </trkpt>
      <trkpt lat="41.040071" lon="-2.445806">
        <ele>1200</ele>
      </trkpt>
      <trkpt lat="41.040628" lon="-2.445253">
        <ele>1200</ele>
      </trkpt>
      <trkpt lat="41.042364" lon="-2.443615">
        <ele>1199</ele>
      </trkpt>
      <trkpt lat="41.045654" lon="-2.440739">
        <ele>1196.25</ele>
      </trkpt>
      <trkpt lat="41.058993" lon="-2.430102">
        <ele>1151</ele>
      </trkpt>
      <trkpt lat="41.06565" lon="-2.424768">
        <ele>1137.25</ele>
      </trkpt>
      <trkpt lat="41.072315" lon="-2.419403">
        <ele>1127</ele>
      </trkpt>
      <trkpt lat="41.074819" lon="-2.417262">
        <ele>1128.5</ele>
      </trkpt>
      <trkpt lat="41.077129" lon="-2.415118">
        <ele>1138.75</ele>
      </trkpt>
      <trkpt lat="41.079277" lon="-2.412947">
        <ele>1136.5</ele>
      </trkpt>
      <trkpt lat="41.081159" lon="-2.410897">
        <ele>1133</ele>
      </trkpt>
      <trkpt lat="41.082072" lon="-2.409856">
        <ele>1135.5</ele>
      </trkpt>
      <trkpt lat="41.083008" lon="-2.408749">
        <ele>1142</ele>
      </trkpt>
      <trkpt lat="41.084524" lon="-2.406872">
        <ele>1152.25</ele>
      </trkpt>
      <trkpt lat="41.084757" lon="-2.406568">
        <ele>1159</ele>
      </trkpt>
      <trkpt lat="41.085104" lon="-2.406117">
        <ele>1162.5</ele>
      </trkpt>
      <trkpt lat="41.086302" lon="-2.404524">
        <ele>1162.75</ele>
      </trkpt>
      <trkpt lat="41.087886" lon="-2.402281">
        <ele>1177.25</ele>
      </trkpt>
      <trkpt lat="41.088648" lon="-2.401153">
        <ele>1173.5</ele>
      </trkpt>
      <trkpt lat="41.089436" lon="-2.399949">
        <ele>1169.25</ele>
      </trkpt>
      <trkpt lat="41.090376" lon="-2.398461">
        <ele>1177.75</ele>
      </trkpt>
      <trkpt lat="41.091309" lon="-2.396934">
        <ele>1181.25</ele>
      </trkpt>
      <trkpt lat="41.093129" lon="-2.393831">
        <ele>1187.25</ele>
      </trkpt>
      <trkpt lat="41.102477" lon="-2.377777">
        <ele>1208.75</ele>
      </trkpt>
      <trkpt lat="41.111905" lon="-2.361761">
        <ele>1214.75</ele>
      </trkpt>
      <trkpt lat="41.113695" lon="-2.359056">
        <ele>1208.25</ele>
      </trkpt>
      <trkpt lat="41.115485" lon="-2.356518">
        <ele>1201</ele>
      </trkpt>
      <trkpt lat="41.116055" lon="-2.355738">
        <ele>1199</ele>
      </trkpt>
      <trkpt lat="41.116502" lon="-2.355135">
        <ele>1198.5</ele>
      </trkpt>
      <trkpt lat="41.116916" lon="-2.354544">
        <ele>1197</ele>
      </trkpt>
      <trkpt lat="41.118992" lon="-2.351682">
        <ele>1192.75</ele>
      </trkpt>
      <trkpt lat="41.120005" lon="-2.350305">
        <ele>1191.25</ele>
      </trkpt>
      <trkpt lat="41.121003" lon="-2.348919">
        <ele>1189.75</ele>
      </trkpt>
      <trkpt lat="41.124878" lon="-2.343584">
        <ele>1179</ele>
      </trkpt>
      <trkpt lat="41.128689" lon="-2.338138">
        <ele>1172.5</ele>
      </trkpt>
      <trkpt lat="41.132741" lon="-2.332127">
        <ele>1154.5</ele>
      </trkpt>
      <trkpt lat="41.141455" lon="-2.319217">
        <ele>1171.75</ele>
      </trkpt>
      <trkpt lat="41.145719" lon="-2.312865">
        <ele>1148.75</ele>
      </trkpt>
      <trkpt lat="41.146823" lon="-2.311149">
        <ele>1146</ele>
      </trkpt>
      <trkpt lat="41.147891" lon="-2.309413">
        <ele>1147.75</ele>
      </trkpt>
      <trkpt lat="41.149763" lon="-2.306103">
        <ele>1140.5</ele>
      </trkpt>
      <trkpt lat="41.158665" lon="-2.288134">
        <ele>1098.5</ele>
      </trkpt>
      <trkpt lat="41.159937" lon="-2.285888">
        <ele>1071.75</ele>
      </trkpt>
      <trkpt lat="41.161322" lon="-2.283483">
        <ele>1073.5</ele>
      </trkpt>
      <trkpt lat="41.162788" lon="-2.281005">
        <ele>1075.5</ele>
      </trkpt>
      <trkpt lat="41.164251" lon="-2.278467">
        <ele>1077.25</ele>
      </trkpt>
      <trkpt lat="41.16571" lon="-2.275779">
        <ele>1079.5</ele>
      </trkpt>
      <trkpt lat="41.166785" lon="-2.273636">
        <ele>1079.5</ele>
      </trkpt>
      <trkpt lat="41.167689" lon="-2.271729">
        <ele>1032</ele>
      </trkpt>
      <trkpt lat="41.168963" lon="-2.268778">
        <ele>1033.5</ele>
      </trkpt>
      <trkpt lat="41.169758" lon="-2.266834">
        <ele>1034.25</ele>
      </trkpt>
      <trkpt lat="41.17151" lon="-2.262042">
        <ele>1048.25</ele>
      </trkpt>
      <trkpt lat="41.173178" lon="-2.256544">
        <ele>993.25</ele>
      </trkpt>
      <trkpt lat="41.173859" lon="-2.253913">
        <ele>961.25</ele>
      </trkpt>
      <trkpt lat="41.174427" lon="-2.251562">
        <ele>997.75</ele>
      </trkpt>
      <trkpt lat="41.174941" lon="-2.249159">
        <ele>991</ele>
      </trkpt>
      <trkpt lat="41.175384" lon="-2.246837">
        <ele>979</ele>
      </trkpt>
      <trkpt lat="41.17632" lon="-2.240429">
        <ele>948.5</ele>
      </trkpt>
      <trkpt lat="41.177075" lon="-2.23226">
        <ele>966.5</ele>
      </trkpt>
      <trkpt lat="41.177885" lon="-2.224119">
        <ele>968</ele>
      </trkpt>
      <trkpt lat="41.178206" lon="-2.221889">
        <ele>956.25</ele>
      </trkpt>
      <trkpt lat="41.179253" lon="-2.216117">
        <ele>980.25</ele>
      </trkpt>
      <trkpt lat="41.179683" lon="-2.214092">
        <ele>988.5</ele>
      </trkpt>
      <trkpt lat="41.180545" lon="-2.210608">
        <ele>966.5</ele>
      </trkpt>
      <trkpt lat="41.181616" lon="-2.206856">
        <ele>982</ele>
      </trkpt>
      <trkpt lat="41.187216" lon="-2.189865">
        <ele>991.75</ele>
      </trkpt>
      <trkpt lat="41.192926" lon="-2.172759">
        <ele>954</ele>
      </trkpt>
      <trkpt lat="41.196304" lon="-2.162772">
        <ele>935.25</ele>
      </trkpt>
      <trkpt lat="41.197193" lon="-2.160399">
        <ele>922.25</ele>
      </trkpt>
      <trkpt lat="41.199153" lon="-2.155751">
        <ele>914</ele>
      </trkpt>
      <trkpt lat="41.200254" lon="-2.153362">
        <ele>903.75</ele>
      </trkpt>
      <trkpt lat="41.201279" lon="-2.15134">
        <ele>899.75</ele>
      </trkpt>
      <trkpt lat="41.203446" lon="-2.147355">
        <ele>910</ele>
      </trkpt>
      <trkpt lat="41.205955" lon="-2.143168">
        <ele>900.75</ele>
      </trkpt>
      <trkpt lat="41.206682" lon="-2.141983">
        <ele>897</ele>
      </trkpt>
      <trkpt lat="41.207744" lon="-2.140173">
        <ele>892</ele>
      </trkpt>
      <trkpt lat="41.209104" lon="-2.137729">
        <ele>886.5</ele>
      </trkpt>
      <trkpt lat="41.212038" lon="-2.131793">
        <ele>886.25</ele>
      </trkpt>
      <trkpt lat="41.212986" lon="-2.129636">
        <ele>886.25</ele>
      </trkpt>
      <trkpt lat="41.213637" lon="-2.12799">
        <ele>886.25</ele>
      </trkpt>
      <trkpt lat="41.215747" lon="-2.122206">
        <ele>886.25</ele>
      </trkpt>
      <trkpt lat="41.217217" lon="-2.117387">
        <ele>885</ele>
      </trkpt>
      <trkpt lat="41.218075" lon="-2.114088">
        <ele>884.25</ele>
      </trkpt>
      <trkpt lat="41.218647" lon="-2.111572">
        <ele>878.5</ele>
      </trkpt>
      <trkpt lat="41.220044" lon="-2.104531">
        <ele>893.5</ele>
      </trkpt>
      <trkpt lat="41.22519" lon="-2.076435">
        <ele>871.25</ele>
      </trkpt>
      <trkpt lat="41.226824" lon="-2.067511">
        <ele>877.25</ele>
      </trkpt>
      <trkpt lat="41.227304" lon="-2.064937">
        <ele>881</ele>
      </trkpt>
      <trkpt lat="41.230103" lon="-2.049837">
        <ele>867</ele>
      </trkpt>
      <trkpt lat="41.230938" lon="-2.045334">
        <ele>862.25</ele>
      </trkpt>
      <trkpt lat="41.237731" lon="-2.008689">
        <ele>874</ele>
      </trkpt>
      <trkpt lat="41.240611" lon="-1.996547">
        <ele>836.25</ele>
      </trkpt>
      <trkpt lat="41.24354" lon="-1.983838">
        <ele>832.5</ele>
      </trkpt>
      <trkpt lat="41.244441" lon="-1.979955">
        <ele>823.25</ele>
      </trkpt>
      <trkpt lat="41.24496" lon="-1.977764">
        <ele>828.75</ele>
      </trkpt>
      <trkpt lat="41.245343" lon="-1.976197">
        <ele>839.25</ele>
      </trkpt>
      <trkpt lat="41.245889" lon="-1.974148">
        <ele>835.25</ele>
      </trkpt>
      <trkpt lat="41.246411" lon="-1.972326">
        <ele>829.25</ele>
      </trkpt>
      <trkpt lat="41.247007" lon="-1.970355">
        <ele>819.75</ele>
      </trkpt>
      <trkpt lat="41.247592" lon="-1.968559">
        <ele>809.75</ele>
      </trkpt>
      <trkpt lat="41.248755" lon="-1.965293">
        <ele>804.5</ele>
      </trkpt>
      <trkpt lat="41.250044" lon="-1.96203">
        <ele>800.5</ele>
      </trkpt>
      <trkpt lat="41.250709" lon="-1.960355">
        <ele>798.5</ele>
      </trkpt>
      <trkpt lat="41.251196" lon="-1.959301">
        <ele>797.25</ele>
      </trkpt>
      <trkpt lat="41.251667" lon="-1.958306">
        <ele>796.25</ele>
      </trkpt>
      <trkpt lat="41.253068" lon="-1.955526">
        <ele>796.25</ele>
      </trkpt>
      <trkpt lat="41.258195" lon="-1.946516">
        <ele>785.5</ele>
      </trkpt>
      <trkpt lat="41.264574" lon="-1.93821">
        <ele>759.5</ele>
      </trkpt>
      <trkpt lat="41.268667" lon="-1.933034">
        <ele>737.5</ele>
      </trkpt>
      <trkpt lat="41.269977" lon="-1.930982">
        <ele>728.75</ele>
      </trkpt>
      <trkpt lat="41.270648" lon="-1.929994">
        <ele>738.25</ele>
      </trkpt>
      <trkpt lat="41.271354" lon="-1.928897">
        <ele>744.75</ele>
      </trkpt>
      <trkpt lat="41.272564" lon="-1.926952">
        <ele>738.5</ele>
      </trkpt>
      <trkpt lat="41.273825" lon="-1.924779">
        <ele>733</ele>
      </trkpt>
      <trkpt lat="41.274954" lon="-1.922725">
        <ele>728.5</ele>
      </trkpt>
      <trkpt lat="41.275543" lon="-1.921599">
        <ele>724.75</ele>
      </trkpt>
      <trkpt lat="41.27614" lon="-1.920416">
        <ele>721.5</ele>
      </trkpt>
      <trkpt lat="41.277681" lon="-1.917116">
        <ele>716.25</ele>
      </trkpt>
      <trkpt lat="41.279166" lon="-1.913805">
        <ele>717.25</ele>
      </trkpt>
      <trkpt lat="41.281336" lon="-1.908862">
        <ele>708.5</ele>
      </trkpt>
      <trkpt lat="41.282165" lon="-1.906974">
        <ele>720</ele>
      </trkpt>
      <trkpt lat="41.285143" lon="-1.900192">
        <ele>713.5</ele>
      </trkpt>
      <trkpt lat="41.286639" lon="-1.896803">
        <ele>696.5</ele>
      </trkpt>
      <trkpt lat="41.288167" lon="-1.893303">
        <ele>709</ele>
      </trkpt>
      <trkpt lat="41.290846" lon="-1.887097">
        <ele>690.5</ele>
      </trkpt>
      <trkpt lat="41.291536" lon="-1.885418">
        <ele>671</ele>
      </trkpt>
      <trkpt lat="41.295233" lon="-1.876008">
        <ele>661.5</ele>
      </trkpt>
      <trkpt lat="41.295942" lon="-1.874237">
        <ele>663.25</ele>
      </trkpt>
      <trkpt lat="41.296346" lon="-1.873234">
        <ele>659.25</ele>
      </trkpt>
      <trkpt lat="41.298047" lon="-1.868922">
        <ele>673.75</ele>
      </trkpt>
      <trkpt lat="41.301008" lon="-1.861265">
        <ele>832</ele>
      </trkpt>
      <trkpt lat="41.307989" lon="-1.843215">
        <ele>655.75</ele>
      </trkpt>
      <trkpt lat="41.308557" lon="-1.841465">
        <ele>642.5</ele>
      </trkpt>
      <trkpt lat="41.309077" lon="-1.839614">
        <ele>662.25</ele>
      </trkpt>
      <trkpt lat="41.311353" lon="-1.830083">
        <ele>676</ele>
      </trkpt>
      <trkpt lat="41.311734" lon="-1.827884">
        <ele>660.25</ele>
      </trkpt>
      <trkpt lat="41.312097" lon="-1.825682">
        <ele>673.25</ele>
      </trkpt>
      <trkpt lat="41.312676" lon="-1.821333">
        <ele>675.25</ele>
      </trkpt>
      <trkpt lat="41.313451" lon="-1.814961">
        <ele>652.25</ele>
      </trkpt>
      <trkpt lat="41.313845" lon="-1.811737">
        <ele>643.25</ele>
      </trkpt>
      <trkpt lat="41.314007" lon="-1.810356">
        <ele>634.75</ele>
      </trkpt>
      <trkpt lat="41.314716" lon="-1.804572">
        <ele>630.5</ele>
      </trkpt>
      <trkpt lat="41.314843" lon="-1.803531">
        <ele>661.25</ele>
      </trkpt>
      <trkpt lat="41.315442" lon="-1.798397">
        <ele>653.75</ele>
      </trkpt>
      <trkpt lat="41.315677" lon="-1.796033">
        <ele>635.75</ele>
      </trkpt>
      <trkpt lat="41.315797" lon="-1.794468">
        <ele>653</ele>
      </trkpt>
      <trkpt lat="41.316049" lon="-1.782508">
        <ele>635</ele>
      </trkpt>
      <trkpt lat="41.315982" lon="-1.780886">
        <ele>625.25</ele>
      </trkpt>
      <trkpt lat="41.315865" lon="-1.778691">
        <ele>619.25</ele>
      </trkpt>
      <trkpt lat="41.315513" lon="-1.774288">
        <ele>611.25</ele>
      </trkpt>
      <trkpt lat="41.315061" lon="-1.769943">
        <ele>603.5</ele>
      </trkpt>
      <trkpt lat="41.314674" lon="-1.765895">
        <ele>596.25</ele>
      </trkpt>
      <trkpt lat="41.314445" lon="-1.76243">
        <ele>590</ele>
      </trkpt>
      <trkpt lat="41.314342" lon="-1.758992">
        <ele>584</ele>
      </trkpt>
      <trkpt lat="41.314319" lon="-1.755901">
        <ele>578.5</ele>
      </trkpt>
      <trkpt lat="41.314382" lon="-1.752805">
        <ele>573</ele>
      </trkpt>
      <trkpt lat="41.314515" lon="-1.749708">
        <ele>567.5</ele>
      </trkpt>
      <trkpt lat="41.314689" lon="-1.747375">
        <ele>563.5</ele>
      </trkpt>
      <trkpt lat="41.314746" lon="-1.746616">
        <ele>563.5</ele>
      </trkpt>
      <trkpt lat="41.315034" lon="-1.743761">
        <ele>562</ele>
      </trkpt>
      <trkpt lat="41.315387" lon="-1.740939">
        <ele>562.25</ele>
      </trkpt>
      <trkpt lat="41.315814" lon="-1.738119">
        <ele>561.5</ele>
      </trkpt>
      <trkpt lat="41.316363" lon="-1.735085">
        <ele>560.5</ele>
      </trkpt>
      <trkpt lat="41.317192" lon="-1.73105">
        <ele>560.5</ele>
      </trkpt>
      <trkpt lat="41.317237" lon="-1.73081">
        <ele>560.25</ele>
      </trkpt>
      <trkpt lat="41.32052" lon="-1.715172">
        <ele>549.5</ele>
      </trkpt>
      <trkpt lat="41.320747" lon="-1.714142">
        <ele>551</ele>
      </trkpt>
      <trkpt lat="41.324628" lon="-1.695565">
        <ele>544.25</ele>
      </trkpt>
      <trkpt lat="41.327329" lon="-1.682667">
        <ele>541.25</ele>
      </trkpt>
      <trkpt lat="41.328348" lon="-1.677906">
        <ele>538.75</ele>
      </trkpt>
      <trkpt lat="41.328869" lon="-1.675624">
        <ele>537.25</ele>
      </trkpt>
      <trkpt lat="41.3295" lon="-1.67324">
        <ele>536.75</ele>
      </trkpt>
      <trkpt lat="41.329939" lon="-1.671757">
        <ele>536</ele>
      </trkpt>
      <trkpt lat="41.330459" lon="-1.670103">
        <ele>534.75</ele>
      </trkpt>
      <trkpt lat="41.330818" lon="-1.669036">
        <ele>537</ele>
      </trkpt>
      <trkpt lat="41.331516" lon="-1.66707">
        <ele>537</ele>
      </trkpt>
      <trkpt lat="41.332152" lon="-1.665419">
        <ele>538.5</ele>
      </trkpt>
      <trkpt lat="41.332749" lon="-1.663973">
        <ele>535.75</ele>
      </trkpt>
      <trkpt lat="41.333891" lon="-1.661404">
        <ele>535</ele>
      </trkpt>
      <trkpt lat="41.335039" lon="-1.659059">
        <ele>533.75</ele>
      </trkpt>
      <trkpt lat="41.337377" lon="-1.654793">
        <ele>536.25</ele>
      </trkpt>
      <trkpt lat="41.337717" lon="-1.654173">
        <ele>536.25</ele>
      </trkpt>
      <trkpt lat="41.344208" lon="-1.642377">
        <ele>531.75</ele>
      </trkpt>
      <trkpt lat="41.346049" lon="-1.639046">
        <ele>530</ele>
      </trkpt>
      <trkpt lat="41.346351" lon="-1.638509">
        <ele>529.25</ele>
      </trkpt>
      <trkpt lat="41.349081" lon="-1.633519">
        <ele>530</ele>
      </trkpt>
      <trkpt lat="41.351396" lon="-1.62931">
        <ele>525.5</ele>
      </trkpt>
      <trkpt lat="41.352109" lon="-1.627865">
        <ele>526.75</ele>
      </trkpt>
      <trkpt lat="41.352671" lon="-1.626841">
        <ele>525.75</ele>
      </trkpt>
      <trkpt lat="41.354019" lon="-1.624465">
        <ele>524.75</ele>
      </trkpt>
      <trkpt lat="41.355423" lon="-1.622047">
        <ele>524.25</ele>
      </trkpt>
      <trkpt lat="41.357673" lon="-1.618485">
        <ele>522.75</ele>
      </trkpt>
      <trkpt lat="41.360007" lon="-1.615034">
        <ele>529.5</ele>
      </trkpt>
      <trkpt lat="41.361956" lon="-1.612261">
        <ele>527</ele>
      </trkpt>
      <trkpt lat="41.362493" lon="-1.611497">
        <ele>525</ele>
      </trkpt>
      <trkpt lat="41.372461" lon="-1.597237">
        <ele>574</ele>
      </trkpt>
      <trkpt lat="41.37628" lon="-1.591784">
        <ele>576</ele>
      </trkpt>
      <trkpt lat="41.377769" lon="-1.589588">
        <ele>553.75</ele>
      </trkpt>
      <trkpt lat="41.379255" lon="-1.587456">
        <ele>565.75</ele>
      </trkpt>
      <trkpt lat="41.382309" lon="-1.583154">
        <ele>560</ele>
      </trkpt>
      <trkpt lat="41.38507" lon="-1.579755">
        <ele>555.25</ele>
      </trkpt>
      <trkpt lat="41.389209" lon="-1.574947">
        <ele>548.5</ele>
      </trkpt>
      <trkpt lat="41.391915" lon="-1.572048">
        <ele>544</ele>
      </trkpt>
      <trkpt lat="41.394703" lon="-1.569428">
        <ele>539.75</ele>
      </trkpt>
      <trkpt lat="41.398939" lon="-1.566143">
        <ele>533.5</ele>
      </trkpt>
      <trkpt lat="41.402981" lon="-1.563545">
        <ele>528</ele>
      </trkpt>
      <trkpt lat="41.406541" lon="-1.56144">
        <ele>523</ele>
      </trkpt>
      <trkpt lat="41.411148" lon="-1.5594">
        <ele>517</ele>
      </trkpt>
      <trkpt lat="41.416413" lon="-1.557683">
        <ele>510.25</ele>
      </trkpt>
      <trkpt lat="41.419594" lon="-1.556901">
        <ele>506</ele>
      </trkpt>
      <trkpt lat="41.419897" lon="-1.556848">
        <ele>506.5</ele>
      </trkpt>
      <trkpt lat="41.421689" lon="-1.556535">
        <ele>510.25</ele>
      </trkpt>
      <trkpt lat="41.423082" lon="-1.556351">
        <ele>513.25</ele>
      </trkpt>
      <trkpt lat="41.423805" lon="-1.556256">
        <ele>513.25</ele>
      </trkpt>
      <trkpt lat="41.424832" lon="-1.556153">
        <ele>520</ele>
      </trkpt>
      <trkpt lat="41.425896" lon="-1.556062">
        <ele>527.5</ele>
      </trkpt>
      <trkpt lat="41.433657" lon="-1.555584">
        <ele>526.75</ele>
      </trkpt>
      <trkpt lat="41.436139" lon="-1.555317">
        <ele>526.75</ele>
      </trkpt>
      <trkpt lat="41.437736" lon="-1.555074">
        <ele>528.75</ele>
      </trkpt>
      <trkpt lat="41.438657" lon="-1.554907">
        <ele>532</ele>
      </trkpt>
      <trkpt lat="41.440115" lon="-1.554603">
        <ele>545.5</ele>
      </trkpt>
      <trkpt lat="41.441639" lon="-1.554243">
        <ele>544.25</ele>
      </trkpt>
      <trkpt lat="41.443183" lon="-1.553821">
        <ele>543.5</ele>
      </trkpt>
      <trkpt lat="41.444668" lon="-1.553368">
        <ele>540.5</ele>
      </trkpt>
      <trkpt lat="41.446183" lon="-1.552849">
        <ele>527.5</ele>
      </trkpt>
      <trkpt lat="41.447668" lon="-1.552296">
        <ele>530</ele>
      </trkpt>
      <trkpt lat="41.448374" lon="-1.551999">
        <ele>522</ele>
      </trkpt>
      <trkpt lat="41.448722" lon="-1.551852">
        <ele>518.75</ele>
      </trkpt>
      <trkpt lat="41.449185" lon="-1.551657">
        <ele>515</ele>
      </trkpt>
      <trkpt lat="41.450657" lon="-1.551008">
        <ele>539.5</ele>
      </trkpt>
      <trkpt lat="41.455236" lon="-1.5486">
        <ele>536.5</ele>
      </trkpt>
      <trkpt lat="41.456837" lon="-1.547624">
        <ele>510.75</ele>
      </trkpt>
      <trkpt lat="41.457926" lon="-1.546902">
        <ele>499.75</ele>
      </trkpt>
      <trkpt lat="41.458155" lon="-1.54674">
        <ele>498</ele>
      </trkpt>
      <trkpt lat="41.460173" lon="-1.545317">
        <ele>489</ele>
      </trkpt>
      <trkpt lat="41.461527" lon="-1.544295">
        <ele>483.75</ele>
      </trkpt>
      <trkpt lat="41.461604" lon="-1.544236">
        <ele>484.25</ele>
      </trkpt>
      <trkpt lat="41.463101" lon="-1.54307">
        <ele>497.25</ele>
      </trkpt>
      <trkpt lat="41.464524" lon="-1.541852">
        <ele>499</ele>
      </trkpt>
      <trkpt lat="41.465927" lon="-1.540585">
        <ele>510.5</ele>
      </trkpt>
      <trkpt lat="41.472036" lon="-1.534776">
        <ele>491.5</ele>
      </trkpt>
      <trkpt lat="41.474749" lon="-1.53219">
        <ele>453.25</ele>
      </trkpt>
      <trkpt lat="41.47551" lon="-1.531475">
        <ele>451.25</ele>
      </trkpt>
      <trkpt lat="41.477407" lon="-1.529655">
        <ele>473</ele>
      </trkpt>
      <trkpt lat="41.479771" lon="-1.527336">
        <ele>462.75</ele>
      </trkpt>
      <trkpt lat="41.480128" lon="-1.52697">
        <ele>444</ele>
      </trkpt>
      <trkpt lat="41.481902" lon="-1.525065">
        <ele>440.25</ele>
      </trkpt>
      <trkpt lat="41.482267" lon="-1.524653">
        <ele>463</ele>
      </trkpt>
      <trkpt lat="41.488877" lon="-1.515993">
        <ele>462.5</ele>
      </trkpt>
      <trkpt lat="41.490066" lon="-1.514156">
        <ele>437.5</ele>
      </trkpt>
      <trkpt lat="41.491317" lon="-1.512067">
        <ele>433.75</ele>
      </trkpt>
      <trkpt lat="41.492243" lon="-1.510435">
        <ele>432.75</ele>
      </trkpt>
      <trkpt lat="41.49309" lon="-1.508835">
        <ele>429.25</ele>
      </trkpt>
      <trkpt lat="41.493882" lon="-1.507302">
        <ele>431.5</ele>
      </trkpt>
      <trkpt lat="41.494683" lon="-1.505648">
        <ele>435.25</ele>
      </trkpt>
      <trkpt lat="41.495656" lon="-1.50355">
        <ele>440.75</ele>
      </trkpt>
      <trkpt lat="41.496665" lon="-1.501192">
        <ele>449.25</ele>
      </trkpt>
      <trkpt lat="41.497611" lon="-1.498804">
        <ele>459</ele>
      </trkpt>
      <trkpt lat="41.498473" lon="-1.496496">
        <ele>463.75</ele>
      </trkpt>
      <trkpt lat="41.49933" lon="-1.493945">
        <ele>459.5</ele>
      </trkpt>
      <trkpt lat="41.500059" lon="-1.491575">
        <ele>440</ele>
      </trkpt>
      <trkpt lat="41.500135" lon="-1.491328">
        <ele>438.25</ele>
      </trkpt>
      <trkpt lat="41.502456" lon="-1.483459">
        <ele>426</ele>
      </trkpt>
      <trkpt lat="41.50335" lon="-1.480465">
        <ele>434.25</ele>
      </trkpt>
      <trkpt lat="41.505077" lon="-1.474532">
        <ele>423</ele>
      </trkpt>
      <trkpt lat="41.50685" lon="-1.468645">
        <ele>406.5</ele>
      </trkpt>
      <trkpt lat="41.507495" lon="-1.466434">
        <ele>413.5</ele>
      </trkpt>
      <trkpt lat="41.508496" lon="-1.463015">
        <ele>437.5</ele>
      </trkpt>
      <trkpt lat="41.508521" lon="-1.462872">
        <ele>445</ele>
      </trkpt>
      <trkpt lat="41.511492" lon="-1.452784">
        <ele>457.75</ele>
      </trkpt>
      <trkpt lat="41.514828" lon="-1.441415">
        <ele>473.75</ele>
      </trkpt>
      <trkpt lat="41.515955" lon="-1.437593">
        <ele>471.5</ele>
      </trkpt>
      <trkpt lat="41.518458" lon="-1.429101">
        <ele>428.5</ele>
      </trkpt>
      <trkpt lat="41.521008" lon="-1.4204">
        <ele>407.75</ele>
      </trkpt>
      <trkpt lat="41.523034" lon="-1.413524">
        <ele>428</ele>
      </trkpt>
      <trkpt lat="41.523407" lon="-1.412258">
        <ele>423.5</ele>
      </trkpt>
      <trkpt lat="41.526103" lon="-1.40311">
        <ele>391</ele>
      </trkpt>
      <trkpt lat="41.52834" lon="-1.395491">
        <ele>382</ele>
      </trkpt>
      <trkpt lat="41.528416" lon="-1.395231">
        <ele>381.5</ele>
      </trkpt>
      <trkpt lat="41.533716" lon="-1.377175">
        <ele>381</ele>
      </trkpt>
      <trkpt lat="41.53529" lon="-1.371818">
        <ele>377.75</ele>
      </trkpt>
      <trkpt lat="41.536343" lon="-1.368556">
        <ele>374.25</ele>
      </trkpt>
      <trkpt lat="41.537039" lon="-1.366574">
        <ele>373.75</ele>
      </trkpt>
      <trkpt lat="41.537706" lon="-1.364808">
        <ele>375.5</ele>
      </trkpt>
      <trkpt lat="41.539105" lon="-1.361439">
        <ele>374.25</ele>
      </trkpt>
      <trkpt lat="41.540236" lon="-1.358926">
        <ele>372.75</ele>
      </trkpt>
      <trkpt lat="41.541592" lon="-1.35616">
        <ele>367.25</ele>
      </trkpt>
      <trkpt lat="41.542616" lon="-1.354185">
        <ele>369</ele>
      </trkpt>
      <trkpt lat="41.543717" lon="-1.352198">
        <ele>364</ele>
      </trkpt>
      <trkpt lat="41.545605" lon="-1.349086">
        <ele>350.5</ele>
      </trkpt>
      <trkpt lat="41.547425" lon="-1.346339">
        <ele>351</ele>
      </trkpt>
      <trkpt lat="41.549389" lon="-1.34364">
        <ele>357.5</ele>
      </trkpt>
      <trkpt lat="41.551466" lon="-1.341019">
        <ele>357.5</ele>
      </trkpt>
      <trkpt lat="41.552835" lon="-1.339416">
        <ele>346.5</ele>
      </trkpt>
      <trkpt lat="41.555467" lon="-1.336641">
        <ele>340</ele>
      </trkpt>
      <trkpt lat="41.557583" lon="-1.334665">
        <ele>337.75</ele>
      </trkpt>
      <trkpt lat="41.559659" lon="-1.332873">
        <ele>339.5</ele>
      </trkpt>
      <trkpt lat="41.561264" lon="-1.331608">
        <ele>338.75</ele>
      </trkpt>
      <trkpt lat="41.562956" lon="-1.330369">
        <ele>342.25</ele>
      </trkpt>
      <trkpt lat="41.566417" lon="-1.327975">
        <ele>335</ele>
      </trkpt>
      <trkpt lat="41.575746" lon="-1.321559">
        <ele>341.25</ele>
      </trkpt>
      <trkpt lat="41.578304" lon="-1.319882">
        <ele>342</ele>
      </trkpt>
      <trkpt lat="41.579575" lon="-1.319101">
        <ele>341</ele>
      </trkpt>
      <trkpt lat="41.580791" lon="-1.318386">
        <ele>339.25</ele>
      </trkpt>
      <trkpt lat="41.58343" lon="-1.31698">
        <ele>338.75</ele>
      </trkpt>
      <trkpt lat="41.585725" lon="-1.315895">
        <ele>340</ele>
      </trkpt>
      <trkpt lat="41.587957" lon="-1.314981">
        <ele>341</ele>
      </trkpt>
      <trkpt lat="41.590217" lon="-1.31417">
        <ele>341.25</ele>
      </trkpt>
      <trkpt lat="41.592508" lon="-1.313466">
        <ele>341.25</ele>
      </trkpt>
      <trkpt lat="41.59447" lon="-1.312928">
        <ele>340.5</ele>
      </trkpt>
      <trkpt lat="41.596388" lon="-1.312505">
        <ele>344</ele>
      </trkpt>
      <trkpt lat="41.598091" lon="-1.31221">
        <ele>341.5</ele>
      </trkpt>
      <trkpt lat="41.600263" lon="-1.311895">
        <ele>343.5</ele>
      </trkpt>
      <trkpt lat="41.603123" lon="-1.311605">
        <ele>341.75</ele>
      </trkpt>
      <trkpt lat="41.605897" lon="-1.311483">
        <ele>323.5</ele>
      </trkpt>
      <trkpt lat="41.606763" lon="-1.311506">
        <ele>326.75</ele>
      </trkpt>
      <trkpt lat="41.608312" lon="-1.311587">
        <ele>343.75</ele>
      </trkpt>
      <trkpt lat="41.614255" lon="-1.311856">
        <ele>356</ele>
      </trkpt>
      <trkpt lat="41.617134" lon="-1.311885">
        <ele>333.25</ele>
      </trkpt>
      <trkpt lat="41.617674" lon="-1.311841">
        <ele>334</ele>
      </trkpt>
      <trkpt lat="41.6202" lon="-1.311672">
        <ele>343</ele>
      </trkpt>
      <trkpt lat="41.6226" lon="-1.311373">
        <ele>344.5</ele>
      </trkpt>
      <trkpt lat="41.624859" lon="-1.311004">
        <ele>342.25</ele>
      </trkpt>
      <trkpt lat="41.627393" lon="-1.31049">
        <ele>324.5</ele>
      </trkpt>
      <trkpt lat="41.629724" lon="-1.309863">
        <ele>319.75</ele>
      </trkpt>
      <trkpt lat="41.630644" lon="-1.309591">
        <ele>321.5</ele>
      </trkpt>
      <trkpt lat="41.632059" lon="-1.309116">
        <ele>326.75</ele>
      </trkpt>
      <trkpt lat="41.633216" lon="-1.308673">
        <ele>331.25</ele>
      </trkpt>
      <trkpt lat="41.633417" lon="-1.30861">
        <ele>332.25</ele>
      </trkpt>
      <trkpt lat="41.634591" lon="-1.308128">
        <ele>341.5</ele>
      </trkpt>
      <trkpt lat="41.637014" lon="-1.307077">
        <ele>336.25</ele>
      </trkpt>
      <trkpt lat="41.639545" lon="-1.30585">
        <ele>334.25</ele>
      </trkpt>
      <trkpt lat="41.642077" lon="-1.304407">
        <ele>334.5</ele>
      </trkpt>
      <trkpt lat="41.644027" lon="-1.303228">
        <ele>333.75</ele>
      </trkpt>
      <trkpt lat="41.646071" lon="-1.301847">
        <ele>329</ele>
      </trkpt>
      <trkpt lat="41.648059" lon="-1.30037">
        <ele>331</ele>
      </trkpt>
      <trkpt lat="41.649836" lon="-1.298968">
        <ele>331</ele>
      </trkpt>
      <trkpt lat="41.65178" lon="-1.297314">
        <ele>328.75</ele>
      </trkpt>
      <trkpt lat="41.653646" lon="-1.295572">
        <ele>321.25</ele>
      </trkpt>
      <trkpt lat="41.654431" lon="-1.29483">
        <ele>320</ele>
      </trkpt>
      <trkpt lat="41.656334" lon="-1.292877">
        <ele>318.25</ele>
      </trkpt>
      <trkpt lat="41.657318" lon="-1.291799">
        <ele>319.75</ele>
      </trkpt>
      <trkpt lat="41.659296" lon="-1.289509">
        <ele>317.5</ele>
      </trkpt>
      <trkpt lat="41.661192" lon="-1.287123">
        <ele>312.25</ele>
      </trkpt>
      <trkpt lat="41.664283" lon="-1.28281">
        <ele>305.5</ele>
      </trkpt>
      <trkpt lat="41.667016" lon="-1.27847">
        <ele>298.25</ele>
      </trkpt>
      <trkpt lat="41.668562" lon="-1.275832">
        <ele>306.25</ele>
      </trkpt>
      <trkpt lat="41.670122" lon="-1.273116">
        <ele>312.5</ele>
      </trkpt>
      <trkpt lat="41.675524" lon="-1.263928">
        <ele>309.5</ele>
      </trkpt>
      <trkpt lat="41.677577" lon="-1.260419">
        <ele>306.75</ele>
      </trkpt>
      <trkpt lat="41.680434" lon="-1.2555">
        <ele>303.75</ele>
      </trkpt>
      <trkpt lat="41.681239" lon="-1.254142">
        <ele>305.25</ele>
      </trkpt>
      <trkpt lat="41.683099" lon="-1.250918">
        <ele>301.5</ele>
      </trkpt>
      <trkpt lat="41.684315" lon="-1.248687">
        <ele>300.5</ele>
      </trkpt>
      <trkpt lat="41.685445" lon="-1.246488">
        <ele>294.25</ele>
      </trkpt>
      <trkpt lat="41.686774" lon="-1.243708">
        <ele>293.25</ele>
      </trkpt>
      <trkpt lat="41.687216" lon="-1.242718">
        <ele>295</ele>
      </trkpt>
      <trkpt lat="41.687671" lon="-1.241672">
        <ele>292.5</ele>
      </trkpt>
      <trkpt lat="41.688051" lon="-1.240774">
        <ele>291.25</ele>
      </trkpt>
      <trkpt lat="41.688852" lon="-1.238792">
        <ele>289.25</ele>
      </trkpt>
      <trkpt lat="41.689395" lon="-1.237381">
        <ele>284.25</ele>
      </trkpt>
      <trkpt lat="41.68966" lon="-1.236621">
        <ele>283.5</ele>
      </trkpt>
      <trkpt lat="41.690448" lon="-1.234442">
        <ele>279.25</ele>
      </trkpt>
      <trkpt lat="41.691203" lon="-1.232079">
        <ele>275.25</ele>
      </trkpt>
      <trkpt lat="41.691642" lon="-1.230696">
        <ele>273.75</ele>
      </trkpt>
      <trkpt lat="41.692353" lon="-1.22815">
        <ele>268.5</ele>
      </trkpt>
      <trkpt lat="41.692794" lon="-1.226465">
        <ele>267.75</ele>
      </trkpt>
      <trkpt lat="41.693114" lon="-1.225242">
        <ele>267.25</ele>
      </trkpt>
      <trkpt lat="41.693678" lon="-1.222799">
        <ele>266.5</ele>
      </trkpt>
      <trkpt lat="41.694499" lon="-1.218643">
        <ele>265</ele>
      </trkpt>
      <trkpt lat="41.695098" lon="-1.214922">
        <ele>263.75</ele>
      </trkpt>
      <trkpt lat="41.695229" lon="-1.213925">
        <ele>263.25</ele>
      </trkpt>
      <trkpt lat="41.695552" lon="-1.211206">
        <ele>262.5</ele>
      </trkpt>
      <trkpt lat="41.695713" lon="-1.209582">
        <ele>262.5</ele>
      </trkpt>
      <trkpt lat="41.695941" lon="-1.207041">
        <ele>263.75</ele>
      </trkpt>
      <trkpt lat="41.696051" lon="-1.205203">
        <ele>262.5</ele>
      </trkpt>
      <trkpt lat="41.696204" lon="-1.201949">
        <ele>263</ele>
      </trkpt>
      <trkpt lat="41.696252" lon="-1.19993">
        <ele>269</ele>
      </trkpt>
      <trkpt lat="41.696251" lon="-1.199389">
        <ele>274.5</ele>
      </trkpt>
      <trkpt lat="41.696263" lon="-1.19672">
        <ele>283.25</ele>
      </trkpt>
      <trkpt lat="41.696212" lon="-1.194634">
        <ele>285.25</ele>
      </trkpt>
      <trkpt lat="41.696104" lon="-1.192215">
        <ele>292</ele>
      </trkpt>
      <trkpt lat="41.695841" lon="-1.188545">
        <ele>290.75</ele>
      </trkpt>
      <trkpt lat="41.695581" lon="-1.185959">
        <ele>282.75</ele>
      </trkpt>
      <trkpt lat="41.695474" lon="-1.185083">
        <ele>280.5</ele>
      </trkpt>
      <trkpt lat="41.695018" lon="-1.181526">
        <ele>288.75</ele>
      </trkpt>
      <trkpt lat="41.694512" lon="-1.178433">
        <ele>304.5</ele>
      </trkpt>
      <trkpt lat="41.694056" lon="-1.176041">
        <ele>300.75</ele>
      </trkpt>
      <trkpt lat="41.693714" lon="-1.17444">
        <ele>297.25</ele>
      </trkpt>
      <trkpt lat="41.693044" lon="-1.171495">
        <ele>292.5</ele>
      </trkpt>
      <trkpt lat="41.692304" lon="-1.168628">
        <ele>287.75</ele>
      </trkpt>
      <trkpt lat="41.691156" lon="-1.164643">
        <ele>283</ele>
      </trkpt>
      <trkpt lat="41.686823" lon="-1.149978">
        <ele>279.5</ele>
      </trkpt>
      <trkpt lat="41.684154" lon="-1.140977">
        <ele>278</ele>
      </trkpt>
      <trkpt lat="41.682003" lon="-1.133778">
        <ele>278</ele>
      </trkpt>
      <trkpt lat="41.680862" lon="-1.130292">
        <ele>279</ele>
      </trkpt>
      <trkpt lat="41.679737" lon="-1.127029">
        <ele>276.25</ele>
      </trkpt>
      <trkpt lat="41.677673" lon="-1.121585">
        <ele>279.25</ele>
      </trkpt>
      <trkpt lat="41.675483" lon="-1.116372">
        <ele>276.25</ele>
      </trkpt>
      <trkpt lat="41.674562" lon="-1.114306">
        <ele>274.75</ele>
      </trkpt>
      <trkpt lat="41.673638" lon="-1.112299">
        <ele>274.25</ele>
      </trkpt>
      <trkpt lat="41.672437" lon="-1.109828">
        <ele>275.25</ele>
      </trkpt>
      <trkpt lat="41.670647" lon="-1.106321">
        <ele>277.5</ele>
      </trkpt>
      <trkpt lat="41.663776" lon="-1.093387">
        <ele>281</ele>
      </trkpt>
      <trkpt lat="41.657287" lon="-1.081107">
        <ele>284.25</ele>
      </trkpt>
      <trkpt lat="41.648961" lon="-1.065381">
        <ele>295.25</ele>
      </trkpt>
      <trkpt lat="41.647833" lon="-1.063223">
        <ele>297</ele>
      </trkpt>
      <trkpt lat="41.646332" lon="-1.060402">
        <ele>301</ele>
      </trkpt>
      <trkpt lat="41.64427" lon="-1.056458">
        <ele>302.25</ele>
      </trkpt>
      <trkpt lat="41.642819" lon="-1.053415">
        <ele>305.75</ele>
      </trkpt>
      <trkpt lat="41.641065" lon="-1.049375">
        <ele>306.75</ele>
      </trkpt>
      <trkpt lat="41.639646" lon="-1.045675">
        <ele>306</ele>
      </trkpt>
      <trkpt lat="41.639022" lon="-1.043906">
        <ele>304.5</ele>
      </trkpt>
      <trkpt lat="41.638223" lon="-1.041458">
        <ele>304.25</ele>
      </trkpt>
      <trkpt lat="41.637569" lon="-1.039291">
        <ele>302.75</ele>
      </trkpt>
      <trkpt lat="41.637256" lon="-1.038188">
        <ele>304.5</ele>
      </trkpt>
      <trkpt lat="41.636949" lon="-1.037061">
        <ele>302.5</ele>
      </trkpt>
      <trkpt lat="41.636743" lon="-1.036278">
        <ele>299.75</ele>
      </trkpt>
      <trkpt lat="41.636538" lon="-1.035475">
        <ele>297.75</ele>
      </trkpt>
      <trkpt lat="41.636338" lon="-1.03466">
        <ele>295.75</ele>
      </trkpt>
      <trkpt lat="41.636138" lon="-1.033829">
        <ele>294.25</ele>
      </trkpt>
      <trkpt lat="41.635768" lon="-1.032211">
        <ele>297.5</ele>
      </trkpt>
      <trkpt lat="41.635401" lon="-1.030549">
        <ele>297.25</ele>
      </trkpt>
      <trkpt lat="41.634647" lon="-1.027099">
        <ele>294</ele>
      </trkpt>
      <trkpt lat="41.63352" lon="-1.021903">
        <ele>294.5</ele>
      </trkpt>
      <trkpt lat="41.631038" lon="-1.010517">
        <ele>305.5</ele>
      </trkpt>
      <trkpt lat="41.630583" lon="-1.008548">
        <ele>300.25</ele>
      </trkpt>
      <trkpt lat="41.630123" lon="-1.006681">
        <ele>298.5</ele>
      </trkpt>
      <trkpt lat="41.629468" lon="-1.004188">
        <ele>301.5</ele>
      </trkpt>
      <trkpt lat="41.628584" lon="-1.001218">
        <ele>300</ele>
      </trkpt>
      <trkpt lat="41.628027" lon="-0.99953">
        <ele>297.25</ele>
      </trkpt>
      <trkpt lat="41.627518" lon="-0.998036">
        <ele>297</ele>
      </trkpt>
      <trkpt lat="41.627058" lon="-0.996736">
        <ele>292</ele>
      </trkpt>
      <trkpt lat="41.626589" lon="-0.995476">
        <ele>286.75</ele>
      </trkpt>
      <trkpt lat="41.626178" lon="-0.994404">
        <ele>285.75</ele>
      </trkpt>
      <trkpt lat="41.625884" lon="-0.993647">
        <ele>285.75</ele>
      </trkpt>
      <trkpt lat="41.624443" lon="-0.990068">
        <ele>283.5</ele>
      </trkpt>
      <trkpt lat="41.623849" lon="-0.988588">
        <ele>281.25</ele>
      </trkpt>
      <trkpt lat="41.62336" lon="-0.987344">
        <ele>281.25</ele>
      </trkpt>
      <trkpt lat="41.622881" lon="-0.98606">
        <ele>279.75</ele>
      </trkpt>
      <trkpt lat="41.622328" lon="-0.984547">
        <ele>282</ele>
      </trkpt>
      <trkpt lat="41.621795" lon="-0.983024">
        <ele>284.5</ele>
      </trkpt>
      <trkpt lat="41.621168" lon="-0.981116">
        <ele>285.75</ele>
      </trkpt>
      <trkpt lat="41.620577" lon="-0.979158">
        <ele>295</ele>
      </trkpt>
      <trkpt lat="41.620146" lon="-0.977681">
        <ele>291.5</ele>
      </trkpt>
      <trkpt lat="41.619701" lon="-0.976051">
        <ele>290.25</ele>
      </trkpt>
      <trkpt lat="41.619305" lon="-0.974486">
        <ele>292.75</ele>
      </trkpt>
      <trkpt lat="41.618834" lon="-0.972507">
        <ele>302</ele>
      </trkpt>
      <trkpt lat="41.618394" lon="-0.970488">
        <ele>295.25</ele>
      </trkpt>
      <trkpt lat="41.617788" lon="-0.967541">
        <ele>300.5</ele>
      </trkpt>
      <trkpt lat="41.614781" lon="-0.952689">
        <ele>299.75</ele>
      </trkpt>
      <trkpt lat="41.613945" lon="-0.948622">
        <ele>306.75</ele>
      </trkpt>
      <trkpt lat="41.613737" lon="-0.947551">
        <ele>307.5</ele>
      </trkpt>
      <trkpt lat="41.613406" lon="-0.945896">
        <ele>302.75</ele>
      </trkpt>
      <trkpt lat="41.613326" lon="-0.945502">
        <ele>303.25</ele>
      </trkpt>
      <trkpt lat="41.611705" lon="-0.937519">
        <ele>288.25</ele>
      </trkpt>
      <trkpt lat="41.61113" lon="-0.934601">
        <ele>279.5</ele>
      </trkpt>
      <trkpt lat="41.610802" lon="-0.932938">
        <ele>275.5</ele>
      </trkpt>
      <trkpt lat="41.610322" lon="-0.930661">
        <ele>289.25</ele>
      </trkpt>
      <trkpt lat="41.610087" lon="-0.929496">
        <ele>283.5</ele>
      </trkpt>
      <trkpt lat="41.607402" lon="-0.91628">
        <ele>282.75</ele>
      </trkpt>
      <trkpt lat="41.605396" lon="-0.906424">
        <ele>298.75</ele>
      </trkpt>
      <trkpt lat="41.605083" lon="-0.904819">
        <ele>305.75</ele>
      </trkpt>
      <trkpt lat="41.604769" lon="-0.903145">
        <ele>306.25</ele>
      </trkpt>
      <trkpt lat="41.604489" lon="-0.901525">
        <ele>305</ele>
      </trkpt>
      <trkpt lat="41.604342" lon="-0.900621">
        <ele>304</ele>
      </trkpt>
      <trkpt lat="41.604214" lon="-0.899788">
        <ele>301.75</ele>
      </trkpt>
      <trkpt lat="41.603983" lon="-0.898186">
        <ele>302.5</ele>
      </trkpt>
      <trkpt lat="41.603734" lon="-0.896206">
        <ele>298.75</ele>
      </trkpt>
      <trkpt lat="41.603481" lon="-0.893831">
        <ele>288</ele>
      </trkpt>
      <trkpt lat="41.603313" lon="-0.891922">
        <ele>286.5</ele>
      </trkpt>
      <trkpt lat="41.603185" lon="-0.890141">
        <ele>291</ele>
      </trkpt>
      <trkpt lat="41.603111" lon="-0.888865">
        <ele>295.75</ele>
      </trkpt>
      <trkpt lat="41.603068" lon="-0.887994">
        <ele>298</ele>
      </trkpt>
      <trkpt lat="41.603034" lon="-0.887161">
        <ele>297.25</ele>
      </trkpt>
      <trkpt lat="41.602982" lon="-0.885503">
        <ele>294</ele>
      </trkpt>
      <trkpt lat="41.602965" lon="-0.884633">
        <ele>291.75</ele>
      </trkpt>
      <trkpt lat="41.602947" lon="-0.882671">
        <ele>286.75</ele>
      </trkpt>
      <trkpt lat="41.602949" lon="-0.881885">
        <ele>284.25</ele>
      </trkpt>
      <trkpt lat="41.603009" lon="-0.875757">
        <ele>294.75</ele>
      </trkpt>
      <trkpt lat="41.603011" lon="-0.873998">
        <ele>285</ele>
      </trkpt>
      <trkpt lat="41.602986" lon="-0.872238">
        <ele>275.75</ele>
      </trkpt>
      <trkpt lat="41.60295" lon="-0.87099">
        <ele>277.5</ele>
      </trkpt>
      <trkpt lat="41.602883" lon="-0.869303">
        <ele>282</ele>
      </trkpt>
      <trkpt lat="41.602787" lon="-0.867575">
        <ele>279</ele>
      </trkpt>
      <trkpt lat="41.602723" lon="-0.86664">
        <ele>281.25</ele>
      </trkpt>
      <trkpt lat="41.602654" lon="-0.865737">
        <ele>275.75</ele>
      </trkpt>
      <trkpt lat="41.602539" lon="-0.864426">
        <ele>268.5</ele>
      </trkpt>
      <trkpt lat="41.602406" lon="-0.863081">
        <ele>265.75</ele>
      </trkpt>
      <trkpt lat="41.602293" lon="-0.862082">
        <ele>264</ele>
      </trkpt>
      <trkpt lat="41.602178" lon="-0.861122">
        <ele>259</ele>
      </trkpt>
      <trkpt lat="41.601969" lon="-0.859548">
        <ele>257.75</ele>
      </trkpt>
      <trkpt lat="41.601723" lon="-0.857895">
        <ele>258.75</ele>
      </trkpt>
      <trkpt lat="41.601442" lon="-0.856191">
        <ele>258.25</ele>
      </trkpt>
      <trkpt lat="41.60114" lon="-0.854533">
        <ele>256</ele>
      </trkpt>
      <trkpt lat="41.600808" lon="-0.852856">
        <ele>251.75</ele>
      </trkpt>
      <trkpt lat="41.600562" lon="-0.851701">
        <ele>244.75</ele>
      </trkpt>
      <trkpt lat="41.600313" lon="-0.850587">
        <ele>244</ele>
      </trkpt>
      <trkpt lat="41.59999" lon="-0.849232">
        <ele>242.75</ele>
      </trkpt>
      <trkpt lat="41.59964" lon="-0.847856">
        <ele>234.5</ele>
      </trkpt>
      <trkpt lat="41.59921" lon="-0.84625">
        <ele>227</ele>
      </trkpt>
      <trkpt lat="41.598763" lon="-0.844695">
        <ele>230.5</ele>
      </trkpt>
      <trkpt lat="41.598499" lon="-0.843811">
        <ele>228.75</ele>
      </trkpt>
      <trkpt lat="41.598216" lon="-0.8429">
        <ele>224</ele>
      </trkpt>
      <trkpt lat="41.597647" lon="-0.841154">
        <ele>227.5</ele>
      </trkpt>
      <trkpt lat="41.597293" lon="-0.840132">
        <ele>230</ele>
      </trkpt>
      <trkpt lat="41.596933" lon="-0.839116">
        <ele>230.25</ele>
      </trkpt>
      <trkpt lat="41.596183" lon="-0.837119">
        <ele>220.5</ele>
      </trkpt>
      <trkpt lat="41.595099" lon="-0.83445">
        <ele>234.5</ele>
      </trkpt>
      <trkpt lat="41.594702" lon="-0.833527">
        <ele>241</ele>
      </trkpt>
      <trkpt lat="41.594325" lon="-0.832678">
        <ele>241.75</ele>
      </trkpt>
      <trkpt lat="41.593949" lon="-0.831851">
        <ele>237.75</ele>
      </trkpt>
      <trkpt lat="41.593319" lon="-0.830516">
        <ele>241.5</ele>
      </trkpt>
      <trkpt lat="41.592663" lon="-0.829185">
        <ele>243.5</ele>
      </trkpt>
      <trkpt lat="41.592018" lon="-0.827923">
        <ele>235.25</ele>
      </trkpt>
      <trkpt lat="41.591374" lon="-0.82671">
        <ele>229</ele>
      </trkpt>
      <trkpt lat="41.590933" lon="-0.825912">
        <ele>227.5</ele>
      </trkpt>
      <trkpt lat="41.590411" lon="-0.824994">
        <ele>238.5</ele>
      </trkpt>
      <trkpt lat="41.589861" lon="-0.824051">
        <ele>243.25</ele>
      </trkpt>
      <trkpt lat="41.588971" lon="-0.822581">
        <ele>239.75</ele>
      </trkpt>
      <trkpt lat="41.588331" lon="-0.821574">
        <ele>237.25</ele>
      </trkpt>
      <trkpt lat="41.58775" lon="-0.820678">
        <ele>234.75</ele>
      </trkpt>
      <trkpt lat="41.58666" lon="-0.819075">
        <ele>235</ele>
      </trkpt>
      <trkpt lat="41.585594" lon="-0.817584">
        <ele>236</ele>
      </trkpt>
      <trkpt lat="41.583164" lon="-0.814289">
        <ele>230.75</ele>
      </trkpt>
      <trkpt lat="41.582725" lon="-0.81369">
        <ele>232.75</ele>
      </trkpt>
      <trkpt lat="41.582143" lon="-0.812902">
        <ele>236.25</ele>
      </trkpt>
      <trkpt lat="41.581549" lon="-0.812079">
        <ele>241.5</ele>
      </trkpt>
      <trkpt lat="41.580875" lon="-0.811127">
        <ele>245.5</ele>
      </trkpt>
      <trkpt lat="41.580197" lon="-0.81014">
        <ele>247.5</ele>
      </trkpt>
      <trkpt lat="41.579594" lon="-0.809232">
        <ele>247.75</ele>
      </trkpt>
      <trkpt lat="41.578969" lon="-0.808263">
        <ele>248.75</ele>
      </trkpt>
      <trkpt lat="41.578372" lon="-0.807307">
        <ele>247.5</ele>
      </trkpt>
      <trkpt lat="41.577781" lon="-0.806335">
        <ele>246.75</ele>
      </trkpt>
      <trkpt lat="41.577226" lon="-0.80539">
        <ele>243</ele>
      </trkpt>
      <trkpt lat="41.576664" lon="-0.80441">
        <ele>245.25</ele>
      </trkpt>
      <trkpt lat="41.576121" lon="-0.803425">
        <ele>247</ele>
      </trkpt>
      <trkpt lat="41.575572" lon="-0.802409">
        <ele>247.5</ele>
      </trkpt>
      <trkpt lat="41.574346" lon="-0.800008">
        <ele>246.5</ele>
      </trkpt>
      <trkpt lat="41.57313" lon="-0.797548">
        <ele>241.25</ele>
      </trkpt>
      <trkpt lat="41.561883" lon="-0.7747">
        <ele>266</ele>
      </trkpt>
      <trkpt lat="41.557085" lon="-0.764983">
        <ele>251.75</ele>
      </trkpt>
      <trkpt lat="41.556408" lon="-0.763614">
        <ele>251</ele>
      </trkpt>
      <trkpt lat="41.554905" lon="-0.76077">
        <ele>260.75</ele>
      </trkpt>
      <trkpt lat="41.553637" lon="-0.758272">
        <ele>278.75</ele>
      </trkpt>
      <trkpt lat="41.552545" lon="-0.756028">
        <ele>270</ele>
      </trkpt>
      <trkpt lat="41.551613" lon="-0.753979">
        <ele>254.5</ele>
      </trkpt>
      <trkpt lat="41.550602" lon="-0.751962">
        <ele>260.5</ele>
      </trkpt>
      <trkpt lat="41.549205" lon="-0.749119">
        <ele>258.75</ele>
      </trkpt>
      <trkpt lat="41.548345" lon="-0.747306">
        <ele>267.75</ele>
      </trkpt>
      <trkpt lat="41.543335" lon="-0.737382">
        <ele>239.75</ele>
      </trkpt>
      <trkpt lat="41.54217" lon="-0.734892">
        <ele>266.25</ele>
      </trkpt>
      <trkpt lat="41.540974" lon="-0.732446">
        <ele>276.25</ele>
      </trkpt>
      <trkpt lat="41.540171" lon="-0.730773">
        <ele>276.75</ele>
      </trkpt>
      <trkpt lat="41.538613" lon="-0.727618">
        <ele>286.5</ele>
      </trkpt>
      <trkpt lat="41.534863" lon="-0.720848">
        <ele>288.5</ele>
      </trkpt>
      <trkpt lat="41.533923" lon="-0.719196">
        <ele>310.25</ele>
      </trkpt>
      <trkpt lat="41.532052" lon="-0.716332">
        <ele>302.75</ele>
      </trkpt>
      <trkpt lat="41.530758" lon="-0.71454">
        <ele>299</ele>
      </trkpt>
      <trkpt lat="41.529168" lon="-0.712394">
        <ele>305</ele>
      </trkpt>
      <trkpt lat="41.527465" lon="-0.710323">
        <ele>306.75</ele>
      </trkpt>
      <trkpt lat="41.526614" lon="-0.709261">
        <ele>301.25</ele>
      </trkpt>
      <trkpt lat="41.523867" lon="-0.706322">
        <ele>300.5</ele>
      </trkpt>
      <trkpt lat="41.521935" lon="-0.704171">
        <ele>302</ele>
      </trkpt>
      <trkpt lat="41.52152" lon="-0.703712">
        <ele>300</ele>
      </trkpt>
      <trkpt lat="41.519128" lon="-0.701161">
        <ele>281.75</ele>
      </trkpt>
      <trkpt lat="41.517989" lon="-0.699947">
        <ele>280.5</ele>
      </trkpt>
      <trkpt lat="41.517293" lon="-0.699192">
        <ele>299.5</ele>
      </trkpt>
      <trkpt lat="41.516042" lon="-0.69778">
        <ele>304.5</ele>
      </trkpt>
      <trkpt lat="41.514114" lon="-0.695461">
        <ele>314.25</ele>
      </trkpt>
      <trkpt lat="41.512932" lon="-0.693897">
        <ele>312.75</ele>
      </trkpt>
      <trkpt lat="41.511615" lon="-0.692049">
        <ele>302.75</ele>
      </trkpt>
      <trkpt lat="41.510477" lon="-0.690353">
        <ele>293.5</ele>
      </trkpt>
      <trkpt lat="41.509631" lon="-0.689011">
        <ele>287.5</ele>
      </trkpt>
      <trkpt lat="41.50875" lon="-0.687527">
        <ele>296</ele>
      </trkpt>
      <trkpt lat="41.50823" lon="-0.686625">
        <ele>304.25</ele>
      </trkpt>
      <trkpt lat="41.507439" lon="-0.685188">
        <ele>313</ele>
      </trkpt>
      <trkpt lat="41.506743" lon="-0.683864">
        <ele>308.25</ele>
      </trkpt>
      <trkpt lat="41.505728" lon="-0.681816">
        <ele>302.25</ele>
      </trkpt>
      <trkpt lat="41.504963" lon="-0.680162">
        <ele>293</ele>
      </trkpt>
      <trkpt lat="41.503945" lon="-0.677782">
        <ele>313.5</ele>
      </trkpt>
      <trkpt lat="41.503421" lon="-0.676456">
        <ele>322.5</ele>
      </trkpt>
      <trkpt lat="41.50252" lon="-0.674051">
        <ele>323.75</ele>
      </trkpt>
      <trkpt lat="41.50154" lon="-0.67109">
        <ele>306.5</ele>
      </trkpt>
      <trkpt lat="41.501114" lon="-0.669682">
        <ele>297.5</ele>
      </trkpt>
      <trkpt lat="41.500756" lon="-0.668334">
        <ele>289.5</ele>
      </trkpt>
      <trkpt lat="41.500433" lon="-0.667083">
        <ele>287.5</ele>
      </trkpt>
      <trkpt lat="41.49967" lon="-0.663822">
        <ele>282.25</ele>
      </trkpt>
      <trkpt lat="41.499112" lon="-0.661003">
        <ele>278</ele>
      </trkpt>
      <trkpt lat="41.498686" lon="-0.65861">
        <ele>274.25</ele>
      </trkpt>
      <trkpt lat="41.49794" lon="-0.653459">
        <ele>266.25</ele>
      </trkpt>
      <trkpt lat="41.497818" lon="-0.652357">
        <ele>266.5</ele>
      </trkpt>
      <trkpt lat="41.497638" lon="-0.650078">
        <ele>283.5</ele>
      </trkpt>
      <trkpt lat="41.497516" lon="-0.648129">
        <ele>279.25</ele>
      </trkpt>
      <trkpt lat="41.497417" lon="-0.645364">
        <ele>268</ele>
      </trkpt>
      <trkpt lat="41.497406" lon="-0.643543">
        <ele>269.25</ele>
      </trkpt>
      <trkpt lat="41.497423" lon="-0.641587">
        <ele>269.5</ele>
      </trkpt>
      <trkpt lat="41.49749" lon="-0.639311">
        <ele>261.5</ele>
      </trkpt>
      <trkpt lat="41.497636" lon="-0.636716">
        <ele>248</ele>
      </trkpt>
      <trkpt lat="41.497826" lon="-0.634414">
        <ele>237.25</ele>
      </trkpt>
      <trkpt lat="41.49805" lon="-0.632347">
        <ele>232</ele>
      </trkpt>
      <trkpt lat="41.498328" lon="-0.630198">
        <ele>230.25</ele>
      </trkpt>
      <trkpt lat="41.498675" lon="-0.62794">
        <ele>225</ele>
      </trkpt>
      <trkpt lat="41.499059" lon="-0.625792">
        <ele>217.5</ele>
      </trkpt>
      <trkpt lat="41.499441" lon="-0.623906">
        <ele>209.5</ele>
      </trkpt>
      <trkpt lat="41.499831" lon="-0.622111">
        <ele>202.25</ele>
      </trkpt>
      <trkpt lat="41.500278" lon="-0.620277">
        <ele>203</ele>
      </trkpt>
      <trkpt lat="41.500813" lon="-0.618268">
        <ele>222.5</ele>
      </trkpt>
      <trkpt lat="41.501425" lon="-0.616155">
        <ele>210.25</ele>
      </trkpt>
      <trkpt lat="41.50226" lon="-0.613614">
        <ele>199.5</ele>
      </trkpt>
      <trkpt lat="41.504214" lon="-0.608092">
        <ele>190</ele>
      </trkpt>
      <trkpt lat="41.504622" lon="-0.606951">
        <ele>188.75</ele>
      </trkpt>
      <trkpt lat="41.509239" lon="-0.594018">
        <ele>174</ele>
      </trkpt>
      <trkpt lat="41.509317" lon="-0.593803">
        <ele>174.25</ele>
      </trkpt>
      <trkpt lat="41.510408" lon="-0.590772">
        <ele>169.5</ele>
      </trkpt>
      <trkpt lat="41.51104" lon="-0.588989">
        <ele>164.75</ele>
      </trkpt>
      <trkpt lat="41.51179" lon="-0.586919">
        <ele>163</ele>
      </trkpt>
      <trkpt lat="41.51258" lon="-0.584877">
        <ele>160</ele>
      </trkpt>
      <trkpt lat="41.513235" lon="-0.583243">
        <ele>159.75</ele>
      </trkpt>
      <trkpt lat="41.515046" lon="-0.57912">
        <ele>159.75</ele>
      </trkpt>
      <trkpt lat="41.515609" lon="-0.577899">
        <ele>158.75</ele>
      </trkpt>
      <trkpt lat="41.518278" lon="-0.572227">
        <ele>160</ele>
      </trkpt>
      <trkpt lat="41.520411" lon="-0.567687">
        <ele>158</ele>
      </trkpt>
      <trkpt lat="41.522009" lon="-0.56424">
        <ele>169.75</ele>
      </trkpt>
      <trkpt lat="41.523138" lon="-0.561689">
        <ele>171.5</ele>
      </trkpt>
      <trkpt lat="41.524023" lon="-0.559537">
        <ele>169</ele>
      </trkpt>
      <trkpt lat="41.525022" lon="-0.556869">
        <ele>170.25</ele>
      </trkpt>
      <trkpt lat="41.525109" lon="-0.55661">
        <ele>170.25</ele>
      </trkpt>
      <trkpt lat="41.525818" lon="-0.554481">
        <ele>172.75</ele>
      </trkpt>
      <trkpt lat="41.526362" lon="-0.552748">
        <ele>172.5</ele>
      </trkpt>
      <trkpt lat="41.526936" lon="-0.550667">
        <ele>171.75</ele>
      </trkpt>
      <trkpt lat="41.52734" lon="-0.549165">
        <ele>172</ele>
      </trkpt>
      <trkpt lat="41.527902" lon="-0.546849">
        <ele>175</ele>
      </trkpt>
      <trkpt lat="41.528225" lon="-0.545316">
        <ele>179</ele>
      </trkpt>
      <trkpt lat="41.528646" lon="-0.543169">
        <ele>190.5</ele>
      </trkpt>
      <trkpt lat="41.528967" lon="-0.541311">
        <ele>203.25</ele>
      </trkpt>
      <trkpt lat="41.52926" lon="-0.53933">
        <ele>214.25</ele>
      </trkpt>
      <trkpt lat="41.529619" lon="-0.536594">
        <ele>218</ele>
      </trkpt>
      <trkpt lat="41.532335" lon="-0.512242">
        <ele>228.75</ele>
      </trkpt>
      <trkpt lat="41.532497" lon="-0.510748">
        <ele>230</ele>
      </trkpt>
      <trkpt lat="41.533809" lon="-0.498888">
        <ele>271.25</ele>
      </trkpt>
      <trkpt lat="41.535272" lon="-0.485666">
        <ele>274.75</ele>
      </trkpt>
      <trkpt lat="41.535603" lon="-0.482606">
        <ele>257.75</ele>
      </trkpt>
      <trkpt lat="41.535759" lon="-0.4811">
        <ele>247.5</ele>
      </trkpt>
      <trkpt lat="41.536037" lon="-0.47811">
        <ele>239</ele>
      </trkpt>
      <trkpt lat="41.536169" lon="-0.476464">
        <ele>243.5</ele>
      </trkpt>
      <trkpt lat="41.536302" lon="-0.474484">
        <ele>251.75</ele>
      </trkpt>
      <trkpt lat="41.536403" lon="-0.472706">
        <ele>249</ele>
      </trkpt>
      <trkpt lat="41.536487" lon="-0.470824">
        <ele>240.75</ele>
      </trkpt>
      <trkpt lat="41.536543" lon="-0.468902">
        <ele>239.5</ele>
      </trkpt>
      <trkpt lat="41.536579" lon="-0.467061">
        <ele>238.5</ele>
      </trkpt>
      <trkpt lat="41.536587" lon="-0.463695">
        <ele>237.75</ele>
      </trkpt>
      <trkpt lat="41.536528" lon="-0.459371">
        <ele>240.25</ele>
      </trkpt>
      <trkpt lat="41.5361" lon="-0.433167">
        <ele>259</ele>
      </trkpt>
      <trkpt lat="41.536051" lon="-0.430282">
        <ele>261.5</ele>
      </trkpt>
      <trkpt lat="41.536044" lon="-0.42988">
        <ele>262</ele>
      </trkpt>
      <trkpt lat="41.535608" lon="-0.404271">
        <ele>307.5</ele>
      </trkpt>
      <trkpt lat="41.535463" lon="-0.395757">
        <ele>325</ele>
      </trkpt>
      <trkpt lat="41.535354" lon="-0.391509">
        <ele>325</ele>
      </trkpt>
      <trkpt lat="41.53516" lon="-0.387444">
        <ele>330</ele>
      </trkpt>
      <trkpt lat="41.5346" lon="-0.37925">
        <ele>317.5</ele>
      </trkpt>
      <trkpt lat="41.53366" lon="-0.366456">
        <ele>295.25</ele>
      </trkpt>
      <trkpt lat="41.533254" lon="-0.36092">
        <ele>298.5</ele>
      </trkpt>
      <trkpt lat="41.533006" lon="-0.357547">
        <ele>296.5</ele>
      </trkpt>
      <trkpt lat="41.532394" lon="-0.349207">
        <ele>301.75</ele>
      </trkpt>
      <trkpt lat="41.532138" lon="-0.345721">
        <ele>302</ele>
      </trkpt>
      <trkpt lat="41.53211" lon="-0.344779">
        <ele>303</ele>
      </trkpt>
      <trkpt lat="41.532052" lon="-0.343988">
        <ele>303</ele>
      </trkpt>
      <trkpt lat="41.531923" lon="-0.342239">
        <ele>304</ele>
      </trkpt>
      <trkpt lat="41.530674" lon="-0.325263">
        <ele>321.75</ele>
      </trkpt>
      <trkpt lat="41.530249" lon="-0.319418">
        <ele>321.5</ele>
      </trkpt>
      <trkpt lat="41.530024" lon="-0.316297">
        <ele>325.75</ele>
      </trkpt>
      <trkpt lat="41.529839" lon="-0.313451">
        <ele>329.5</ele>
      </trkpt>
      <trkpt lat="41.529705" lon="-0.310527">
        <ele>327.25</ele>
      </trkpt>
      <trkpt lat="41.529618" lon="-0.307482">
        <ele>327</ele>
      </trkpt>
      <trkpt lat="41.529552" lon="-0.297212">
        <ele>331</ele>
      </trkpt>
      <trkpt lat="41.5294" lon="-0.257686">
        <ele>376.25</ele>
      </trkpt>
      <trkpt lat="41.52925" lon="-0.224349">
        <ele>402.75</ele>
      </trkpt>
      <trkpt lat="41.529171" lon="-0.217202">
        <ele>394.5</ele>
      </trkpt>
      <trkpt lat="41.529062" lon="-0.213513">
        <ele>398.25</ele>
      </trkpt>
      <trkpt lat="41.528921" lon="-0.20986">
        <ele>396.25</ele>
      </trkpt>
      <trkpt lat="41.52879" lon="-0.207368">
        <ele>397.5</ele>
      </trkpt>
      <trkpt lat="41.528651" lon="-0.204923">
        <ele>394.5</ele>
      </trkpt>
      <trkpt lat="41.528334" lon="-0.199878">
        <ele>386</ele>
      </trkpt>
      <trkpt lat="41.528114" lon="-0.195946">
        <ele>385.75</ele>
      </trkpt>
      <trkpt lat="41.527931" lon="-0.192036">
        <ele>375</ele>
      </trkpt>
      <trkpt lat="41.527913" lon="-0.191598">
        <ele>374.5</ele>
      </trkpt>
      <trkpt lat="41.52782" lon="-0.189238">
        <ele>377.75</ele>
      </trkpt>
      <trkpt lat="41.527455" lon="-0.178264">
        <ele>375</ele>
      </trkpt>
      <trkpt lat="41.527027" lon="-0.164935">
        <ele>356.25</ele>
      </trkpt>
      <trkpt lat="41.526707" lon="-0.155102">
        <ele>353.75</ele>
      </trkpt>
      <trkpt lat="41.526327" lon="-0.143492">
        <ele>352</ele>
      </trkpt>
      <trkpt lat="41.526318" lon="-0.143114">
        <ele>353.25</ele>
      </trkpt>
      <trkpt lat="41.526246" lon="-0.139739">
        <ele>358.75</ele>
      </trkpt>
      <trkpt lat="41.526219" lon="-0.138057">
        <ele>359</ele>
      </trkpt>
      <trkpt lat="41.526203" lon="-0.13633">
        <ele>358.75</ele>
      </trkpt>
      <trkpt lat="41.526209" lon="-0.131139">
        <ele>352.25</ele>
      </trkpt>
      <trkpt lat="41.526223" lon="-0.129958">
        <ele>350</ele>
      </trkpt>
      <trkpt lat="41.526289" lon="-0.126564">
        <ele>345.25</ele>
      </trkpt>
      <trkpt lat="41.526358" lon="-0.124002">
        <ele>338.25</ele>
      </trkpt>
      <trkpt lat="41.526381" lon="-0.123351">
        <ele>338.75</ele>
      </trkpt>
      <trkpt lat="41.527183" lon="-0.096423">
        <ele>352.25</ele>
      </trkpt>
      <trkpt lat="41.527755" lon="-0.077539">
        <ele>332.25</ele>
      </trkpt>
      <trkpt lat="41.528187" lon="-0.062919">
        <ele>325.25</ele>
      </trkpt>
      <trkpt lat="41.528228" lon="-0.060486">
        <ele>314</ele>
      </trkpt>
      <trkpt lat="41.528236" lon="-0.058239">
        <ele>304.25</ele>
      </trkpt>
      <trkpt lat="41.528207" lon="-0.055954">
        <ele>298.75</ele>
      </trkpt>
      <trkpt lat="41.528133" lon="-0.053324">
        <ele>303.25</ele>
      </trkpt>
      <trkpt lat="41.528025" lon="-0.050689">
        <ele>310</ele>
      </trkpt>
      <trkpt lat="41.527873" lon="-0.048025">
        <ele>316.75</ele>
      </trkpt>
      <trkpt lat="41.527683" lon="-0.045353">
        <ele>323.75</ele>
      </trkpt>
      <trkpt lat="41.526935" lon="-0.034813">
        <ele>323.75</ele>
      </trkpt>
      <trkpt lat="41.526606" lon="-0.030122">
        <ele>314</ele>
      </trkpt>
      <trkpt lat="41.526495" lon="-0.028797">
        <ele>315.5</ele>
      </trkpt>
      <trkpt lat="41.526373" lon="-0.027515">
        <ele>312</ele>
      </trkpt>
      <trkpt lat="41.526115" lon="-0.025254">
        <ele>302</ele>
      </trkpt>
      <trkpt lat="41.525456" lon="-0.020583">
        <ele>302.5</ele>
      </trkpt>
      <trkpt lat="41.524711" lon="-0.015546">
        <ele>328</ele>
      </trkpt>
      <trkpt lat="41.524353" lon="-0.012813">
        <ele>336.25</ele>
      </trkpt>
      <trkpt lat="41.52419" lon="-0.011394">
        <ele>340.75</ele>
      </trkpt>
      <trkpt lat="41.524056" lon="-0.010036">
        <ele>338</ele>
      </trkpt>
      <trkpt lat="41.523915" lon="-0.008342">
        <ele>335.75</ele>
      </trkpt>
      <trkpt lat="41.52384" lon="-0.007275">
        <ele>333.75</ele>
      </trkpt>
      <trkpt lat="41.52374" lon="-0.005566">
        <ele>329.25</ele>
      </trkpt>
      <trkpt lat="41.523666" lon="-0.004004">
        <ele>333.25</ele>
      </trkpt>
      <trkpt lat="41.523596" lon="-0.001496">
        <ele>339.5</ele>
      </trkpt>
      <trkpt lat="41.523592" lon="-0.000255">
        <ele>342.75</ele>
      </trkpt>
      <trkpt lat="41.523614" lon="0.00105">
        <ele>346.25</ele>
      </trkpt>
      <trkpt lat="41.523683" lon="0.004398">
        <ele>346.25</ele>
      </trkpt>
      <trkpt lat="41.523853" lon="0.007307">
        <ele>346.75</ele>
      </trkpt>
      <trkpt lat="41.524094" lon="0.010028">
        <ele>347</ele>
      </trkpt>
      <trkpt lat="41.524291" lon="0.011759">
        <ele>352</ele>
      </trkpt>
      <trkpt lat="41.524563" lon="0.013965">
        <ele>344</ele>
      </trkpt>
      <trkpt lat="41.524959" lon="0.016625">
        <ele>347.75</ele>
      </trkpt>
      <trkpt lat="41.525506" lon="0.019792">
        <ele>341.25</ele>
      </trkpt>
      <trkpt lat="41.526324" lon="0.023497">
        <ele>352.5</ele>
      </trkpt>
      <trkpt lat="41.527034" lon="0.026261">
        <ele>350.5</ele>
      </trkpt>
      <trkpt lat="41.527999" lon="0.029603">
        <ele>356.75</ele>
      </trkpt>
      <trkpt lat="41.528741" lon="0.031943">
        <ele>359.25</ele>
      </trkpt>
      <trkpt lat="41.529643" lon="0.034545">
        <ele>343</ele>
      </trkpt>
      <trkpt lat="41.530877" lon="0.03772">
        <ele>330.75</ele>
      </trkpt>
      <trkpt lat="41.532176" lon="0.040635">
        <ele>320.25</ele>
      </trkpt>
      <trkpt lat="41.533135" lon="0.04267">
        <ele>315.5</ele>
      </trkpt>
      <trkpt lat="41.533613" lon="0.043642">
        <ele>316.5</ele>
      </trkpt>
      <trkpt lat="41.534106" lon="0.044613">
        <ele>315.75</ele>
      </trkpt>
      <trkpt lat="41.534627" lon="0.045598">
        <ele>312.5</ele>
      </trkpt>
      <trkpt lat="41.53515" lon="0.046569">
        <ele>311</ele>
      </trkpt>
      <trkpt lat="41.535697" lon="0.047541">
        <ele>309.75</ele>
      </trkpt>
      <trkpt lat="41.536264" lon="0.04852">
        <ele>308.5</ele>
      </trkpt>
      <trkpt lat="41.53689" lon="0.049564">
        <ele>309.25</ele>
      </trkpt>
      <trkpt lat="41.537524" lon="0.050586">
        <ele>308.5</ele>
      </trkpt>
      <trkpt lat="41.53816" lon="0.05158">
        <ele>308.5</ele>
      </trkpt>
      <trkpt lat="41.538807" lon="0.052557">
        <ele>310.5</ele>
      </trkpt>
      <trkpt lat="41.539662" lon="0.0538">
        <ele>311.75</ele>
      </trkpt>
      <trkpt lat="41.540104" lon="0.054425">
        <ele>313.25</ele>
      </trkpt>
      <trkpt lat="41.540548" lon="0.055037">
        <ele>315.25</ele>
      </trkpt>
      <trkpt lat="41.541559" lon="0.05638">
        <ele>318</ele>
      </trkpt>
      <trkpt lat="41.542604" lon="0.057708">
        <ele>320.25</ele>
      </trkpt>
      <trkpt lat="41.542782" lon="0.057925">
        <ele>321.25</ele>
      </trkpt>
      <trkpt lat="41.543335" lon="0.058596">
        <ele>326.75</ele>
      </trkpt>
      <trkpt lat="41.543882" lon="0.059246">
        <ele>328</ele>
      </trkpt>
      <trkpt lat="41.544445" lon="0.059898">
        <ele>330</ele>
      </trkpt>
      <trkpt lat="41.545012" lon="0.060535">
        <ele>327.25</ele>
      </trkpt>
      <trkpt lat="41.546226" lon="0.061862">
        <ele>328.75</ele>
      </trkpt>
      <trkpt lat="41.547507" lon="0.063231">
        <ele>333</ele>
      </trkpt>
      <trkpt lat="41.547831" lon="0.063579">
        <ele>334.25</ele>
      </trkpt>
      <trkpt lat="41.549457" lon="0.065326">
        <ele>342</ele>
      </trkpt>
      <trkpt lat="41.550436" lon="0.066397">
        <ele>342.5</ele>
      </trkpt>
      <trkpt lat="41.551411" lon="0.067504">
        <ele>334.75</ele>
      </trkpt>
      <trkpt lat="41.552103" lon="0.068321">
        <ele>329.25</ele>
      </trkpt>
      <trkpt lat="41.552807" lon="0.069176">
        <ele>325.75</ele>
      </trkpt>
      <trkpt lat="41.553565" lon="0.070124">
        <ele>322</ele>
      </trkpt>
      <trkpt lat="41.554108" lon="0.070823">
        <ele>320.75</ele>
      </trkpt>
      <trkpt lat="41.554633" lon="0.071512">
        <ele>319.75</ele>
      </trkpt>
      <trkpt lat="41.555087" lon="0.072123">
        <ele>318.5</ele>
      </trkpt>
      <trkpt lat="41.555966" lon="0.073343">
        <ele>314.5</ele>
      </trkpt>
      <trkpt lat="41.55639" lon="0.073949">
        <ele>313.25</ele>
      </trkpt>
      <trkpt lat="41.556851" lon="0.074626">
        <ele>314.25</ele>
      </trkpt>
      <trkpt lat="41.557073" lon="0.074951">
        <ele>313.75</ele>
      </trkpt>
      <trkpt lat="41.557563" lon="0.075689">
        <ele>311.75</ele>
      </trkpt>
      <trkpt lat="41.558512" lon="0.077169">
        <ele>316.75</ele>
      </trkpt>
      <trkpt lat="41.559471" lon="0.078743">
        <ele>315.75</ele>
      </trkpt>
      <trkpt lat="41.55997" lon="0.079596">
        <ele>314</ele>
      </trkpt>
      <trkpt lat="41.560448" lon="0.080427">
        <ele>311.75</ele>
      </trkpt>
      <trkpt lat="41.561406" lon="0.082174">
        <ele>312</ele>
      </trkpt>
      <trkpt lat="41.561884" lon="0.083081">
        <ele>311.5</ele>
      </trkpt>
      <trkpt lat="41.562352" lon="0.083995">
        <ele>309.5</ele>
      </trkpt>
      <trkpt lat="41.562801" lon="0.084899">
        <ele>305.5</ele>
      </trkpt>
      <trkpt lat="41.563662" lon="0.086695">
        <ele>303.5</ele>
      </trkpt>
      <trkpt lat="41.563874" lon="0.087159">
        <ele>304.25</ele>
      </trkpt>
      <trkpt lat="41.564404" lon="0.088339">
        <ele>304</ele>
      </trkpt>
      <trkpt lat="41.564918" lon="0.089524">
        <ele>299.25</ele>
      </trkpt>
      <trkpt lat="41.565607" lon="0.091164">
        <ele>296.5</ele>
      </trkpt>
      <trkpt lat="41.56653" lon="0.093434">
        <ele>296.5</ele>
      </trkpt>
      <trkpt lat="41.567427" lon="0.095659">
        <ele>297.5</ele>
      </trkpt>
      <trkpt lat="41.568418" lon="0.098228">
        <ele>290.5</ele>
      </trkpt>
      <trkpt lat="41.569088" lon="0.099883">
        <ele>290.75</ele>
      </trkpt>
      <trkpt lat="41.569234" lon="0.100246">
        <ele>290</ele>
      </trkpt>
      <trkpt lat="41.570334" lon="0.102968">
        <ele>291.75</ele>
      </trkpt>
      <trkpt lat="41.574058" lon="0.112186">
        <ele>288</ele>
      </trkpt>
      <trkpt lat="41.57544" lon="0.115606">
        <ele>290.5</ele>
      </trkpt>
      <trkpt lat="41.57562" lon="0.116051">
        <ele>289.75</ele>
      </trkpt>
      <trkpt lat="41.575792" lon="0.116482">
        <ele>289.75</ele>
      </trkpt>
      <trkpt lat="41.578929" lon="0.124245">
        <ele>283.25</ele>
      </trkpt>
      <trkpt lat="41.58041" lon="0.127902">
        <ele>265</ele>
      </trkpt>
      <trkpt lat="41.580767" lon="0.128791">
        <ele>260</ele>
      </trkpt>
      <trkpt lat="41.581522" lon="0.130688">
        <ele>259.5</ele>
      </trkpt>
      <trkpt lat="41.58189" lon="0.131632">
        <ele>260.25</ele>
      </trkpt>
      <trkpt lat="41.582245" lon="0.132562">
        <ele>263</ele>
      </trkpt>
      <trkpt lat="41.582858" lon="0.134216">
        <ele>257.75</ele>
      </trkpt>
      <trkpt lat="41.583202" lon="0.135193">
        <ele>257.25</ele>
      </trkpt>
      <trkpt lat="41.583534" lon="0.136171">
        <ele>257.75</ele>
      </trkpt>
      <trkpt lat="41.58387" lon="0.137196">
        <ele>264.75</ele>
      </trkpt>
      <trkpt lat="41.584197" lon="0.138219">
        <ele>268.75</ele>
      </trkpt>
      <trkpt lat="41.584509" lon="0.139235">
        <ele>265.25</ele>
      </trkpt>
      <trkpt lat="41.584803" lon="0.140229">
        <ele>261</ele>
      </trkpt>
      <trkpt lat="41.585234" lon="0.141765">
        <ele>256</ele>
      </trkpt>
      <trkpt lat="41.585554" lon="0.142972">
        <ele>253.25</ele>
      </trkpt>
      <trkpt lat="41.585949" lon="0.144536">
        <ele>249.5</ele>
      </trkpt>
      <trkpt lat="41.586323" lon="0.146098">
        <ele>247</ele>
      </trkpt>
      <trkpt lat="41.586402" lon="0.146421">
        <ele>247.5</ele>
      </trkpt>
      <trkpt lat="41.587295" lon="0.150291">
        <ele>244.25</ele>
      </trkpt>
      <trkpt lat="41.588099" lon="0.153816">
        <ele>247.5</ele>
      </trkpt>
      <trkpt lat="41.591199" lon="0.167202">
        <ele>255.5</ele>
      </trkpt>
      <trkpt lat="41.591287" lon="0.167567">
        <ele>253.75</ele>
      </trkpt>
      <trkpt lat="41.59178" lon="0.169489">
        <ele>247.25</ele>
      </trkpt>
      <trkpt lat="41.592038" lon="0.170435">
        <ele>243</ele>
      </trkpt>
      <trkpt lat="41.592309" lon="0.171394">
        <ele>246.5</ele>
      </trkpt>
      <trkpt lat="41.592574" lon="0.1723">
        <ele>255.75</ele>
      </trkpt>
      <trkpt lat="41.592819" lon="0.173115">
        <ele>259.5</ele>
      </trkpt>
      <trkpt lat="41.593311" lon="0.174675">
        <ele>243.75</ele>
      </trkpt>
      <trkpt lat="41.593481" lon="0.175197">
        <ele>237.25</ele>
      </trkpt>
      <trkpt lat="41.594026" lon="0.176806">
        <ele>235</ele>
      </trkpt>
      <trkpt lat="41.594771" lon="0.178924">
        <ele>237</ele>
      </trkpt>
      <trkpt lat="41.596121" lon="0.182681">
        <ele>247</ele>
      </trkpt>
      <trkpt lat="41.607501" lon="0.214368">
        <ele>183.75</ele>
      </trkpt>
      <trkpt lat="41.608142" lon="0.216305">
        <ele>166.25</ele>
      </trkpt>
      <trkpt lat="41.608647" lon="0.217899">
        <ele>159.25</ele>
      </trkpt>
      <trkpt lat="41.611395" lon="0.227763">
        <ele>133.25</ele>
      </trkpt>
      <trkpt lat="41.611646" lon="0.228773">
        <ele>134.25</ele>
      </trkpt>
      <trkpt lat="41.612149" lon="0.230957">
        <ele>133.25</ele>
      </trkpt>
      <trkpt lat="41.612364" lon="0.231927">
        <ele>132.5</ele>
      </trkpt>
      <trkpt lat="41.612822" lon="0.234101">
        <ele>132</ele>
      </trkpt>
      <trkpt lat="41.613032" lon="0.235144">
        <ele>133.5</ele>
      </trkpt>
      <trkpt lat="41.613232" lon="0.236176">
        <ele>134.25</ele>
      </trkpt>
      <trkpt lat="41.613616" lon="0.238269">
        <ele>133.75</ele>
      </trkpt>
      <trkpt lat="41.613828" lon="0.239487">
        <ele>135</ele>
      </trkpt>
      <trkpt lat="41.614079" lon="0.240993">
        <ele>138.5</ele>
      </trkpt>
      <trkpt lat="41.614961" lon="0.246585">
        <ele>148</ele>
      </trkpt>
      <trkpt lat="41.615704" lon="0.251341">
        <ele>171.75</ele>
      </trkpt>
      <trkpt lat="41.616161" lon="0.254298">
        <ele>179.25</ele>
      </trkpt>
      <trkpt lat="41.616798" lon="0.258335">
        <ele>189.5</ele>
      </trkpt>
      <trkpt lat="41.618482" lon="0.269107">
        <ele>198</ele>
      </trkpt>
      <trkpt lat="41.61889" lon="0.271736">
        <ele>192.5</ele>
      </trkpt>
      <trkpt lat="41.619126" lon="0.273356">
        <ele>192.5</ele>
      </trkpt>
      <trkpt lat="41.619271" lon="0.274423">
        <ele>192.75</ele>
      </trkpt>
      <trkpt lat="41.619408" lon="0.275487">
        <ele>192.5</ele>
      </trkpt>
      <trkpt lat="41.619528" lon="0.27651">
        <ele>192.75</ele>
      </trkpt>
      <trkpt lat="41.619642" lon="0.277554">
        <ele>193.25</ele>
      </trkpt>
      <trkpt lat="41.619809" lon="0.27929">
        <ele>194</ele>
      </trkpt>
      <trkpt lat="41.619881" lon="0.280141">
        <ele>192.25</ele>
      </trkpt>
      <trkpt lat="41.619998" lon="0.281762">
        <ele>194</ele>
      </trkpt>
      <trkpt lat="41.620046" lon="0.28253">
        <ele>194.5</ele>
      </trkpt>
      <trkpt lat="41.62012" lon="0.283977">
        <ele>193.25</ele>
      </trkpt>
      <trkpt lat="41.620143" lon="0.284484">
        <ele>192.75</ele>
      </trkpt>
      <trkpt lat="41.620192" lon="0.285809">
        <ele>193.25</ele>
      </trkpt>
      <trkpt lat="41.620213" lon="0.286656">
        <ele>192.75</ele>
      </trkpt>
      <trkpt lat="41.620238" lon="0.288499">
        <ele>187.75</ele>
      </trkpt>
      <trkpt lat="41.620239" lon="0.289491">
        <ele>184.75</ele>
      </trkpt>
      <trkpt lat="41.62023" lon="0.290455">
        <ele>183.5</ele>
      </trkpt>
      <trkpt lat="41.620213" lon="0.291414">
        <ele>183.25</ele>
      </trkpt>
      <trkpt lat="41.620178" lon="0.292704">
        <ele>182.25</ele>
      </trkpt>
      <trkpt lat="41.620141" lon="0.293713">
        <ele>181.75</ele>
      </trkpt>
      <trkpt lat="41.620051" lon="0.295534">
        <ele>176.5</ele>
      </trkpt>
      <trkpt lat="41.61991" lon="0.297596">
        <ele>173.25</ele>
      </trkpt>
      <trkpt lat="41.619754" lon="0.29945">
        <ele>169.5</ele>
      </trkpt>
      <trkpt lat="41.619673" lon="0.300271">
        <ele>169.25</ele>
      </trkpt>
      <trkpt lat="41.619494" lon="0.301918">
        <ele>168</ele>
      </trkpt>
      <trkpt lat="41.619347" lon="0.303121">
        <ele>166.5</ele>
      </trkpt>
      <trkpt lat="41.619208" lon="0.304179">
        <ele>167.5</ele>
      </trkpt>
      <trkpt lat="41.619053" lon="0.30526">
        <ele>166.5</ele>
      </trkpt>
      <trkpt lat="41.618878" lon="0.30641">
        <ele>164.5</ele>
      </trkpt>
      <trkpt lat="41.618693" lon="0.307552">
        <ele>165</ele>
      </trkpt>
      <trkpt lat="41.618069" lon="0.311207">
        <ele>164.5</ele>
      </trkpt>
      <trkpt lat="41.617424" lon="0.314878">
        <ele>153</ele>
      </trkpt>
      <trkpt lat="41.616554" lon="0.320257">
        <ele>145.5</ele>
      </trkpt>
      <trkpt lat="41.616209" lon="0.322978">
        <ele>157.75</ele>
      </trkpt>
      <trkpt lat="41.616053" lon="0.324351">
        <ele>165.75</ele>
      </trkpt>
      <trkpt lat="41.615949" lon="0.32534">
        <ele>167.75</ele>
      </trkpt>
      <trkpt lat="41.615851" lon="0.326357">
        <ele>167</ele>
      </trkpt>
      <trkpt lat="41.61575" lon="0.327516">
        <ele>169.5</ele>
      </trkpt>
      <trkpt lat="41.615659" lon="0.328692">
        <ele>171.5</ele>
      </trkpt>
      <trkpt lat="41.615578" lon="0.329865">
        <ele>174.75</ele>
      </trkpt>
      <trkpt lat="41.615501" lon="0.331166">
        <ele>177.5</ele>
      </trkpt>
      <trkpt lat="41.615448" lon="0.332218">
        <ele>179.25</ele>
      </trkpt>
      <trkpt lat="41.615404" lon="0.33329">
        <ele>181.75</ele>
      </trkpt>
      <trkpt lat="41.615372" lon="0.334276">
        <ele>182.5</ele>
      </trkpt>
      <trkpt lat="41.615343" lon="0.335413">
        <ele>183</ele>
      </trkpt>
      <trkpt lat="41.615324" lon="0.336502">
        <ele>183</ele>
      </trkpt>
      <trkpt lat="41.615315" lon="0.33761">
        <ele>188.5</ele>
      </trkpt>
      <trkpt lat="41.615316" lon="0.338711">
        <ele>189.5</ele>
      </trkpt>
      <trkpt lat="41.615327" lon="0.339822">
        <ele>184.25</ele>
      </trkpt>
      <trkpt lat="41.615364" lon="0.341626">
        <ele>178.25</ele>
      </trkpt>
      <trkpt lat="41.615428" lon="0.343452">
        <ele>182.5</ele>
      </trkpt>
      <trkpt lat="41.615473" lon="0.344438">
        <ele>178.5</ele>
      </trkpt>
      <trkpt lat="41.615574" lon="0.346228">
        <ele>178</ele>
      </trkpt>
      <trkpt lat="41.615708" lon="0.348086">
        <ele>175.25</ele>
      </trkpt>
      <trkpt lat="41.615818" lon="0.349414">
        <ele>176.5</ele>
      </trkpt>
      <trkpt lat="41.615967" lon="0.350964">
        <ele>177.25</ele>
      </trkpt>
      <trkpt lat="41.616137" lon="0.352542">
        <ele>176.75</ele>
      </trkpt>
      <trkpt lat="41.616331" lon="0.354139">
        <ele>182</ele>
      </trkpt>
      <trkpt lat="41.616439" lon="0.354962">
        <ele>183.75</ele>
      </trkpt>
      <trkpt lat="41.616716" lon="0.356963">
        <ele>188</ele>
      </trkpt>
      <trkpt lat="41.617539" lon="0.362551">
        <ele>190.25</ele>
      </trkpt>
      <trkpt lat="41.617838" lon="0.364516">
        <ele>195.25</ele>
      </trkpt>
      <trkpt lat="41.617847" lon="0.364579">
        <ele>195.25</ele>
      </trkpt>
      <trkpt lat="41.620487" lon="0.382387">
        <ele>213.75</ele>
      </trkpt>
      <trkpt lat="41.622337" lon="0.394862">
        <ele>216.25</ele>
      </trkpt>
      <trkpt lat="41.622466" lon="0.395676">
        <ele>220</ele>
      </trkpt>
      <trkpt lat="41.622977" lon="0.39922">
        <ele>233.25</ele>
      </trkpt>
      <trkpt lat="41.623416" lon="0.402799">
        <ele>243.5</ele>
      </trkpt>
      <trkpt lat="41.62374" lon="0.406336">
        <ele>245</ele>
      </trkpt>
      <trkpt lat="41.623922" lon="0.409426">
        <ele>226</ele>
      </trkpt>
      <trkpt lat="41.62411" lon="0.413679">
        <ele>235</ele>
      </trkpt>
      <trkpt lat="41.624256" lon="0.41701">
        <ele>250.25</ele>
      </trkpt>
      <trkpt lat="41.624537" lon="0.424017">
        <ele>252.75</ele>
      </trkpt>
      <trkpt lat="41.624845" lon="0.430985">
        <ele>261.5</ele>
      </trkpt>
      <trkpt lat="41.625134" lon="0.436046">
        <ele>272</ele>
      </trkpt>
      <trkpt lat="41.625277" lon="0.4384">
        <ele>274</ele>
      </trkpt>
      <trkpt lat="41.6253" lon="0.438825">
        <ele>274.25</ele>
      </trkpt>
      <trkpt lat="41.625691" lon="0.444315">
        <ele>288.25</ele>
      </trkpt>
      <trkpt lat="41.625909" lon="0.447065">
        <ele>284.75</ele>
      </trkpt>
      <trkpt lat="41.626182" lon="0.450359">
        <ele>270.5</ele>
      </trkpt>
      <trkpt lat="41.626836" lon="0.458096">
        <ele>240.5</ele>
      </trkpt>
      <trkpt lat="41.627353" lon="0.463928">
        <ele>233.5</ele>
      </trkpt>
      <trkpt lat="41.627962" lon="0.471166">
        <ele>222.75</ele>
      </trkpt>
      <trkpt lat="41.628394" lon="0.476098">
        <ele>209.75</ele>
      </trkpt>
      <trkpt lat="41.628451" lon="0.476923">
        <ele>209.75</ele>
      </trkpt>
      <trkpt lat="41.628466" lon="0.47711">
        <ele>209.75</ele>
      </trkpt>
      <trkpt lat="41.628715" lon="0.480153">
        <ele>210.5</ele>
      </trkpt>
      <trkpt lat="41.629034" lon="0.485634">
        <ele>219.25</ele>
      </trkpt>
      <trkpt lat="41.629151" lon="0.488379">
        <ele>225.75</ele>
      </trkpt>
      <trkpt lat="41.629233" lon="0.491128">
        <ele>228.5</ele>
      </trkpt>
      <trkpt lat="41.629301" lon="0.496575">
        <ele>235.25</ele>
      </trkpt>
      <trkpt lat="41.629295" lon="0.499291">
        <ele>230.25</ele>
      </trkpt>
      <trkpt lat="41.629249" lon="0.50202">
        <ele>230.75</ele>
      </trkpt>
      <trkpt lat="41.629156" lon="0.50547">
        <ele>229.75</ele>
      </trkpt>
      <trkpt lat="41.629067" lon="0.50763">
        <ele>225.5</ele>
      </trkpt>
      <trkpt lat="41.628955" lon="0.509932">
        <ele>225.75</ele>
      </trkpt>
      <trkpt lat="41.628889" lon="0.511082">
        <ele>224</ele>
      </trkpt>
      <trkpt lat="41.62874" lon="0.513463">
        <ele>221.5</ele>
      </trkpt>
      <trkpt lat="41.628568" lon="0.515825">
        <ele>216.25</ele>
      </trkpt>
      <trkpt lat="41.628141" lon="0.520608">
        <ele>208</ele>
      </trkpt>
      <trkpt lat="41.62749" lon="0.527033">
        <ele>214</ele>
      </trkpt>
      <trkpt lat="41.625437" lon="0.547144">
        <ele>191.25</ele>
      </trkpt>
      <trkpt lat="41.624931" lon="0.552129">
        <ele>184.5</ele>
      </trkpt>
      <trkpt lat="41.624744" lon="0.553805">
        <ele>182</ele>
      </trkpt>
      <trkpt lat="41.624589" lon="0.555121">
        <ele>180.25</ele>
      </trkpt>
      <trkpt lat="41.624423" lon="0.556351">
        <ele>180</ele>
      </trkpt>
      <trkpt lat="41.62424" lon="0.557614">
        <ele>179.25</ele>
      </trkpt>
      <trkpt lat="41.624144" lon="0.558227">
        <ele>179.75</ele>
      </trkpt>
      <trkpt lat="41.623934" lon="0.559478">
        <ele>179.25</ele>
      </trkpt>
      <trkpt lat="41.623816" lon="0.560126">
        <ele>178.75</ele>
      </trkpt>
      <trkpt lat="41.623579" lon="0.561389">
        <ele>177.75</ele>
      </trkpt>
      <trkpt lat="41.623293" lon="0.562783">
        <ele>176.75</ele>
      </trkpt>
      <trkpt lat="41.62315" lon="0.563465">
        <ele>177</ele>
      </trkpt>
      <trkpt lat="41.622998" lon="0.56413">
        <ele>178.5</ele>
      </trkpt>
      <trkpt lat="41.622827" lon="0.564872">
        <ele>178.5</ele>
      </trkpt>
      <trkpt lat="41.622575" lon="0.565916">
        <ele>179.75</ele>
      </trkpt>
      <trkpt lat="41.622316" lon="0.56693">
        <ele>179.25</ele>
      </trkpt>
      <trkpt lat="41.621743" lon="0.569012">
        <ele>186</ele>
      </trkpt>
      <trkpt lat="41.621397" lon="0.570176">
        <ele>193.25</ele>
      </trkpt>
      <trkpt lat="41.620274" lon="0.573617">
        <ele>193.25</ele>
      </trkpt>
      <trkpt lat="41.619401" lon="0.575985">
        <ele>192.75</ele>
      </trkpt>
      <trkpt lat="41.618468" lon="0.578307">
        <ele>186</ele>
      </trkpt>
      <trkpt lat="41.617633" lon="0.580221">
        <ele>184.5</ele>
      </trkpt>
      <trkpt lat="41.617006" lon="0.581577">
        <ele>182</ele>
      </trkpt>
      <trkpt lat="41.61633" lon="0.582971">
        <ele>180</ele>
      </trkpt>
      <trkpt lat="41.615315" lon="0.584929">
        <ele>178</ele>
      </trkpt>
      <trkpt lat="41.614694" lon="0.586065">
        <ele>177.25</ele>
      </trkpt>
      <trkpt lat="41.613914" lon="0.587421">
        <ele>174.75</ele>
      </trkpt>
      <trkpt lat="41.613187" lon="0.588656">
        <ele>176.25</ele>
      </trkpt>
      <trkpt lat="41.612393" lon="0.58992">
        <ele>176.75</ele>
      </trkpt>
      <trkpt lat="41.611804" lon="0.590818">
        <ele>175.25</ele>
      </trkpt>
      <trkpt lat="41.611002" lon="0.592018">
        <ele>172</ele>
      </trkpt>
      <trkpt lat="41.609828" lon="0.593636">
        <ele>169.75</ele>
      </trkpt>
      <trkpt lat="41.608608" lon="0.59528">
        <ele>170</ele>
      </trkpt>
      <trkpt lat="41.603497" lon="0.60197">
        <ele>163.75</ele>
      </trkpt>
      <trkpt lat="41.601203" lon="0.604953">
        <ele>162.75</ele>
      </trkpt>
      <trkpt lat="41.593227" lon="0.615333">
        <ele>159.75</ele>
      </trkpt>
      <trkpt lat="41.58669" lon="0.624115">
        <ele>157.25</ele>
      </trkpt>
      <trkpt lat="41.585218" lon="0.626266">
        <ele>156.5</ele>
      </trkpt>
      <trkpt lat="41.584779" lon="0.626948">
        <ele>156.25</ele>
      </trkpt>
      <trkpt lat="41.583462" lon="0.629025">
        <ele>156.5</ele>
      </trkpt>
      <trkpt lat="41.581665" lon="0.632205">
        <ele>159.25</ele>
      </trkpt>
      <trkpt lat="41.580638" lon="0.634128">
        <ele>157.75</ele>
      </trkpt>
      <trkpt lat="41.579169" lon="0.637183">
        <ele>159.5</ele>
      </trkpt>
      <trkpt lat="41.5787" lon="0.638216">
        <ele>160</ele>
      </trkpt>
      <trkpt lat="41.577767" lon="0.640379">
        <ele>163</ele>
      </trkpt>
      <trkpt lat="41.576879" lon="0.642595">
        <ele>165.75</ele>
      </trkpt>
      <trkpt lat="41.57597" lon="0.645">
        <ele>170.25</ele>
      </trkpt>
      <trkpt lat="41.574987" lon="0.647923">
        <ele>177.75</ele>
      </trkpt>
      <trkpt lat="41.574525" lon="0.649403">
        <ele>182</ele>
      </trkpt>
      <trkpt lat="41.574087" lon="0.650882">
        <ele>182</ele>
      </trkpt>
      <trkpt lat="41.573271" lon="0.653889">
        <ele>192</ele>
      </trkpt>
      <trkpt lat="41.572507" lon="0.656895">
        <ele>186.25</ele>
      </trkpt>
      <trkpt lat="41.569449" lon="0.669093">
        <ele>183.75</ele>
      </trkpt>
      <trkpt lat="41.569375" lon="0.669392">
        <ele>184</ele>
      </trkpt>
      <trkpt lat="41.568751" lon="0.671981">
        <ele>189.25</ele>
      </trkpt>
      <trkpt lat="41.568516" lon="0.673017">
        <ele>191.25</ele>
      </trkpt>
      <trkpt lat="41.568244" lon="0.674257">
        <ele>191.5</ele>
      </trkpt>
      <trkpt lat="41.568096" lon="0.674971">
        <ele>189</ele>
      </trkpt>
      <trkpt lat="41.567701" lon="0.676995">
        <ele>185.5</ele>
      </trkpt>
      <trkpt lat="41.567584" lon="0.677637">
        <ele>181.75</ele>
      </trkpt>
      <trkpt lat="41.567434" lon="0.678496">
        <ele>178</ele>
      </trkpt>
      <trkpt lat="41.567156" lon="0.680192">
        <ele>175.75</ele>
      </trkpt>
      <trkpt lat="41.566859" lon="0.682165">
        <ele>172</ele>
      </trkpt>
      <trkpt lat="41.566051" lon="0.687835">
        <ele>173.25</ele>
      </trkpt>
      <trkpt lat="41.565222" lon="0.693637">
        <ele>175.75</ele>
      </trkpt>
      <trkpt lat="41.564683" lon="0.697443">
        <ele>177.25</ele>
      </trkpt>
      <trkpt lat="41.564668" lon="0.697558">
        <ele>177.5</ele>
      </trkpt>
      <trkpt lat="41.564312" lon="0.699995">
        <ele>184.25</ele>
      </trkpt>
      <trkpt lat="41.564124" lon="0.701204">
        <ele>189.5</ele>
      </trkpt>
      <trkpt lat="41.563927" lon="0.702404">
        <ele>190</ele>
      </trkpt>
      <trkpt lat="41.563529" lon="0.704545">
        <ele>191</ele>
      </trkpt>
      <trkpt lat="41.563346" lon="0.705575">
        <ele>191.5</ele>
      </trkpt>
      <trkpt lat="41.563137" lon="0.706605">
        <ele>187.25</ele>
      </trkpt>
      <trkpt lat="41.562887" lon="0.707769">
        <ele>190</ele>
      </trkpt>
      <trkpt lat="41.562541" lon="0.709301">
        <ele>194</ele>
      </trkpt>
      <trkpt lat="41.562185" lon="0.710824">
        <ele>198</ele>
      </trkpt>
      <trkpt lat="41.561459" lon="0.713854">
        <ele>206</ele>
      </trkpt>
      <trkpt lat="41.559911" lon="0.720298">
        <ele>206</ele>
      </trkpt>
      <trkpt lat="41.55872" lon="0.725261">
        <ele>214.75</ele>
      </trkpt>
      <trkpt lat="41.558383" lon="0.726631">
        <ele>214</ele>
      </trkpt>
      <trkpt lat="41.558226" lon="0.727329">
        <ele>214.25</ele>
      </trkpt>
      <trkpt lat="41.557651" lon="0.729723">
        <ele>211</ele>
      </trkpt>
      <trkpt lat="41.556883" lon="0.732773">
        <ele>206.75</ele>
      </trkpt>
      <trkpt lat="41.555129" lon="0.739144">
        <ele>212.75</ele>
      </trkpt>
      <trkpt lat="41.554673" lon="0.740667">
        <ele>212.25</ele>
      </trkpt>
      <trkpt lat="41.553826" lon="0.743414">
        <ele>212</ele>
      </trkpt>
      <trkpt lat="41.552628" lon="0.747019">
        <ele>211</ele>
      </trkpt>
      <trkpt lat="41.550617" lon="0.752598">
        <ele>207.25</ele>
      </trkpt>
      <trkpt lat="41.550212" lon="0.753667">
        <ele>206.75</ele>
      </trkpt>
      <trkpt lat="41.548643" lon="0.757586">
        <ele>212.75</ele>
      </trkpt>
      <trkpt lat="41.547049" lon="0.761295">
        <ele>214.75</ele>
      </trkpt>
      <trkpt lat="41.546511" lon="0.762521">
        <ele>217.5</ele>
      </trkpt>
      <trkpt lat="41.546096" lon="0.763432">
        <ele>219</ele>
      </trkpt>
      <trkpt lat="41.544337" lon="0.767167">
        <ele>233</ele>
      </trkpt>
      <trkpt lat="41.537621" lon="0.780785">
        <ele>232.5</ele>
      </trkpt>
      <trkpt lat="41.5357" lon="0.784698">
        <ele>229.75</ele>
      </trkpt>
      <trkpt lat="41.533759" lon="0.788618">
        <ele>230.5</ele>
      </trkpt>
      <trkpt lat="41.528291" lon="0.799717">
        <ele>242.25</ele>
      </trkpt>
      <trkpt lat="41.525555" lon="0.805273">
        <ele>253.75</ele>
      </trkpt>
      <trkpt lat="41.524485" lon="0.807522">
        <ele>259.25</ele>
      </trkpt>
      <trkpt lat="41.522895" lon="0.810867">
        <ele>268</ele>
      </trkpt>
      <trkpt lat="41.517742" lon="0.822179">
        <ele>293.25</ele>
      </trkpt>
      <trkpt lat="41.51643" lon="0.825026">
        <ele>293.5</ele>
      </trkpt>
      <trkpt lat="41.515081" lon="0.827797">
        <ele>305</ele>
      </trkpt>
      <trkpt lat="41.513442" lon="0.830909">
        <ele>306.5</ele>
      </trkpt>
      <trkpt lat="41.512195" lon="0.833124">
        <ele>303</ele>
      </trkpt>
      <trkpt lat="41.509826" lon="0.837184">
        <ele>307.5</ele>
      </trkpt>
      <trkpt lat="41.508383" lon="0.839718">
        <ele>304.25</ele>
      </trkpt>
      <trkpt lat="41.508001" lon="0.840306">
        <ele>304.75</ele>
      </trkpt>
      <trkpt lat="41.506857" lon="0.842259">
        <ele>305.25</ele>
      </trkpt>
      <trkpt lat="41.505721" lon="0.844217">
        <ele>304.75</ele>
      </trkpt>
      <trkpt lat="41.504669" lon="0.846029">
        <ele>306</ele>
      </trkpt>
      <trkpt lat="41.501566" lon="0.851336">
        <ele>311</ele>
      </trkpt>
      <trkpt lat="41.498358" lon="0.856883">
        <ele>312.25</ele>
      </trkpt>
      <trkpt lat="41.495066" lon="0.862412">
        <ele>325.75</ele>
      </trkpt>
      <trkpt lat="41.493895" lon="0.864247">
        <ele>328</ele>
      </trkpt>
      <trkpt lat="41.492693" lon="0.866016">
        <ele>332.5</ele>
      </trkpt>
      <trkpt lat="41.49021" lon="0.869444">
        <ele>343.75</ele>
      </trkpt>
      <trkpt lat="41.487679" lon="0.872561">
        <ele>351.25</ele>
      </trkpt>
      <trkpt lat="41.485035" lon="0.875512">
        <ele>357.5</ele>
      </trkpt>
      <trkpt lat="41.482761" lon="0.877764">
        <ele>359.75</ele>
      </trkpt>
      <trkpt lat="41.48043" lon="0.879932">
        <ele>367.75</ele>
      </trkpt>
      <trkpt lat="41.475663" lon="0.884071">
        <ele>388.25</ele>
      </trkpt>
      <trkpt lat="41.466014" lon="0.892335">
        <ele>406.25</ele>
      </trkpt>
      <trkpt lat="41.460387" lon="0.89723">
        <ele>416.75</ele>
      </trkpt>
      <trkpt lat="41.458551" lon="0.899066">
        <ele>404</ele>
      </trkpt>
      <trkpt lat="41.456694" lon="0.900971">
        <ele>403.25</ele>
      </trkpt>
      <trkpt lat="41.455033" lon="0.902749">
        <ele>433</ele>
      </trkpt>
      <trkpt lat="41.452864" lon="0.90534">
        <ele>444.5</ele>
      </trkpt>
      <trkpt lat="41.452292" lon="0.906054">
        <ele>447.75</ele>
      </trkpt>
      <trkpt lat="41.451574" lon="0.906973">
        <ele>451.75</ele>
      </trkpt>
      <trkpt lat="41.444658" lon="0.916407">
        <ele>451.75</ele>
      </trkpt>
      <trkpt lat="41.444066" lon="0.91727">
        <ele>454.75</ele>
      </trkpt>
      <trkpt lat="41.441165" lon="0.921734">
        <ele>458.25</ele>
      </trkpt>
      <trkpt lat="41.441107" lon="0.921826">
        <ele>458.5</ele>
      </trkpt>
      <trkpt lat="41.440682" lon="0.922537">
        <ele>460</ele>
      </trkpt>
      <trkpt lat="41.438132" lon="0.926889">
        <ele>463.5</ele>
      </trkpt>
      <trkpt lat="41.43697" lon="0.929048">
        <ele>467</ele>
      </trkpt>
      <trkpt lat="41.435618" lon="0.931715">
        <ele>483.5</ele>
      </trkpt>
      <trkpt lat="41.434288" lon="0.934443">
        <ele>500.25</ele>
      </trkpt>
      <trkpt lat="41.433128" lon="0.936996">
        <ele>506.25</ele>
      </trkpt>
      <trkpt lat="41.431747" lon="0.940071">
        <ele>509.25</ele>
      </trkpt>
      <trkpt lat="41.429264" lon="0.94566">
        <ele>542.75</ele>
      </trkpt>
      <trkpt lat="41.428008" lon="0.948444">
        <ele>546</ele>
      </trkpt>
      <trkpt lat="41.427207" lon="0.950245">
        <ele>544</ele>
      </trkpt>
      <trkpt lat="41.425096" lon="0.954917">
        <ele>547.75</ele>
      </trkpt>
      <trkpt lat="41.423877" lon="0.957687">
        <ele>534.25</ele>
      </trkpt>
      <trkpt lat="41.422625" lon="0.960477">
        <ele>526.25</ele>
      </trkpt>
      <trkpt lat="41.421966" lon="0.961968">
        <ele>516</ele>
      </trkpt>
      <trkpt lat="41.421236" lon="0.963789">
        <ele>521</ele>
      </trkpt>
      <trkpt lat="41.420227" lon="0.966334">
        <ele>510.25</ele>
      </trkpt>
      <trkpt lat="41.419915" lon="0.967174">
        <ele>506</ele>
      </trkpt>
      <trkpt lat="41.419573" lon="0.968127">
        <ele>505.75</ele>
      </trkpt>
      <trkpt lat="41.419103" lon="0.969532">
        <ele>508.25</ele>
      </trkpt>
      <trkpt lat="41.417833" lon="0.973555">
        <ele>516</ele>
      </trkpt>
      <trkpt lat="41.417312" lon="0.975514">
        <ele>519.5</ele>
      </trkpt>
      <trkpt lat="41.416572" lon="0.978458">
        <ele>525</ele>
      </trkpt>
      <trkpt lat="41.415845" lon="0.9816">
        <ele>530.75</ele>
      </trkpt>
      <trkpt lat="41.414957" lon="0.986368">
        <ele>530.75</ele>
      </trkpt>
      <trkpt lat="41.414442" lon="0.989866">
        <ele>558.75</ele>
      </trkpt>
      <trkpt lat="41.414009" lon="0.99362">
        <ele>560.75</ele>
      </trkpt>
      <trkpt lat="41.413901" lon="0.99494">
        <ele>572.5</ele>
      </trkpt>
      <trkpt lat="41.413175" lon="1.004955">
        <ele>564</ele>
      </trkpt>
      <trkpt lat="41.412861" lon="1.0088">
        <ele>548.25</ele>
      </trkpt>
      <trkpt lat="41.412497" lon="1.011968">
        <ele>534.5</ele>
      </trkpt>
      <trkpt lat="41.412243" lon="1.01379">
        <ele>532.75</ele>
      </trkpt>
      <trkpt lat="41.411757" lon="1.016906">
        <ele>529.75</ele>
      </trkpt>
      <trkpt lat="41.41106" lon="1.02077">
        <ele>523.75</ele>
      </trkpt>
      <trkpt lat="41.410839" lon="1.021949">
        <ele>517.5</ele>
      </trkpt>
      <trkpt lat="41.410463" lon="1.023846">
        <ele>517.5</ele>
      </trkpt>
      <trkpt lat="41.409881" lon="1.026856">
        <ele>511.5</ele>
      </trkpt>
      <trkpt lat="41.409429" lon="1.02924">
        <ele>508.5</ele>
      </trkpt>
      <trkpt lat="41.408996" lon="1.031617">
        <ele>501</ele>
      </trkpt>
      <trkpt lat="41.408805" lon="1.032662">
        <ele>502</ele>
      </trkpt>
      <trkpt lat="41.408666" lon="1.033472">
        <ele>505</ele>
      </trkpt>
      <trkpt lat="41.408192" lon="1.036399">
        <ele>508.75</ele>
      </trkpt>
      <trkpt lat="41.407495" lon="1.041296">
        <ele>496.25</ele>
      </trkpt>
      <trkpt lat="41.407363" lon="1.042331">
        <ele>495.75</ele>
      </trkpt>
      <trkpt lat="41.406926" lon="1.046137">
        <ele>534.75</ele>
      </trkpt>
      <trkpt lat="41.406778" lon="1.047533">
        <ele>524</ele>
      </trkpt>
      <trkpt lat="41.406269" lon="1.053425">
        <ele>499.75</ele>
      </trkpt>
      <trkpt lat="41.406059" lon="1.057069">
        <ele>492.5</ele>
      </trkpt>
      <trkpt lat="41.405877" lon="1.060695">
        <ele>502.25</ele>
      </trkpt>
      <trkpt lat="41.405716" lon="1.065934">
        <ele>487.5</ele>
      </trkpt>
      <trkpt lat="41.405583" lon="1.071101">
        <ele>462.75</ele>
      </trkpt>
      <trkpt lat="41.404633" lon="1.103291">
        <ele>416.5</ele>
      </trkpt>
      <trkpt lat="41.4046" lon="1.104063">
        <ele>415</ele>
      </trkpt>
      <trkpt lat="41.404528" lon="1.107561">
        <ele>412.5</ele>
      </trkpt>
      <trkpt lat="41.404484" lon="1.110451">
        <ele>416.25</ele>
      </trkpt>
      <trkpt lat="41.404311" lon="1.115432">
        <ele>417.25</ele>
      </trkpt>
      <trkpt lat="41.40426" lon="1.117292">
        <ele>423.25</ele>
      </trkpt>
      <trkpt lat="41.404126" lon="1.119155">
        <ele>432.5</ele>
      </trkpt>
      <trkpt lat="41.403825" lon="1.122961">
        <ele>398.5</ele>
      </trkpt>
      <trkpt lat="41.403258" lon="1.127471">
        <ele>380.75</ele>
      </trkpt>
      <trkpt lat="41.402905" lon="1.129772">
        <ele>371.75</ele>
      </trkpt>
      <trkpt lat="41.402488" lon="1.13204">
        <ele>368.5</ele>
      </trkpt>
      <trkpt lat="41.401642" lon="1.135864">
        <ele>359</ele>
      </trkpt>
      <trkpt lat="41.400716" lon="1.139785">
        <ele>358.5</ele>
      </trkpt>
      <trkpt lat="41.399624" lon="1.143466">
        <ele>354.25</ele>
      </trkpt>
      <trkpt lat="41.398408" lon="1.147071">
        <ele>370.25</ele>
      </trkpt>
      <trkpt lat="41.397092" lon="1.150506">
        <ele>365.25</ele>
      </trkpt>
      <trkpt lat="41.395695" lon="1.153832">
        <ele>345.75</ele>
      </trkpt>
      <trkpt lat="41.393492" lon="1.158338">
        <ele>335.75</ele>
      </trkpt>
      <trkpt lat="41.392472" lon="1.160247">
        <ele>335.5</ele>
      </trkpt>
      <trkpt lat="41.392083" lon="1.160966">
        <ele>341.25</ele>
      </trkpt>
      <trkpt lat="41.391145" lon="1.162576">
        <ele>339</ele>
      </trkpt>
      <trkpt lat="41.390383" lon="1.163817">
        <ele>340</ele>
      </trkpt>
      <trkpt lat="41.390153" lon="1.16418">
        <ele>339.75</ele>
      </trkpt>
      <trkpt lat="41.388866" lon="1.16614">
        <ele>341.75</ele>
      </trkpt>
      <trkpt lat="41.388587" lon="1.166552">
        <ele>343.25</ele>
      </trkpt>
      <trkpt lat="41.38804" lon="1.167347">
        <ele>342</ele>
      </trkpt>
      <trkpt lat="41.387434" lon="1.168193">
        <ele>336</ele>
      </trkpt>
      <trkpt lat="41.387191" lon="1.168547">
        <ele>335</ele>
      </trkpt>
      <trkpt lat="41.387007" lon="1.168794">
        <ele>334.75</ele>
      </trkpt>
      <trkpt lat="41.386877" lon="1.168981">
        <ele>334.75</ele>
      </trkpt>
      <trkpt lat="41.386218" lon="1.169861">
        <ele>327.5</ele>
      </trkpt>
      <trkpt lat="41.386095" lon="1.170021">
        <ele>326</ele>
      </trkpt>
      <trkpt lat="41.385772" lon="1.170441">
        <ele>325.75</ele>
      </trkpt>
      <trkpt lat="41.385385" lon="1.170936">
        <ele>325.5</ele>
      </trkpt>
      <trkpt lat="41.384714" lon="1.171766">
        <ele>325.25</ele>
      </trkpt>
      <trkpt lat="41.384146" lon="1.172454">
        <ele>325.25</ele>
      </trkpt>
      <trkpt lat="41.38323" lon="1.173524">
        <ele>324.75</ele>
      </trkpt>
      <trkpt lat="41.382322" lon="1.174551">
        <ele>324.5</ele>
      </trkpt>
      <trkpt lat="41.381281" lon="1.17568">
        <ele>324.25</ele>
      </trkpt>
      <trkpt lat="41.380456" lon="1.176536">
        <ele>324.25</ele>
      </trkpt>
      <trkpt lat="41.379397" lon="1.177584">
        <ele>321</ele>
      </trkpt>
      <trkpt lat="41.37849" lon="1.178459">
        <ele>315.25</ele>
      </trkpt>
      <trkpt lat="41.378327" lon="1.178606">
        <ele>314.25</ele>
      </trkpt>
      <trkpt lat="41.377251" lon="1.179575">
        <ele>313.25</ele>
      </trkpt>
      <trkpt lat="41.376606" lon="1.180145">
        <ele>312</ele>
      </trkpt>
      <trkpt lat="41.37519" lon="1.181343">
        <ele>308.25</ele>
      </trkpt>
      <trkpt lat="41.374605" lon="1.181811">
        <ele>308.75</ele>
      </trkpt>
      <trkpt lat="41.373995" lon="1.182292">
        <ele>309.25</ele>
      </trkpt>
      <trkpt lat="41.373479" lon="1.182687">
        <ele>309.75</ele>
      </trkpt>
      <trkpt lat="41.372807" lon="1.183187">
        <ele>310.5</ele>
      </trkpt>
      <trkpt lat="41.37171" lon="1.183969">
        <ele>311.5</ele>
      </trkpt>
      <trkpt lat="41.370945" lon="1.184498">
        <ele>312.5</ele>
      </trkpt>
      <trkpt lat="41.370002" lon="1.185123">
        <ele>313.25</ele>
      </trkpt>
      <trkpt lat="41.369018" lon="1.18574">
        <ele>314.25</ele>
      </trkpt>
      <trkpt lat="41.368049" lon="1.186331">
        <ele>315.25</ele>
      </trkpt>
      <trkpt lat="41.366795" lon="1.187049">
        <ele>316.5</ele>
      </trkpt>
      <trkpt lat="41.365584" lon="1.187701">
        <ele>316.5</ele>
      </trkpt>
      <trkpt lat="41.364842" lon="1.188079">
        <ele>318.25</ele>
      </trkpt>
      <trkpt lat="41.364268" lon="1.188358">
        <ele>320.5</ele>
      </trkpt>
      <trkpt lat="41.363084" lon="1.188915">
        <ele>323.5</ele>
      </trkpt>
      <trkpt lat="41.362447" lon="1.189205">
        <ele>324.25</ele>
      </trkpt>
      <trkpt lat="41.361146" lon="1.189753">
        <ele>338</ele>
      </trkpt>
      <trkpt lat="41.356896" lon="1.191233">
        <ele>339.25</ele>
      </trkpt>
      <trkpt lat="41.354703" lon="1.191873">
        <ele>340</ele>
      </trkpt>
      <trkpt lat="41.35251" lon="1.192381">
        <ele>340.75</ele>
      </trkpt>
      <trkpt lat="41.350328" lon="1.192796">
        <ele>341.5</ele>
      </trkpt>
      <trkpt lat="41.348136" lon="1.19306">
        <ele>342</ele>
      </trkpt>
      <trkpt lat="41.346726" lon="1.193162">
        <ele>342.25</ele>
      </trkpt>
      <trkpt lat="41.342735" lon="1.193328">
        <ele>331.75</ele>
      </trkpt>
      <trkpt lat="41.338965" lon="1.19317">
        <ele>325</ele>
      </trkpt>
      <trkpt lat="41.336587" lon="1.192668">
        <ele>320.75</ele>
      </trkpt>
      <trkpt lat="41.334174" lon="1.192075">
        <ele>316.5</ele>
      </trkpt>
      <trkpt lat="41.329336" lon="1.190676">
        <ele>307.75</ele>
      </trkpt>
      <trkpt lat="41.320584" lon="1.188457">
        <ele>292.25</ele>
      </trkpt>
      <trkpt lat="41.319463" lon="1.18807">
        <ele>292.25</ele>
      </trkpt>
      <trkpt lat="41.313423" lon="1.186265">
        <ele>268.5</ele>
      </trkpt>
      <trkpt lat="41.311367" lon="1.185833">
        <ele>264.75</ele>
      </trkpt>
      <trkpt lat="41.308481" lon="1.185571">
        <ele>259.75</ele>
      </trkpt>
      <trkpt lat="41.301079" lon="1.185485">
        <ele>247</ele>
      </trkpt>
      <trkpt lat="41.292416" lon="1.185489">
        <ele>232.25</ele>
      </trkpt>
      <trkpt lat="41.290108" lon="1.185628">
        <ele>232.25</ele>
      </trkpt>
      <trkpt lat="41.286256" lon="1.185862">
        <ele>224.75</ele>
      </trkpt>
      <trkpt lat="41.285059" lon="1.185933">
        <ele>217</ele>
      </trkpt>
      <trkpt lat="41.279473" lon="1.186279">
        <ele>214.75</ele>
      </trkpt>
      <trkpt lat="41.278204" lon="1.186353">
        <ele>214.75</ele>
      </trkpt>
      <trkpt lat="41.27692" lon="1.186455">
        <ele>212.5</ele>
      </trkpt>
      <trkpt lat="41.275491" lon="1.186588">
        <ele>211.75</ele>
      </trkpt>
      <trkpt lat="41.274737" lon="1.186671">
        <ele>210.75</ele>
      </trkpt>
      <trkpt lat="41.273539" lon="1.186818">
        <ele>209</ele>
      </trkpt>
      <trkpt lat="41.271696" lon="1.187089">
        <ele>205.5</ele>
      </trkpt>
      <trkpt lat="41.269507" lon="1.187451">
        <ele>200.75</ele>
      </trkpt>
      <trkpt lat="41.268525" lon="1.187619">
        <ele>197.25</ele>
      </trkpt>
      <trkpt lat="41.268344" lon="1.187652">
        <ele>196.5</ele>
      </trkpt>
      <trkpt lat="41.266444" lon="1.188024">
        <ele>189.75</ele>
      </trkpt>
      <trkpt lat="41.264228" lon="1.188403">
        <ele>188</ele>
      </trkpt>
      <trkpt lat="41.263851" lon="1.188468">
        <ele>188.75</ele>
      </trkpt>
      <trkpt lat="41.263308" lon="1.188561">
        <ele>189.5</ele>
      </trkpt>
      <trkpt lat="41.260338" lon="1.189061">
        <ele>188.75</ele>
      </trkpt>
      <trkpt lat="41.260259" lon="1.189074">
        <ele>188.5</ele>
      </trkpt>
      <trkpt lat="41.257877" lon="1.189478">
        <ele>190.75</ele>
      </trkpt>
      <trkpt lat="41.257171" lon="1.189609">
        <ele>189.75</ele>
      </trkpt>
      <trkpt lat="41.255564" lon="1.189919">
        <ele>189.25</ele>
      </trkpt>
      <trkpt lat="41.254631" lon="1.190124">
        <ele>188</ele>
      </trkpt>
      <trkpt lat="41.253752" lon="1.190329">
        <ele>186</ele>
      </trkpt>
      <trkpt lat="41.252911" lon="1.190547">
        <ele>186</ele>
      </trkpt>
      <trkpt lat="41.251764" lon="1.190863">
        <ele>186.75</ele>
      </trkpt>
      <trkpt lat="41.25136" lon="1.190981">
        <ele>186</ele>
      </trkpt>
      <trkpt lat="41.250389" lon="1.191289">
        <ele>185.25</ele>
      </trkpt>
      <trkpt lat="41.249269" lon="1.191669">
        <ele>185.75</ele>
      </trkpt>
      <trkpt lat="41.247937" lon="1.19214">
        <ele>184.75</ele>
      </trkpt>
      <trkpt lat="41.246648" lon="1.19264">
        <ele>178</ele>
      </trkpt>
      <trkpt lat="41.24605" lon="1.192886">
        <ele>175.75</ele>
      </trkpt>
      <trkpt lat="41.244518" lon="1.193558">
        <ele>170.5</ele>
      </trkpt>
      <trkpt lat="41.243121" lon="1.194218">
        <ele>168</ele>
      </trkpt>
      <trkpt lat="41.242398" lon="1.194578">
        <ele>170</ele>
      </trkpt>
      <trkpt lat="41.241567" lon="1.195007">
        <ele>172.25</ele>
      </trkpt>
      <trkpt lat="41.240772" lon="1.195433">
        <ele>174.25</ele>
      </trkpt>
      <trkpt lat="41.239982" lon="1.195874">
        <ele>173</ele>
      </trkpt>
      <trkpt lat="41.238945" lon="1.196471">
        <ele>172.25</ele>
      </trkpt>
      <trkpt lat="41.237128" lon="1.197567">
        <ele>168.75</ele>
      </trkpt>
      <trkpt lat="41.233385" lon="1.199856">
        <ele>159.5</ele>
      </trkpt>
      <trkpt lat="41.232552" lon="1.200366">
        <ele>154.25</ele>
      </trkpt>
      <trkpt lat="41.232434" lon="1.200437">
        <ele>153.25</ele>
      </trkpt>
      <trkpt lat="41.229773" lon="1.202067">
        <ele>137.75</ele>
      </trkpt>
      <trkpt lat="41.228575" lon="1.202827">
        <ele>134</ele>
      </trkpt>
      <trkpt lat="41.227813" lon="1.203326">
        <ele>131.75</ele>
      </trkpt>
      <trkpt lat="41.227097" lon="1.203808">
        <ele>129.75</ele>
      </trkpt>
      <trkpt lat="41.226786" lon="1.204025">
        <ele>128.75</ele>
      </trkpt>
      <trkpt lat="41.22566" lon="1.204837">
        <ele>125.5</ele>
      </trkpt>
      <trkpt lat="41.224363" lon="1.205808">
        <ele>125.5</ele>
      </trkpt>
      <trkpt lat="41.223088" lon="1.206819">
        <ele>123</ele>
      </trkpt>
      <trkpt lat="41.221027" lon="1.208553">
        <ele>116.5</ele>
      </trkpt>
      <trkpt lat="41.220626" lon="1.2089">
        <ele>116</ele>
      </trkpt>
      <trkpt lat="41.219429" lon="1.210015">
        <ele>116.5</ele>
      </trkpt>
      <trkpt lat="41.218589" lon="1.210801">
        <ele>118.5</ele>
      </trkpt>
      <trkpt lat="41.218024" lon="1.211361">
        <ele>118.25</ele>
      </trkpt>
      <trkpt lat="41.217257" lon="1.212138">
        <ele>117.5</ele>
      </trkpt>
      <trkpt lat="41.216506" lon="1.212904">
        <ele>114.75</ele>
      </trkpt>
      <trkpt lat="41.215497" lon="1.214001">
        <ele>109.75</ele>
      </trkpt>
      <trkpt lat="41.213004" lon="1.216875">
        <ele>102</ele>
      </trkpt>
      <trkpt lat="41.211513" lon="1.21875">
        <ele>96.5</ele>
      </trkpt>
      <trkpt lat="41.210948" lon="1.219491">
        <ele>94.5</ele>
      </trkpt>
      <trkpt lat="41.209806" lon="1.221036">
        <ele>92</ele>
      </trkpt>
      <trkpt lat="41.208179" lon="1.223418">
        <ele>88.25</ele>
      </trkpt>
      <trkpt lat="41.207845" lon="1.223907">
        <ele>88.75</ele>
      </trkpt>
      <trkpt lat="41.207199" lon="1.224919">
        <ele>85.75</ele>
      </trkpt>
      <trkpt lat="41.20581" lon="1.227176">
        <ele>82.75</ele>
      </trkpt>
      <trkpt lat="41.204858" lon="1.228822">
        <ele>87</ele>
      </trkpt>
      <trkpt lat="41.203472" lon="1.231364">
        <ele>93.5</ele>
      </trkpt>
      <trkpt lat="41.202992" lon="1.232318">
        <ele>96</ele>
      </trkpt>
      <trkpt lat="41.201442" lon="1.235509">
        <ele>104</ele>
      </trkpt>
      <trkpt lat="41.200915" lon="1.236681">
        <ele>104</ele>
      </trkpt>
      <trkpt lat="41.200335" lon="1.238013">
        <ele>110.5</ele>
      </trkpt>
      <trkpt lat="41.199876" lon="1.239099">
        <ele>108.5</ele>
      </trkpt>
      <trkpt lat="41.19953" lon="1.239944">
        <ele>104.25</ele>
      </trkpt>
      <trkpt lat="41.198981" lon="1.24134">
        <ele>99</ele>
      </trkpt>
      <trkpt lat="41.198443" lon="1.24281">
        <ele>96.5</ele>
      </trkpt>
      <trkpt lat="41.198017" lon="1.244017">
        <ele>95</ele>
      </trkpt>
      <trkpt lat="41.19756" lon="1.245381">
        <ele>103.25</ele>
      </trkpt>
      <trkpt lat="41.197068" lon="1.246955">
        <ele>104</ele>
      </trkpt>
      <trkpt lat="41.196737" lon="1.248096">
        <ele>101.5</ele>
      </trkpt>
      <trkpt lat="41.196392" lon="1.249331">
        <ele>101.75</ele>
      </trkpt>
      <trkpt lat="41.196081" lon="1.250513">
        <ele>102.75</ele>
      </trkpt>
      <trkpt lat="41.195788" lon="1.251684">
        <ele>101</ele>
      </trkpt>
      <trkpt lat="41.195624" lon="1.252373">
        <ele>102.5</ele>
      </trkpt>
      <trkpt lat="41.195314" lon="1.25374">
        <ele>104</ele>
      </trkpt>
      <trkpt lat="41.195021" lon="1.255128">
        <ele>107.75</ele>
      </trkpt>
      <trkpt lat="41.194598" lon="1.257316">
        <ele>113.75</ele>
      </trkpt>
      <trkpt lat="41.19377" lon="1.261916">
        <ele>108.5</ele>
      </trkpt>
      <trkpt lat="41.193555" lon="1.263118">
        <ele>104</ele>
      </trkpt>
      <trkpt lat="41.193102" lon="1.265655">
        <ele>108.75</ele>
      </trkpt>
      <trkpt lat="41.192935" lon="1.26674">
        <ele>113.25</ele>
      </trkpt>
      <trkpt lat="41.192764" lon="1.267778">
        <ele>116</ele>
      </trkpt>
      <trkpt lat="41.191442" lon="1.275166">
        <ele>119.75</ele>
      </trkpt>
      <trkpt lat="41.191323" lon="1.275857">
        <ele>122.25</ele>
      </trkpt>
      <trkpt lat="41.191216" lon="1.276449">
        <ele>124</ele>
      </trkpt>
      <trkpt lat="41.190692" lon="1.279139">
        <ele>133.5</ele>
      </trkpt>
      <trkpt lat="41.190476" lon="1.280338">
        <ele>132.75</ele>
      </trkpt>
      <trkpt lat="41.190128" lon="1.28265">
        <ele>131.5</ele>
      </trkpt>
      <trkpt lat="41.189379" lon="1.287248">
        <ele>129</ele>
      </trkpt>
      <trkpt lat="41.189228" lon="1.288234">
        <ele>128.5</ele>
      </trkpt>
      <trkpt lat="41.18889" lon="1.290626">
        <ele>127.25</ele>
      </trkpt>
      <trkpt lat="41.188727" lon="1.291908">
        <ele>126.5</ele>
      </trkpt>
      <trkpt lat="41.18863" lon="1.29273">
        <ele>126.25</ele>
      </trkpt>
      <trkpt lat="41.188513" lon="1.293919">
        <ele>126.25</ele>
      </trkpt>
      <trkpt lat="41.188098" lon="1.298357">
        <ele>110.25</ele>
      </trkpt>
      <trkpt lat="41.187592" lon="1.303775">
        <ele>98.25</ele>
      </trkpt>
      <trkpt lat="41.186857" lon="1.311594">
        <ele>96</ele>
      </trkpt>
      <trkpt lat="41.186777" lon="1.312399">
        <ele>100</ele>
      </trkpt>
      <trkpt lat="41.186604" lon="1.314109">
        <ele>99.5</ele>
      </trkpt>
      <trkpt lat="41.186413" lon="1.315892">
        <ele>88.5</ele>
      </trkpt>
      <trkpt lat="41.186211" lon="1.31756">
        <ele>89.75</ele>
      </trkpt>
      <trkpt lat="41.185993" lon="1.31924">
        <ele>94</ele>
      </trkpt>
      <trkpt lat="41.185634" lon="1.321727">
        <ele>88.5</ele>
      </trkpt>
      <trkpt lat="41.185322" lon="1.323745">
        <ele>88.5</ele>
      </trkpt>
      <trkpt lat="41.185032" lon="1.325489">
        <ele>80</ele>
      </trkpt>
      <trkpt lat="41.184804" lon="1.32679">
        <ele>74.5</ele>
      </trkpt>
      <trkpt lat="41.184278" lon="1.329565">
        <ele>77</ele>
      </trkpt>
      <trkpt lat="41.184006" lon="1.330907">
        <ele>76.5</ele>
      </trkpt>
      <trkpt lat="41.183707" lon="1.332329">
        <ele>71.25</ele>
      </trkpt>
      <trkpt lat="41.18369" lon="1.332408">
        <ele>70.75</ele>
      </trkpt>
      <trkpt lat="41.1831" lon="1.335042">
        <ele>83</ele>
      </trkpt>
      <trkpt lat="41.183069" lon="1.335176">
        <ele>85.25</ele>
      </trkpt>
      <trkpt lat="41.18288" lon="1.336009">
        <ele>96</ele>
      </trkpt>
      <trkpt lat="41.182331" lon="1.338331">
        <ele>102.5</ele>
      </trkpt>
      <trkpt lat="41.181726" lon="1.340837">
        <ele>113.25</ele>
      </trkpt>
      <trkpt lat="41.18129" lon="1.342682">
        <ele>114.5</ele>
      </trkpt>
      <trkpt lat="41.180538" lon="1.345817">
        <ele>96.75</ele>
      </trkpt>
      <trkpt lat="41.180256" lon="1.347015">
        <ele>89.25</ele>
      </trkpt>
      <trkpt lat="41.179802" lon="1.349013">
        <ele>80.25</ele>
      </trkpt>
      <trkpt lat="41.17979" lon="1.349064">
        <ele>80</ele>
      </trkpt>
      <trkpt lat="41.179212" lon="1.351905">
        <ele>68.75</ele>
      </trkpt>
      <trkpt lat="41.178925" lon="1.353469">
        <ele>60.75</ele>
      </trkpt>
      <trkpt lat="41.178813" lon="1.354122">
        <ele>59.5</ele>
      </trkpt>
      <trkpt lat="41.178583" lon="1.355529">
        <ele>61.5</ele>
      </trkpt>
      <trkpt lat="41.178391" lon="1.356813">
        <ele>62</ele>
      </trkpt>
      <trkpt lat="41.178201" lon="1.358171">
        <ele>56.5</ele>
      </trkpt>
      <trkpt lat="41.178026" lon="1.359501">
        <ele>51.5</ele>
      </trkpt>
      <trkpt lat="41.178012" lon="1.359624">
        <ele>51.5</ele>
      </trkpt>
      <trkpt lat="41.17787" lon="1.360905">
        <ele>55.75</ele>
      </trkpt>
      <trkpt lat="41.177724" lon="1.362383">
        <ele>55.25</ele>
      </trkpt>
      <trkpt lat="41.177598" lon="1.363824">
        <ele>53</ele>
      </trkpt>
      <trkpt lat="41.177461" lon="1.365619">
        <ele>41.25</ele>
      </trkpt>
      <trkpt lat="41.17732" lon="1.368469">
        <ele>48.75</ele>
      </trkpt>
      <trkpt lat="41.177275" lon="1.3697">
        <ele>58</ele>
      </trkpt>
      <trkpt lat="41.177228" lon="1.371687">
        <ele>58.75</ele>
      </trkpt>
      <trkpt lat="41.177225" lon="1.37186">
        <ele>58.75</ele>
      </trkpt>
      <trkpt lat="41.177215" lon="1.372327">
        <ele>58.75</ele>
      </trkpt>
      <trkpt lat="41.177231" lon="1.374485">
        <ele>65.5</ele>
      </trkpt>
      <trkpt lat="41.177244" lon="1.375217">
        <ele>68.75</ele>
      </trkpt>
      <trkpt lat="41.177257" lon="1.375921">
        <ele>73</ele>
      </trkpt>
      <trkpt lat="41.177285" lon="1.376943">
        <ele>81</ele>
      </trkpt>
      <trkpt lat="41.177325" lon="1.377981">
        <ele>86.75</ele>
      </trkpt>
      <trkpt lat="41.177378" lon="1.379139">
        <ele>88.5</ele>
      </trkpt>
      <trkpt lat="41.177434" lon="1.380075">
        <ele>92.75</ele>
      </trkpt>
      <trkpt lat="41.177578" lon="1.382135">
        <ele>103</ele>
      </trkpt>
      <trkpt lat="41.177923" lon="1.386522">
        <ele>85</ele>
      </trkpt>
      <trkpt lat="41.177939" lon="1.386724">
        <ele>83.75</ele>
      </trkpt>
      <trkpt lat="41.178373" lon="1.392208">
        <ele>69.25</ele>
      </trkpt>
      <trkpt lat="41.17873" lon="1.396468">
        <ele>83.25</ele>
      </trkpt>
      <trkpt lat="41.17878" lon="1.397008">
        <ele>86</ele>
      </trkpt>
      <trkpt lat="41.179051" lon="1.399894">
        <ele>86.75</ele>
      </trkpt>
      <trkpt lat="41.179241" lon="1.401649">
        <ele>87.25</ele>
      </trkpt>
      <trkpt lat="41.17944" lon="1.403265">
        <ele>87.5</ele>
      </trkpt>
      <trkpt lat="41.179599" lon="1.404401">
        <ele>87.75</ele>
      </trkpt>
      <trkpt lat="41.179875" lon="1.406167">
        <ele>88</ele>
      </trkpt>
      <trkpt lat="41.179962" lon="1.406689">
        <ele>83</ele>
      </trkpt>
      <trkpt lat="41.180114" lon="1.407572">
        <ele>76.5</ele>
      </trkpt>
      <trkpt lat="41.180348" lon="1.408862">
        <ele>69.25</ele>
      </trkpt>
      <trkpt lat="41.180527" lon="1.409811">
        <ele>62.25</ele>
      </trkpt>
      <trkpt lat="41.180973" lon="1.411954">
        <ele>69.25</ele>
      </trkpt>
      <trkpt lat="41.181154" lon="1.412792">
        <ele>75.75</ele>
      </trkpt>
      <trkpt lat="41.181386" lon="1.413779">
        <ele>79</ele>
      </trkpt>
      <trkpt lat="41.18182" lon="1.415564">
        <ele>67.5</ele>
      </trkpt>
      <trkpt lat="41.182047" lon="1.416457">
        <ele>68</ele>
      </trkpt>
      <trkpt lat="41.182506" lon="1.418159">
        <ele>82.75</ele>
      </trkpt>
      <trkpt lat="41.182778" lon="1.419106">
        <ele>85.5</ele>
      </trkpt>
      <trkpt lat="41.182916" lon="1.419566">
        <ele>83.75</ele>
      </trkpt>
      <trkpt lat="41.183161" lon="1.420375">
        <ele>80</ele>
      </trkpt>
      <trkpt lat="41.183225" lon="1.420586">
        <ele>79</ele>
      </trkpt>
      <trkpt lat="41.183849" lon="1.422579">
        <ele>77.25</ele>
      </trkpt>
      <trkpt lat="41.184522" lon="1.424642">
        <ele>73.75</ele>
      </trkpt>
      <trkpt lat="41.184759" lon="1.425366">
        <ele>78.75</ele>
      </trkpt>
      <trkpt lat="41.184931" lon="1.425887">
        <ele>85.25</ele>
      </trkpt>
      <trkpt lat="41.186089" lon="1.429405">
        <ele>93.5</ele>
      </trkpt>
      <trkpt lat="41.187737" lon="1.434411">
        <ele>109</ele>
      </trkpt>
      <trkpt lat="41.188052" lon="1.435372">
        <ele>97</ele>
      </trkpt>
      <trkpt lat="41.188179" lon="1.435756">
        <ele>96.25</ele>
      </trkpt>
      <trkpt lat="41.18902" lon="1.438309">
        <ele>100</ele>
      </trkpt>
      <trkpt lat="41.18904" lon="1.43837">
        <ele>98.5</ele>
      </trkpt>
      <trkpt lat="41.190155" lon="1.441761">
        <ele>97</ele>
      </trkpt>
      <trkpt lat="41.19022" lon="1.44196">
        <ele>102.5</ele>
      </trkpt>
      <trkpt lat="41.191897" lon="1.447069">
        <ele>119.25</ele>
      </trkpt>
      <trkpt lat="41.192069" lon="1.447592">
        <ele>99</ele>
      </trkpt>
      <trkpt lat="41.193325" lon="1.451415">
        <ele>97.75</ele>
      </trkpt>
      <trkpt lat="41.193826" lon="1.452974">
        <ele>123.25</ele>
      </trkpt>
      <trkpt lat="41.194447" lon="1.454975">
        <ele>126</ele>
      </trkpt>
      <trkpt lat="41.194558" lon="1.455349">
        <ele>127.75</ele>
      </trkpt>
      <trkpt lat="41.195059" lon="1.457047">
        <ele>136</ele>
      </trkpt>
      <trkpt lat="41.195528" lon="1.458684">
        <ele>144.25</ele>
      </trkpt>
      <trkpt lat="41.196439" lon="1.46179">
        <ele>144.25</ele>
      </trkpt>
      <trkpt lat="41.197347" lon="1.464837">
        <ele>144.25</ele>
      </trkpt>
      <trkpt lat="41.198828" lon="1.469832">
        <ele>144.75</ele>
      </trkpt>
      <trkpt lat="41.199926" lon="1.473676">
        <ele>148.5</ele>
      </trkpt>
      <trkpt lat="41.200436" lon="1.475413">
        <ele>145.25</ele>
      </trkpt>
      <trkpt lat="41.201562" lon="1.479076">
        <ele>138.5</ele>
      </trkpt>
      <trkpt lat="41.202511" lon="1.481972">
        <ele>133</ele>
      </trkpt>
      <trkpt lat="41.203371" lon="1.484346">
        <ele>128.5</ele>
      </trkpt>
      <trkpt lat="41.204085" lon="1.486182">
        <ele>125</ele>
      </trkpt>
      <trkpt lat="41.204634" lon="1.48748">
        <ele>122.5</ele>
      </trkpt>
      <trkpt lat="41.205389" lon="1.48914">
        <ele>119</ele>
      </trkpt>
      <trkpt lat="41.205986" lon="1.490408">
        <ele>116.5</ele>
      </trkpt>
      <trkpt lat="41.206525" lon="1.491446">
        <ele>114.25</ele>
      </trkpt>
      <trkpt lat="41.20794" lon="1.494058">
        <ele>109</ele>
      </trkpt>
      <trkpt lat="41.208543" lon="1.495175">
        <ele>109</ele>
      </trkpt>
      <trkpt lat="41.209362" lon="1.496636">
        <ele>106</ele>
      </trkpt>
      <trkpt lat="41.209687" lon="1.4972">
        <ele>109</ele>
      </trkpt>
      <trkpt lat="41.210337" lon="1.498302">
        <ele>115</ele>
      </trkpt>
      <trkpt lat="41.211393" lon="1.500032">
        <ele>125</ele>
      </trkpt>
      <trkpt lat="41.212064" lon="1.501061">
        <ele>131</ele>
      </trkpt>
      <trkpt lat="41.21296" lon="1.502395">
        <ele>131</ele>
      </trkpt>
      <trkpt lat="41.214358" lon="1.504413">
        <ele>123.75</ele>
      </trkpt>
      <trkpt lat="41.215968" lon="1.50669">
        <ele>110.5</ele>
      </trkpt>
      <trkpt lat="41.216204" lon="1.507023">
        <ele>112.25</ele>
      </trkpt>
      <trkpt lat="41.218668" lon="1.510498">
        <ele>124</ele>
      </trkpt>
      <trkpt lat="41.219712" lon="1.511979">
        <ele>108.5</ele>
      </trkpt>
      <trkpt lat="41.220163" lon="1.51263">
        <ele>103.5</ele>
      </trkpt>
      <trkpt lat="41.22083" lon="1.513622">
        <ele>101.5</ele>
      </trkpt>
      <trkpt lat="41.221523" lon="1.51469">
        <ele>95.5</ele>
      </trkpt>
      <trkpt lat="41.221669" lon="1.514908">
        <ele>95</ele>
      </trkpt>
      <trkpt lat="41.222157" lon="1.515691">
        <ele>104</ele>
      </trkpt>
      <trkpt lat="41.222644" lon="1.516495">
        <ele>113</ele>
      </trkpt>
      <trkpt lat="41.223355" lon="1.51769">
        <ele>113</ele>
      </trkpt>
      <trkpt lat="41.22388" lon="1.518614">
        <ele>95.75</ele>
      </trkpt>
      <trkpt lat="41.224279" lon="1.519339">
        <ele>85.75</ele>
      </trkpt>
      <trkpt lat="41.224898" lon="1.520499">
        <ele>81.5</ele>
      </trkpt>
      <trkpt lat="41.227893" lon="1.526823">
        <ele>73</ele>
      </trkpt>
      <trkpt lat="41.22857" lon="1.528464">
        <ele>69.75</ele>
      </trkpt>
      <trkpt lat="41.22888" lon="1.529252">
        <ele>69</ele>
      </trkpt>
      <trkpt lat="41.22949" lon="1.530856">
        <ele>68</ele>
      </trkpt>
      <trkpt lat="41.229721" lon="1.531492">
        <ele>67.75</ele>
      </trkpt>
      <trkpt lat="41.230145" lon="1.532695">
        <ele>67</ele>
      </trkpt>
      <trkpt lat="41.23062" lon="1.534122">
        <ele>66</ele>
      </trkpt>
      <trkpt lat="41.231006" lon="1.53534">
        <ele>65.25</ele>
      </trkpt>
      <trkpt lat="41.231503" lon="1.53698">
        <ele>64.25</ele>
      </trkpt>
      <trkpt lat="41.232648" lon="1.540894">
        <ele>61.75</ele>
      </trkpt>
      <trkpt lat="41.233021" lon="1.542129">
        <ele>61</ele>
      </trkpt>
      <trkpt lat="41.233183" lon="1.542633">
        <ele>60.5</ele>
      </trkpt>
      <trkpt lat="41.233261" lon="1.54289">
        <ele>60.75</ele>
      </trkpt>
      <trkpt lat="41.233544" lon="1.54375">
        <ele>64</ele>
      </trkpt>
      <trkpt lat="41.233769" lon="1.544422">
        <ele>65.25</ele>
      </trkpt>
      <trkpt lat="41.234061" lon="1.545257">
        <ele>65.25</ele>
      </trkpt>
      <trkpt lat="41.234603" lon="1.546751">
        <ele>67.25</ele>
      </trkpt>
      <trkpt lat="41.235101" lon="1.548045">
        <ele>65.75</ele>
      </trkpt>
      <trkpt lat="41.235455" lon="1.548924">
        <ele>66.5</ele>
      </trkpt>
      <trkpt lat="41.235814" lon="1.549795">
        <ele>70</ele>
      </trkpt>
      <trkpt lat="41.236241" lon="1.550797">
        <ele>70</ele>
      </trkpt>
      <trkpt lat="41.236979" lon="1.552437">
        <ele>71</ele>
      </trkpt>
      <trkpt lat="41.237551" lon="1.55364">
        <ele>77.75</ele>
      </trkpt>
      <trkpt lat="41.237959" lon="1.554469">
        <ele>79</ele>
      </trkpt>
      <trkpt lat="41.238347" lon="1.555236">
        <ele>79</ele>
      </trkpt>
      <trkpt lat="41.238751" lon="1.556009">
        <ele>79.25</ele>
      </trkpt>
      <trkpt lat="41.239293" lon="1.557015">
        <ele>79.25</ele>
      </trkpt>
      <trkpt lat="41.239707" lon="1.557759">
        <ele>80.25</ele>
      </trkpt>
      <trkpt lat="41.239872" lon="1.558039">
        <ele>81</ele>
      </trkpt>
      <trkpt lat="41.240094" lon="1.558441">
        <ele>82</ele>
      </trkpt>
      <trkpt lat="41.240384" lon="1.558935">
        <ele>82.5</ele>
      </trkpt>
      <trkpt lat="41.241012" lon="1.559979">
        <ele>83.5</ele>
      </trkpt>
      <trkpt lat="41.241704" lon="1.561093">
        <ele>84.25</ele>
      </trkpt>
      <trkpt lat="41.242196" lon="1.561855">
        <ele>85.5</ele>
      </trkpt>
      <trkpt lat="41.242579" lon="1.562435">
        <ele>86</ele>
      </trkpt>
      <trkpt lat="41.242971" lon="1.56302">
        <ele>87</ele>
      </trkpt>
      <trkpt lat="41.243389" lon="1.563629">
        <ele>88.25</ele>
      </trkpt>
      <trkpt lat="41.243944" lon="1.564417">
        <ele>89.75</ele>
      </trkpt>
      <trkpt lat="41.244522" lon="1.565215">
        <ele>90</ele>
      </trkpt>
      <trkpt lat="41.245093" lon="1.565985">
        <ele>91.75</ele>
      </trkpt>
      <trkpt lat="41.246156" lon="1.56735">
        <ele>95</ele>
      </trkpt>
      <trkpt lat="41.246766" lon="1.568108">
        <ele>96.5</ele>
      </trkpt>
      <trkpt lat="41.247157" lon="1.568582">
        <ele>97</ele>
      </trkpt>
      <trkpt lat="41.260517" lon="1.584527">
        <ele>124.5</ele>
      </trkpt>
      <trkpt lat="41.26251" lon="1.586867">
        <ele>129.75</ele>
      </trkpt>
      <trkpt lat="41.264" lon="1.588591">
        <ele>131</ele>
      </trkpt>
      <trkpt lat="41.270244" lon="1.595959">
        <ele>141.5</ele>
      </trkpt>
      <trkpt lat="41.275671" lon="1.602393">
        <ele>149.75</ele>
      </trkpt>
      <trkpt lat="41.280914" lon="1.608616">
        <ele>144.5</ele>
      </trkpt>
      <trkpt lat="41.284447" lon="1.612804">
        <ele>142.75</ele>
      </trkpt>
      <trkpt lat="41.285228" lon="1.613734">
        <ele>143</ele>
      </trkpt>
      <trkpt lat="41.285795" lon="1.614413">
        <ele>145.75</ele>
      </trkpt>
      <trkpt lat="41.287579" lon="1.616525">
        <ele>145.75</ele>
      </trkpt>
      <trkpt lat="41.289062" lon="1.618294">
        <ele>147.5</ele>
      </trkpt>
      <trkpt lat="41.289122" lon="1.618365">
        <ele>147.75</ele>
      </trkpt>
      <trkpt lat="41.289709" lon="1.619075">
        <ele>145.25</ele>
      </trkpt>
      <trkpt lat="41.290442" lon="1.619984">
        <ele>146.5</ele>
      </trkpt>
      <trkpt lat="41.290876" lon="1.620536">
        <ele>147</ele>
      </trkpt>
      <trkpt lat="41.291615" lon="1.621505">
        <ele>151.25</ele>
      </trkpt>
      <trkpt lat="41.292056" lon="1.622101">
        <ele>152</ele>
      </trkpt>
      <trkpt lat="41.292675" lon="1.622957">
        <ele>151</ele>
      </trkpt>
      <trkpt lat="41.293548" lon="1.624217">
        <ele>148.5</ele>
      </trkpt>
      <trkpt lat="41.294061" lon="1.62498">
        <ele>147.75</ele>
      </trkpt>
      <trkpt lat="41.294733" lon="1.626016">
        <ele>148.5</ele>
      </trkpt>
      <trkpt lat="41.295243" lon="1.626825">
        <ele>149.75</ele>
      </trkpt>
      <trkpt lat="41.295955" lon="1.627996">
        <ele>150</ele>
      </trkpt>
      <trkpt lat="41.296733" lon="1.62932">
        <ele>147</ele>
      </trkpt>
      <trkpt lat="41.297316" lon="1.63033">
        <ele>147</ele>
      </trkpt>
      <trkpt lat="41.300234" lon="1.635417">
        <ele>150.25</ele>
      </trkpt>
      <trkpt lat="41.301218" lon="1.637084">
        <ele>146.5</ele>
      </trkpt>
      <trkpt lat="41.303375" lon="1.640684">
        <ele>147</ele>
      </trkpt>
      <trkpt lat="41.31257" lon="1.656758">
        <ele>162</ele>
      </trkpt>
      <trkpt lat="41.313421" lon="1.65829">
        <ele>162.75</ele>
      </trkpt>
      <trkpt lat="41.315914" lon="1.662798">
        <ele>163.5</ele>
      </trkpt>
      <trkpt lat="41.316393" lon="1.663683">
        <ele>164.25</ele>
      </trkpt>
      <trkpt lat="41.316761" lon="1.66438">
        <ele>165.75</ele>
      </trkpt>
      <trkpt lat="41.317456" lon="1.665731">
        <ele>164</ele>
      </trkpt>
      <trkpt lat="41.317517" lon="1.665856">
        <ele>163.75</ele>
      </trkpt>
      <trkpt lat="41.317959" lon="1.66675">
        <ele>165</ele>
      </trkpt>
      <trkpt lat="41.318325" lon="1.667526">
        <ele>166.25</ele>
      </trkpt>
      <trkpt lat="41.319084" lon="1.669201">
        <ele>168.75</ele>
      </trkpt>
      <trkpt lat="41.319331" lon="1.669759">
        <ele>168.75</ele>
      </trkpt>
      <trkpt lat="41.32087" lon="1.673386">
        <ele>185</ele>
      </trkpt>
      <trkpt lat="41.320969" lon="1.673608">
        <ele>185</ele>
      </trkpt>
      <trkpt lat="41.321352" lon="1.674519">
        <ele>183.75</ele>
      </trkpt>
      <trkpt lat="41.321805" lon="1.675555">
        <ele>185.75</ele>
      </trkpt>
      <trkpt lat="41.322423" lon="1.67691">
        <ele>187</ele>
      </trkpt>
      <trkpt lat="41.322885" lon="1.677876">
        <ele>188.75</ele>
      </trkpt>
      <trkpt lat="41.323154" lon="1.678419">
        <ele>189.5</ele>
      </trkpt>
      <trkpt lat="41.323476" lon="1.679061">
        <ele>187.75</ele>
      </trkpt>
      <trkpt lat="41.323981" lon="1.680038">
        <ele>188.5</ele>
      </trkpt>
      <trkpt lat="41.324658" lon="1.681281">
        <ele>188</ele>
      </trkpt>
      <trkpt lat="41.325121" lon="1.682104">
        <ele>190</ele>
      </trkpt>
      <trkpt lat="41.325637" lon="1.682983">
        <ele>195</ele>
      </trkpt>
      <trkpt lat="41.325834" lon="1.683317">
        <ele>197.75</ele>
      </trkpt>
      <trkpt lat="41.326619" lon="1.684608">
        <ele>204.75</ele>
      </trkpt>
      <trkpt lat="41.327321" lon="1.685705">
        <ele>206.25</ele>
      </trkpt>
      <trkpt lat="41.328802" lon="1.687859">
        <ele>203</ele>
      </trkpt>
      <trkpt lat="41.32895" lon="1.688074">
        <ele>203.5</ele>
      </trkpt>
      <trkpt lat="41.329683" lon="1.689073">
        <ele>202.75</ele>
      </trkpt>
      <trkpt lat="41.330135" lon="1.689668">
        <ele>202</ele>
      </trkpt>
      <trkpt lat="41.330841" lon="1.690563">
        <ele>195.5</ele>
      </trkpt>
      <trkpt lat="41.331587" lon="1.691478">
        <ele>196.5</ele>
      </trkpt>
      <trkpt lat="41.331975" lon="1.691943">
        <ele>196.25</ele>
      </trkpt>
      <trkpt lat="41.33238" lon="1.692414">
        <ele>196</ele>
      </trkpt>
      <trkpt lat="41.33325" lon="1.693393">
        <ele>199.75</ele>
      </trkpt>
      <trkpt lat="41.333782" lon="1.693971">
        <ele>204</ele>
      </trkpt>
      <trkpt lat="41.334383" lon="1.694605">
        <ele>205.5</ele>
      </trkpt>
      <trkpt lat="41.334814" lon="1.695051">
        <ele>206.5</ele>
      </trkpt>
      <trkpt lat="41.335493" lon="1.695733">
        <ele>207.5</ele>
      </trkpt>
      <trkpt lat="41.336036" lon="1.696256">
        <ele>208.75</ele>
      </trkpt>
      <trkpt lat="41.33685" lon="1.697019">
        <ele>213.25</ele>
      </trkpt>
      <trkpt lat="41.337239" lon="1.697373">
        <ele>214.5</ele>
      </trkpt>
      <trkpt lat="41.33832" lon="1.698318">
        <ele>215.25</ele>
      </trkpt>
      <trkpt lat="41.343975" lon="1.702981">
        <ele>220.25</ele>
      </trkpt>
      <trkpt lat="41.348404" lon="1.706741">
        <ele>224.25</ele>
      </trkpt>
      <trkpt lat="41.355833" lon="1.712954">
        <ele>224.25</ele>
      </trkpt>
      <trkpt lat="41.35656" lon="1.713487">
        <ele>224.75</ele>
      </trkpt>
      <trkpt lat="41.356999" lon="1.713827">
        <ele>225.5</ele>
      </trkpt>
      <trkpt lat="41.357286" lon="1.714059">
        <ele>226.25</ele>
      </trkpt>
      <trkpt lat="41.361323" lon="1.717437">
        <ele>231.25</ele>
      </trkpt>
      <trkpt lat="41.361596" lon="1.717673">
        <ele>231.25</ele>
      </trkpt>
      <trkpt lat="41.361924" lon="1.717975">
        <ele>232.75</ele>
      </trkpt>
      <trkpt lat="41.36212" lon="1.718153">
        <ele>233.75</ele>
      </trkpt>
      <trkpt lat="41.36248" lon="1.718504">
        <ele>236.5</ele>
      </trkpt>
      <trkpt lat="41.362729" lon="1.718712">
        <ele>237.75</ele>
      </trkpt>
      <trkpt lat="41.363507" lon="1.719362">
        <ele>239</ele>
      </trkpt>
      <trkpt lat="41.367481" lon="1.72268">
        <ele>244</ele>
      </trkpt>
      <trkpt lat="41.37103" lon="1.725652">
        <ele>243.25</ele>
      </trkpt>
      <trkpt lat="41.372191" lon="1.726655">
        <ele>244.25</ele>
      </trkpt>
      <trkpt lat="41.372468" lon="1.726906">
        <ele>244.75</ele>
      </trkpt>
      <trkpt lat="41.373524" lon="1.727864">
        <ele>248</ele>
      </trkpt>
      <trkpt lat="41.374778" lon="1.729054">
        <ele>250</ele>
      </trkpt>
      <trkpt lat="41.375602" lon="1.729866">
        <ele>252.75</ele>
      </trkpt>
      <trkpt lat="41.376362" lon="1.730642">
        <ele>249.25</ele>
      </trkpt>
      <trkpt lat="41.377246" lon="1.731569">
        <ele>245.5</ele>
      </trkpt>
      <trkpt lat="41.378033" lon="1.73243">
        <ele>240.5</ele>
      </trkpt>
      <trkpt lat="41.378417" lon="1.732854">
        <ele>240</ele>
      </trkpt>
      <trkpt lat="41.3794" lon="1.733978">
        <ele>240.25</ele>
      </trkpt>
      <trkpt lat="41.380166" lon="1.73488">
        <ele>234</ele>
      </trkpt>
      <trkpt lat="41.381408" lon="1.736422">
        <ele>229</ele>
      </trkpt>
      <trkpt lat="41.381764" lon="1.736868">
        <ele>227.5</ele>
      </trkpt>
      <trkpt lat="41.382854" lon="1.738295">
        <ele>223.5</ele>
      </trkpt>
      <trkpt lat="41.383668" lon="1.739434">
        <ele>221.75</ele>
      </trkpt>
      <trkpt lat="41.384229" lon="1.740242">
        <ele>220.5</ele>
      </trkpt>
      <trkpt lat="41.384775" lon="1.741013">
        <ele>216.75</ele>
      </trkpt>
      <trkpt lat="41.385638" lon="1.742286">
        <ele>214.25</ele>
      </trkpt>
      <trkpt lat="41.385965" lon="1.742758">
        <ele>213.5</ele>
      </trkpt>
      <trkpt lat="41.386638" lon="1.743765">
        <ele>209.75</ele>
      </trkpt>
      <trkpt lat="41.38692" lon="1.744175">
        <ele>209.25</ele>
      </trkpt>
      <trkpt lat="41.391276" lon="1.750664">
        <ele>185</ele>
      </trkpt>
      <trkpt lat="41.392301" lon="1.752179">
        <ele>184.75</ele>
      </trkpt>
      <trkpt lat="41.395202" lon="1.7565">
        <ele>172.5</ele>
      </trkpt>
      <trkpt lat="41.396962" lon="1.759115">
        <ele>167.75</ele>
      </trkpt>
      <trkpt lat="41.397908" lon="1.76052">
        <ele>173.75</ele>
      </trkpt>
      <trkpt lat="41.398424" lon="1.761288">
        <ele>175.5</ele>
      </trkpt>
      <trkpt lat="41.398513" lon="1.761419">
        <ele>175.25</ele>
      </trkpt>
      <trkpt lat="41.40071" lon="1.76466">
        <ele>171</ele>
      </trkpt>
      <trkpt lat="41.403031" lon="1.768143">
        <ele>169.25</ele>
      </trkpt>
      <trkpt lat="41.403106" lon="1.768256">
        <ele>168.25</ele>
      </trkpt>
      <trkpt lat="41.403337" lon="1.7686">
        <ele>166.25</ele>
      </trkpt>
      <trkpt lat="41.403391" lon="1.768681">
        <ele>166.25</ele>
      </trkpt>
      <trkpt lat="41.404764" lon="1.770724">
        <ele>164</ele>
      </trkpt>
      <trkpt lat="41.404811" lon="1.770793">
        <ele>163.25</ele>
      </trkpt>
      <trkpt lat="41.406697" lon="1.773601">
        <ele>148.75</ele>
      </trkpt>
      <trkpt lat="41.408752" lon="1.776658">
        <ele>159.75</ele>
      </trkpt>
      <trkpt lat="41.409971" lon="1.778477">
        <ele>174.25</ele>
      </trkpt>
      <trkpt lat="41.411244" lon="1.780418">
        <ele>171.25</ele>
      </trkpt>
      <trkpt lat="41.411505" lon="1.780827">
        <ele>170.5</ele>
      </trkpt>
      <trkpt lat="41.412606" lon="1.782589">
        <ele>161.5</ele>
      </trkpt>
      <trkpt lat="41.412928" lon="1.783125">
        <ele>173.25</ele>
      </trkpt>
      <trkpt lat="41.413772" lon="1.784539">
        <ele>172.5</ele>
      </trkpt>
      <trkpt lat="41.415098" lon="1.78683">
        <ele>158.75</ele>
      </trkpt>
      <trkpt lat="41.415202" lon="1.787011">
        <ele>159</ele>
      </trkpt>
      <trkpt lat="41.416196" lon="1.788871">
        <ele>158.25</ele>
      </trkpt>
      <trkpt lat="41.416833" lon="1.79009">
        <ele>161</ele>
      </trkpt>
      <trkpt lat="41.417673" lon="1.791726">
        <ele>169.5</ele>
      </trkpt>
      <trkpt lat="41.418932" lon="1.794314">
        <ele>169.25</ele>
      </trkpt>
      <trkpt lat="41.419264" lon="1.795034">
        <ele>167.25</ele>
      </trkpt>
      <trkpt lat="41.420522" lon="1.797773">
        <ele>159.75</ele>
      </trkpt>
      <trkpt lat="41.421731" lon="1.800484">
        <ele>152.5</ele>
      </trkpt>
      <trkpt lat="41.422737" lon="1.802679">
        <ele>146.5</ele>
      </trkpt>
      <trkpt lat="41.423059" lon="1.803365">
        <ele>144.75</ele>
      </trkpt>
      <trkpt lat="41.423738" lon="1.804775">
        <ele>140.75</ele>
      </trkpt>
      <trkpt lat="41.424483" lon="1.806272">
        <ele>136.5</ele>
      </trkpt>
      <trkpt lat="41.424985" lon="1.807256">
        <ele>136.75</ele>
      </trkpt>
      <trkpt lat="41.425584" lon="1.808403">
        <ele>133</ele>
      </trkpt>
      <trkpt lat="41.426179" lon="1.809517">
        <ele>128.5</ele>
      </trkpt>
      <trkpt lat="41.427036" lon="1.811058">
        <ele>120.5</ele>
      </trkpt>
      <trkpt lat="41.42748" lon="1.811828">
        <ele>119.25</ele>
      </trkpt>
      <trkpt lat="41.427917" lon="1.812575">
        <ele>119.5</ele>
      </trkpt>
      <trkpt lat="41.428518" lon="1.81357">
        <ele>119.75</ele>
      </trkpt>
      <trkpt lat="41.42926" lon="1.814758">
        <ele>120.25</ele>
      </trkpt>
      <trkpt lat="41.42975" lon="1.815522">
        <ele>120.75</ele>
      </trkpt>
      <trkpt lat="41.430061" lon="1.815994">
        <ele>121</ele>
      </trkpt>
      <trkpt lat="41.430114" lon="1.816072">
        <ele>121</ele>
      </trkpt>
      <trkpt lat="41.430743" lon="1.817012">
        <ele>142</ele>
      </trkpt>
      <trkpt lat="41.431554" lon="1.818187">
        <ele>152.25</ele>
      </trkpt>
      <trkpt lat="41.435105" lon="1.822896">
        <ele>153.75</ele>
      </trkpt>
      <trkpt lat="41.436791" lon="1.825023">
        <ele>139.5</ele>
      </trkpt>
      <trkpt lat="41.437729" lon="1.826211">
        <ele>133.75</ele>
      </trkpt>
      <trkpt lat="41.437764" lon="1.826254">
        <ele>133.75</ele>
      </trkpt>
      <trkpt lat="41.440448" lon="1.829649">
        <ele>129.75</ele>
      </trkpt>
      <trkpt lat="41.441256" lon="1.830663">
        <ele>137.5</ele>
      </trkpt>
      <trkpt lat="41.441697" lon="1.831216">
        <ele>140</ele>
      </trkpt>
      <trkpt lat="41.44825" lon="1.839534">
        <ele>151.75</ele>
      </trkpt>
      <trkpt lat="41.44842" lon="1.839755">
        <ele>149.5</ele>
      </trkpt>
      <trkpt lat="41.449321" lon="1.840892">
        <ele>140.75</ele>
      </trkpt>
      <trkpt lat="41.45017" lon="1.841976">
        <ele>144.75</ele>
      </trkpt>
      <trkpt lat="41.450478" lon="1.842365">
        <ele>151</ele>
      </trkpt>
      <trkpt lat="41.450534" lon="1.842436">
        <ele>152.5</ele>
      </trkpt>
      <trkpt lat="41.451047" lon="1.843083">
        <ele>163.5</ele>
      </trkpt>
      <trkpt lat="41.451428" lon="1.84359">
        <ele>166.75</ele>
      </trkpt>
      <trkpt lat="41.451854" lon="1.844164">
        <ele>165.25</ele>
      </trkpt>
      <trkpt lat="41.452371" lon="1.844843">
        <ele>172</ele>
      </trkpt>
      <trkpt lat="41.453444" lon="1.846367">
        <ele>161.75</ele>
      </trkpt>
      <trkpt lat="41.454362" lon="1.847705">
        <ele>150.75</ele>
      </trkpt>
      <trkpt lat="41.45499" lon="1.848666">
        <ele>144.25</ele>
      </trkpt>
      <trkpt lat="41.455079" lon="1.848802">
        <ele>143</ele>
      </trkpt>
      <trkpt lat="41.455699" lon="1.849772">
        <ele>133.25</ele>
      </trkpt>
      <trkpt lat="41.456273" lon="1.850687">
        <ele>134.5</ele>
      </trkpt>
      <trkpt lat="41.456849" lon="1.851642">
        <ele>139.75</ele>
      </trkpt>
      <trkpt lat="41.456945" lon="1.851801">
        <ele>141.5</ele>
      </trkpt>
      <trkpt lat="41.4585" lon="1.85443">
        <ele>137</ele>
      </trkpt>
      <trkpt lat="41.458531" lon="1.854482">
        <ele>136.25</ele>
      </trkpt>
      <trkpt lat="41.458983" lon="1.855265">
        <ele>134.5</ele>
      </trkpt>
      <trkpt lat="41.459935" lon="1.856863">
        <ele>131</ele>
      </trkpt>
      <trkpt lat="41.460929" lon="1.858482">
        <ele>127.5</ele>
      </trkpt>
      <trkpt lat="41.461192" lon="1.858895">
        <ele>127.5</ele>
      </trkpt>
      <trkpt lat="41.461917" lon="1.860027">
        <ele>137.75</ele>
      </trkpt>
      <trkpt lat="41.462833" lon="1.861406">
        <ele>135.25</ele>
      </trkpt>
      <trkpt lat="41.463202" lon="1.861949">
        <ele>130</ele>
      </trkpt>
      <trkpt lat="41.463939" lon="1.863015">
        <ele>132</ele>
      </trkpt>
      <trkpt lat="41.464676" lon="1.864043">
        <ele>134</ele>
      </trkpt>
      <trkpt lat="41.46538" lon="1.864995">
        <ele>136</ele>
      </trkpt>
      <trkpt lat="41.465536" lon="1.86521">
        <ele>136</ele>
      </trkpt>
      <trkpt lat="41.466092" lon="1.865943">
        <ele>149.25</ele>
      </trkpt>
      <trkpt lat="41.467117" lon="1.867262">
        <ele>154.5</ele>
      </trkpt>
      <trkpt lat="41.468552" lon="1.869042">
        <ele>153.5</ele>
      </trkpt>
      <trkpt lat="41.469717" lon="1.870464">
        <ele>145.5</ele>
      </trkpt>
      <trkpt lat="41.470151" lon="1.871007">
        <ele>141.5</ele>
      </trkpt>
      <trkpt lat="41.471476" lon="1.872665">
        <ele>139.75</ele>
      </trkpt>
      <trkpt lat="41.472094" lon="1.87347">
        <ele>141.75</ele>
      </trkpt>
      <trkpt lat="41.472678" lon="1.874265">
        <ele>148</ele>
      </trkpt>
      <trkpt lat="41.475015" lon="1.877878">
        <ele>167.5</ele>
      </trkpt>
      <trkpt lat="41.475463" lon="1.878665">
        <ele>159.25</ele>
      </trkpt>
      <trkpt lat="41.475926" lon="1.87951">
        <ele>158.25</ele>
      </trkpt>
      <trkpt lat="41.476614" lon="1.880847">
        <ele>155.25</ele>
      </trkpt>
      <trkpt lat="41.477281" lon="1.882234">
        <ele>156.75</ele>
      </trkpt>
      <trkpt lat="41.480901" lon="1.891148">
        <ele>134.25</ele>
      </trkpt>
      <trkpt lat="41.481232" lon="1.89202">
        <ele>126.25</ele>
      </trkpt>
      <trkpt lat="41.481555" lon="1.892928">
        <ele>128</ele>
      </trkpt>
      <trkpt lat="41.482176" lon="1.894842">
        <ele>125</ele>
      </trkpt>
      <trkpt lat="41.482407" lon="1.895652">
        <ele>116.25</ele>
      </trkpt>
      <trkpt lat="41.482635" lon="1.896501">
        <ele>114.75</ele>
      </trkpt>
      <trkpt lat="41.483098" lon="1.898637">
        <ele>111.5</ele>
      </trkpt>
      <trkpt lat="41.483815" lon="1.902708">
        <ele>105.25</ele>
      </trkpt>
      <trkpt lat="41.483889" lon="1.903303">
        <ele>105.25</ele>
      </trkpt>
      <trkpt lat="41.483972" lon="1.904117">
        <ele>100.25</ele>
      </trkpt>
      <trkpt lat="41.484045" lon="1.904932">
        <ele>91</ele>
      </trkpt>
      <trkpt lat="41.484099" lon="1.90566">
        <ele>89.5</ele>
      </trkpt>
      <trkpt lat="41.484137" lon="1.906389">
        <ele>87.25</ele>
      </trkpt>
      <trkpt lat="41.484183" lon="1.907559">
        <ele>84</ele>
      </trkpt>
      <trkpt lat="41.484203" lon="1.908638">
        <ele>81</ele>
      </trkpt>
      <trkpt lat="41.484163" lon="1.910873">
        <ele>78</ele>
      </trkpt>
      <trkpt lat="41.484162" lon="1.910949">
        <ele>77.75</ele>
      </trkpt>
      <trkpt lat="41.483996" lon="1.91346">
        <ele>74.5</ele>
      </trkpt>
      <trkpt lat="41.483503" lon="1.917386">
        <ele>69.25</ele>
      </trkpt>
      <trkpt lat="41.483265" lon="1.920089">
        <ele>65.5</ele>
      </trkpt>
      <trkpt lat="41.483177" lon="1.922737">
        <ele>62.25</ele>
      </trkpt>
      <trkpt lat="41.483157" lon="1.924791">
        <ele>62.25</ele>
      </trkpt>
      <trkpt lat="41.483125" lon="1.926414">
        <ele>60.75</ele>
      </trkpt>
      <trkpt lat="41.483107" lon="1.927051">
        <ele>60.25</ele>
      </trkpt>
      <trkpt lat="41.483083" lon="1.92765">
        <ele>59.75</ele>
      </trkpt>
      <trkpt lat="41.483026" lon="1.928604">
        <ele>57.75</ele>
      </trkpt>
      <trkpt lat="41.482952" lon="1.929498">
        <ele>55</ele>
      </trkpt>
      <trkpt lat="41.482822" lon="1.930805">
        <ele>56.75</ele>
      </trkpt>
      <trkpt lat="41.482668" lon="1.932042">
        <ele>58.25</ele>
      </trkpt>
      <trkpt lat="41.482636" lon="1.932264">
        <ele>57.5</ele>
      </trkpt>
      <trkpt lat="41.482569" lon="1.932722">
        <ele>54.75</ele>
      </trkpt>
      <trkpt lat="41.482199" lon="1.935291">
        <ele>58.75</ele>
      </trkpt>
      <trkpt lat="41.481979" lon="1.936776">
        <ele>70.5</ele>
      </trkpt>
      <trkpt lat="41.481779" lon="1.93836">
        <ele>72.75</ele>
      </trkpt>
      <trkpt lat="41.481707" lon="1.939103">
        <ele>74</ele>
      </trkpt>
      <trkpt lat="41.481392" lon="1.943058">
        <ele>80.25</ele>
      </trkpt>
      <trkpt lat="41.481308" lon="1.944007">
        <ele>80.25</ele>
      </trkpt>
      <trkpt lat="41.481242" lon="1.94467">
        <ele>78</ele>
      </trkpt>
      <trkpt lat="41.481172" lon="1.945268">
        <ele>78.75</ele>
      </trkpt>
      <trkpt lat="41.481057" lon="1.946121">
        <ele>84.25</ele>
      </trkpt>
      <trkpt lat="41.480947" lon="1.94686">
        <ele>82.75</ele>
      </trkpt>
      <trkpt lat="41.480825" lon="1.947627">
        <ele>81.25</ele>
      </trkpt>
      <trkpt lat="41.480708" lon="1.948255">
        <ele>79.75</ele>
      </trkpt>
      <trkpt lat="41.480555" lon="1.948936">
        <ele>78.5</ele>
      </trkpt>
      <trkpt lat="41.479864" lon="1.951838">
        <ele>72.5</ele>
      </trkpt>
      <trkpt lat="41.479703" lon="1.952439">
        <ele>71.25</ele>
      </trkpt>
      <trkpt lat="41.479526" lon="1.953033">
        <ele>70</ele>
      </trkpt>
      <trkpt lat="41.479369" lon="1.953527">
        <ele>70.25</ele>
      </trkpt>
      <trkpt lat="41.478826" lon="1.955155">
        <ele>61</ele>
      </trkpt>
      <trkpt lat="41.478282" lon="1.956733">
        <ele>81.5</ele>
      </trkpt>
      <trkpt lat="41.476771" lon="1.961068">
        <ele>73</ele>
      </trkpt>
      <trkpt lat="41.47624" lon="1.96257">
        <ele>63.75</ele>
      </trkpt>
      <trkpt lat="41.475658" lon="1.964085">
        <ele>50</ele>
      </trkpt>
      <trkpt lat="41.475173" lon="1.965204">
        <ele>42.25</ele>
      </trkpt>
      <trkpt lat="41.47465" lon="1.966302">
        <ele>42.75</ele>
      </trkpt>
      <trkpt lat="41.47451" lon="1.966579">
        <ele>43.25</ele>
      </trkpt>
      <trkpt lat="41.473863" lon="1.967766">
        <ele>44</ele>
      </trkpt>
      <trkpt lat="41.473165" lon="1.968916">
        <ele>44.5</ele>
      </trkpt>
      <trkpt lat="41.472205" lon="1.970334">
        <ele>43.5</ele>
      </trkpt>
      <trkpt lat="41.471182" lon="1.971642">
        <ele>45.75</ele>
      </trkpt>
      <trkpt lat="41.469603" lon="1.973384">
        <ele>47</ele>
      </trkpt>
      <trkpt lat="41.468586" lon="1.974307">
        <ele>43.25</ele>
      </trkpt>
      <trkpt lat="41.467967" lon="1.974834">
        <ele>41.25</ele>
      </trkpt>
      <trkpt lat="41.467299" lon="1.975369">
        <ele>41</ele>
      </trkpt>
      <trkpt lat="41.465476" lon="1.976618">
        <ele>42.75</ele>
      </trkpt>
      <trkpt lat="41.464666" lon="1.977145">
        <ele>43</ele>
      </trkpt>
      <trkpt lat="41.462418" lon="1.978564">
        <ele>43.5</ele>
      </trkpt>
      <trkpt lat="41.461393" lon="1.979134">
        <ele>46</ele>
      </trkpt>
      <trkpt lat="41.460579" lon="1.979537">
        <ele>44.5</ele>
      </trkpt>
      <trkpt lat="41.456947" lon="1.981203">
        <ele>48.5</ele>
      </trkpt>
      <trkpt lat="41.455534" lon="1.981882">
        <ele>50.5</ele>
      </trkpt>
      <trkpt lat="41.454185" lon="1.982673">
        <ele>50.25</ele>
      </trkpt>
      <trkpt lat="41.452819" lon="1.983632">
        <ele>51</ele>
      </trkpt>
      <trkpt lat="41.452204" lon="1.984117">
        <ele>49.75</ele>
      </trkpt>
      <trkpt lat="41.451391" lon="1.984803">
        <ele>50.75</ele>
      </trkpt>
      <trkpt lat="41.448386" lon="1.987413">
        <ele>47.25</ele>
      </trkpt>
      <trkpt lat="41.447819" lon="1.98795">
        <ele>46.5</ele>
      </trkpt>
      <trkpt lat="41.447537" lon="1.98823">
        <ele>46.25</ele>
      </trkpt>
      <trkpt lat="41.44711" lon="1.988677">
        <ele>45.75</ele>
      </trkpt>
      <trkpt lat="41.446634" lon="1.989193">
        <ele>45.75</ele>
      </trkpt>
      <trkpt lat="41.446389" lon="1.989475">
        <ele>44.75</ele>
      </trkpt>
      <trkpt lat="41.44546" lon="1.990612">
        <ele>42.5</ele>
      </trkpt>
      <trkpt lat="41.443163" lon="1.993589">
        <ele>38.75</ele>
      </trkpt>
      <trkpt lat="41.44247" lon="1.994478">
        <ele>39.5</ele>
      </trkpt>
      <trkpt lat="41.441879" lon="1.995226">
        <ele>39.75</ele>
      </trkpt>
      <trkpt lat="41.441663" lon="1.995467">
        <ele>39.25</ele>
      </trkpt>
      <trkpt lat="41.441281" lon="1.995907">
        <ele>38.75</ele>
      </trkpt>
      <trkpt lat="41.440892" lon="1.996338">
        <ele>38</ele>
      </trkpt>
      <trkpt lat="41.440429" lon="1.996815">
        <ele>37.25</ele>
      </trkpt>
      <trkpt lat="41.439987" lon="1.997238">
        <ele>37.5</ele>
      </trkpt>
      <trkpt lat="41.439229" lon="1.997919">
        <ele>37</ele>
      </trkpt>
      <trkpt lat="41.438428" lon="1.99859">
        <ele>34.75</ele>
      </trkpt>
      <trkpt lat="41.437566" lon="1.999231">
        <ele>36.25</ele>
      </trkpt>
      <trkpt lat="41.436799" lon="1.999748">
        <ele>33.75</ele>
      </trkpt>
      <trkpt lat="41.435982" lon="2.000232">
        <ele>35</ele>
      </trkpt>
      <trkpt lat="41.435576" lon="2.000457">
        <ele>33.5</ele>
      </trkpt>
      <trkpt lat="41.435338" lon="2.000589">
        <ele>32.75</ele>
      </trkpt>
      <trkpt lat="41.434671" lon="2.000915">
        <ele>30.75</ele>
      </trkpt>
      <trkpt lat="41.434471" lon="2.001004">
        <ele>30.25</ele>
      </trkpt>
      <trkpt lat="41.433992" lon="2.001214">
        <ele>30.25</ele>
      </trkpt>
      <trkpt lat="41.433309" lon="2.001481">
        <ele>31</ele>
      </trkpt>
      <trkpt lat="41.432282" lon="2.001828">
        <ele>31.25</ele>
      </trkpt>
      <trkpt lat="41.431212" lon="2.002105">
        <ele>30.5</ele>
      </trkpt>
      <trkpt lat="41.430449" lon="2.002268">
        <ele>30.5</ele>
      </trkpt>
      <trkpt lat="41.429172" lon="2.002484">
        <ele>31</ele>
      </trkpt>
      <trkpt lat="41.428353" lon="2.002602">
        <ele>30</ele>
      </trkpt>
      <trkpt lat="41.424404" lon="2.003196">
        <ele>25.25</ele>
      </trkpt>
      <trkpt lat="41.42316" lon="2.003424">
        <ele>23.75</ele>
      </trkpt>
      <trkpt lat="41.422773" lon="2.003502">
        <ele>23.75</ele>
      </trkpt>
      <trkpt lat="41.422142" lon="2.003654">
        <ele>25</ele>
      </trkpt>
      <trkpt lat="41.421501" lon="2.003833">
        <ele>27.25</ele>
      </trkpt>
      <trkpt lat="41.420581" lon="2.004133">
        <ele>30</ele>
      </trkpt>
      <trkpt lat="41.420107" lon="2.004308">
        <ele>29.75</ele>
      </trkpt>
      <trkpt lat="41.419642" lon="2.004498">
        <ele>29.75</ele>
      </trkpt>
      <trkpt lat="41.418753" lon="2.00489">
        <ele>27.5</ele>
      </trkpt>
      <trkpt lat="41.417848" lon="2.005315">
        <ele>23.75</ele>
      </trkpt>
      <trkpt lat="41.412849" lon="2.00775">
        <ele>22</ele>
      </trkpt>
      <trkpt lat="41.41207" lon="2.008142">
        <ele>23</ele>
      </trkpt>
      <trkpt lat="41.410246" lon="2.009121">
        <ele>26</ele>
      </trkpt>
      <trkpt lat="41.406513" lon="2.011237">
        <ele>21</ele>
      </trkpt>
      <trkpt lat="41.406046" lon="2.011503">
        <ele>21.5</ele>
      </trkpt>
      <trkpt lat="41.402281" lon="2.013634">
        <ele>21.25</ele>
      </trkpt>
      <trkpt lat="41.401014" lon="2.014322">
        <ele>21</ele>
      </trkpt>
      <trkpt lat="41.397244" lon="2.016245">
        <ele>20.5</ele>
      </trkpt>
      <trkpt lat="41.391478" lon="2.019171">
        <ele>22.25</ele>
      </trkpt>
      <trkpt lat="41.389405" lon="2.020278">
        <ele>24.75</ele>
      </trkpt>
      <trkpt lat="41.3878" lon="2.021276">
        <ele>18.75</ele>
      </trkpt>
      <trkpt lat="41.387326" lon="2.021577">
        <ele>18.75</ele>
      </trkpt>
      <trkpt lat="41.383982" lon="2.02373">
        <ele>18.25</ele>
      </trkpt>
      <trkpt lat="41.382903" lon="2.02439">
        <ele>17.5</ele>
      </trkpt>
      <trkpt lat="41.38199" lon="2.024908">
        <ele>18</ele>
      </trkpt>
      <trkpt lat="41.379186" lon="2.02645">
        <ele>19.25</ele>
      </trkpt>
      <trkpt lat="41.378339" lon="2.026932">
        <ele>19.25</ele>
      </trkpt>
      <trkpt lat="41.377493" lon="2.027473">
        <ele>17</ele>
      </trkpt>
      <trkpt lat="41.376664" lon="2.028049">
        <ele>15.5</ele>
      </trkpt>
      <trkpt lat="41.375857" lon="2.028649">
        <ele>16</ele>
      </trkpt>
      <trkpt lat="41.373914" lon="2.030253">
        <ele>17.25</ele>
      </trkpt>
      <trkpt lat="41.371989" lon="2.03187">
        <ele>14.75</ele>
      </trkpt>
      <trkpt lat="41.371207" lon="2.032538">
        <ele>16</ele>
      </trkpt>
      <trkpt lat="41.370454" lon="2.033222">
        <ele>16.25</ele>
      </trkpt>
      <trkpt lat="41.36977" lon="2.033898">
        <ele>16.75</ele>
      </trkpt>
      <trkpt lat="41.36959" lon="2.034092">
        <ele>16.25</ele>
      </trkpt>
      <trkpt lat="41.369526" lon="2.03416">
        <ele>16.25</ele>
      </trkpt>
      <trkpt lat="41.369111" lon="2.034606">
        <ele>14.5</ele>
      </trkpt>
      <trkpt lat="41.368225" lon="2.03566">
        <ele>16.25</ele>
      </trkpt>
      <trkpt lat="41.367804" lon="2.036198">
        <ele>15.25</ele>
      </trkpt>
      <trkpt lat="41.367381" lon="2.036774">
        <ele>14.25</ele>
      </trkpt>
      <trkpt lat="41.365861" lon="2.039073">
        <ele>14.25</ele>
      </trkpt>
      <trkpt lat="41.364529" lon="2.041114">
        <ele>14</ele>
      </trkpt>
      <trkpt lat="41.363851" lon="2.04208">
        <ele>14.5</ele>
      </trkpt>
      <trkpt lat="41.363155" lon="2.042977">
        <ele>14</ele>
      </trkpt>
      <trkpt lat="41.36281" lon="2.043404">
        <ele>14</ele>
      </trkpt>
      <trkpt lat="41.362085" lon="2.044237">
        <ele>16.25</ele>
      </trkpt>
      <trkpt lat="41.361711" lon="2.044646">
        <ele>16</ele>
      </trkpt>
      <trkpt lat="41.361045" lon="2.04533">
        <ele>15.5</ele>
      </trkpt>
      <trkpt lat="41.360369" lon="2.045991">
        <ele>15.25</ele>
      </trkpt>
      <trkpt lat="41.358922" lon="2.047372">
        <ele>14.25</ele>
      </trkpt>
      <trkpt lat="41.357708" lon="2.048535">
        <ele>13.75</ele>
      </trkpt>
      <trkpt lat="41.356631" lon="2.049542">
        <ele>13.25</ele>
      </trkpt>
      <trkpt lat="41.356086" lon="2.050024">
        <ele>13.25</ele>
      </trkpt>
      <trkpt lat="41.355546" lon="2.050485">
        <ele>14.25</ele>
      </trkpt>
      <trkpt lat="41.354993" lon="2.050931">
        <ele>16</ele>
      </trkpt>
      <trkpt lat="41.354445" lon="2.051362">
        <ele>16.25</ele>
      </trkpt>
      <trkpt lat="41.353353" lon="2.052193">
        <ele>13.75</ele>
      </trkpt>
      <trkpt lat="41.352251" lon="2.053016">
        <ele>13.5</ele>
      </trkpt>
      <trkpt lat="41.351588" lon="2.053489">
        <ele>13.25</ele>
      </trkpt>
      <trkpt lat="41.350918" lon="2.053936">
        <ele>13.25</ele>
      </trkpt>
      <trkpt lat="41.350217" lon="2.054376">
        <ele>13.25</ele>
      </trkpt>
      <trkpt lat="41.34966" lon="2.054705">
        <ele>13</ele>
      </trkpt>
      <trkpt lat="41.349016" lon="2.055058">
        <ele>13</ele>
      </trkpt>
      <trkpt lat="41.348524" lon="2.055298">
        <ele>13</ele>
      </trkpt>
      <trkpt lat="41.347843" lon="2.055581">
        <ele>12.75</ele>
      </trkpt>
      <trkpt lat="41.347181" lon="2.055814">
        <ele>12.75</ele>
      </trkpt>
      <trkpt lat="41.346545" lon="2.05599">
        <ele>12.5</ele>
      </trkpt>
      <trkpt lat="41.345893" lon="2.056132">
        <ele>12.5</ele>
      </trkpt>
      <trkpt lat="41.34484" lon="2.056237">
        <ele>12.5</ele>
      </trkpt>
      <trkpt lat="41.340152" lon="2.056391">
        <ele>12.5</ele>
      </trkpt>
      <trkpt lat="41.339656" lon="2.056423">
        <ele>10.75</ele>
      </trkpt>
      <trkpt lat="41.339198" lon="2.056475">
        <ele>8.75</ele>
      </trkpt>
      <trkpt lat="41.338669" lon="2.056574">
        <ele>9</ele>
      </trkpt>
      <trkpt lat="41.338196" lon="2.056672">
        <ele>8.75</ele>
      </trkpt>
      <trkpt lat="41.337393" lon="2.056892">
        <ele>8.75</ele>
      </trkpt>
      <trkpt lat="41.336501" lon="2.057221">
        <ele>8.75</ele>
      </trkpt>
      <trkpt lat="41.33564" lon="2.057573">
        <ele>8.75</ele>
      </trkpt>
      <trkpt lat="41.33434" lon="2.058419">
        <ele>8.75</ele>
      </trkpt>
      <trkpt lat="41.333643" lon="2.058949">
        <ele>8.5</ele>
      </trkpt>
      <trkpt lat="41.332984" lon="2.059496">
        <ele>8.5</ele>
      </trkpt>
      <trkpt lat="41.331831" lon="2.060662">
        <ele>8.5</ele>
      </trkpt>
      <trkpt lat="41.330971" lon="2.061709">
        <ele>8.5</ele>
      </trkpt>
      <trkpt lat="41.330269" lon="2.062774">
        <ele>8.25</ele>
      </trkpt>
      <trkpt lat="41.32921" lon="2.064711">
        <ele>8.25</ele>
      </trkpt>
      <trkpt lat="41.328775" lon="2.065701">
        <ele>8.25</ele>
      </trkpt>
      <trkpt lat="41.328397" lon="2.06671">
        <ele>8.25</ele>
      </trkpt>
      <trkpt lat="41.328021" lon="2.067902">
        <ele>8.25</ele>
      </trkpt>
      <trkpt lat="41.327698" lon="2.069205">
        <ele>8</ele>
      </trkpt>
      <trkpt lat="41.327458" lon="2.070442">
        <ele>8</ele>
      </trkpt>
      <trkpt lat="41.327317" lon="2.071504">
        <ele>8</ele>
      </trkpt>
      <trkpt lat="41.327229" lon="2.072487">
        <ele>8</ele>
      </trkpt>
      <trkpt lat="41.327176" lon="2.073446">
        <ele>8</ele>
      </trkpt>
      <trkpt lat="41.327166" lon="2.074936">
        <ele>7.75</ele>
      </trkpt>
      <trkpt lat="41.327228" lon="2.075877">
        <ele>7.75</ele>
      </trkpt>
      <trkpt lat="41.327311" lon="2.076783">
        <ele>7.75</ele>
      </trkpt>
      <trkpt lat="41.327665" lon="2.079806">
        <ele>7.75</ele>
      </trkpt>
      <trkpt lat="41.327798" lon="2.080713">
        <ele>7.75</ele>
      </trkpt>
      <trkpt lat="41.328142" lon="2.082285">
        <ele>7.5</ele>
      </trkpt>
      <trkpt lat="41.328279" lon="2.082765">
        <ele>7.5</ele>
      </trkpt>
      <trkpt lat="41.329005" lon="2.084956">
        <ele>7.5</ele>
      </trkpt>
      <trkpt lat="41.329577" lon="2.086266">
        <ele>7.5</ele>
      </trkpt>
      <trkpt lat="41.330066" lon="2.087543">
        <ele>7.25</ele>
      </trkpt>
      <trkpt lat="41.331085" lon="2.090455">
        <ele>7.25</ele>
      </trkpt>
      <trkpt lat="41.332079" lon="2.093373">
        <ele>7</ele>
      </trkpt>
      <trkpt lat="41.33391" lon="2.098868">
        <ele>7</ele>
      </trkpt>
      <trkpt lat="41.334705" lon="2.101244">
        <ele>7.5</ele>
      </trkpt>
      <trkpt lat="41.33515" lon="2.102518">
        <ele>7.75</ele>
      </trkpt>
      <trkpt lat="41.335578" lon="2.103786">
        <ele>8.25</ele>
      </trkpt>
      <trkpt lat="41.335604" lon="2.10386">
        <ele>8.25</ele>
      </trkpt>
      <trkpt lat="41.335848" lon="2.104568">
        <ele>7</ele>
      </trkpt>
      <trkpt lat="41.336314" lon="2.106016">
        <ele>6.25</ele>
      </trkpt>
      <trkpt lat="41.336886" lon="2.107695">
        <ele>9.25</ele>
      </trkpt>
      <trkpt lat="41.337331" lon="2.108929">
        <ele>10.75</ele>
      </trkpt>
      <trkpt lat="41.337625" lon="2.109856">
        <ele>10.5</ele>
      </trkpt>
      <trkpt lat="41.338037" lon="2.110999">
        <ele>8</ele>
      </trkpt>
      <trkpt lat="41.338129" lon="2.11124">
        <ele>7.5</ele>
      </trkpt>
      <trkpt lat="41.338273" lon="2.111585">
        <ele>6.25</ele>
      </trkpt>
      <trkpt lat="41.338442" lon="2.111943">
        <ele>5.75</ele>
      </trkpt>
      <trkpt lat="41.338524" lon="2.112093">
        <ele>5.75</ele>
      </trkpt>
      <trkpt lat="41.338691" lon="2.112374">
        <ele>5.25</ele>
      </trkpt>
      <trkpt lat="41.338763" lon="2.112483">
        <ele>4.75</ele>
      </trkpt>
      <trkpt lat="41.338975" lon="2.112776">
        <ele>5</ele>
      </trkpt>
      <trkpt lat="41.339207" lon="2.113052">
        <ele>5.25</ele>
      </trkpt>
      <trkpt lat="41.339319" lon="2.11317">
        <ele>5.5</ele>
      </trkpt>
      <trkpt lat="41.339528" lon="2.113369">
        <ele>5.75</ele>
      </trkpt>
      <trkpt lat="41.339723" lon="2.113533">
        <ele>6.75</ele>
      </trkpt>
      <trkpt lat="41.340172" lon="2.113841">
        <ele>8.75</ele>
      </trkpt>
      <trkpt lat="41.34043" lon="2.113974">
        <ele>8.25</ele>
      </trkpt>
      <trkpt lat="41.340717" lon="2.114093">
        <ele>6.75</ele>
      </trkpt>
      <trkpt lat="41.340948" lon="2.114168">
        <ele>6.75</ele>
      </trkpt>
      <trkpt lat="41.341291" lon="2.114249">
        <ele>9.25</ele>
      </trkpt>
      <trkpt lat="41.341773" lon="2.114323">
        <ele>10.75</ele>
      </trkpt>
      <trkpt lat="41.343593" lon="2.114533">
        <ele>7.5</ele>
      </trkpt>
      <trkpt lat="41.343902" lon="2.114576">
        <ele>7.75</ele>
      </trkpt>
      <trkpt lat="41.345565" lon="2.114759">
        <ele>7.5</ele>
      </trkpt>
      <trkpt lat="41.346792" lon="2.114902">
        <ele>9.75</ele>
      </trkpt>
      <trkpt lat="41.348812" lon="2.115182">
        <ele>9.75</ele>
      </trkpt>
      <trkpt lat="41.349747" lon="2.115272">
        <ele>9.75</ele>
      </trkpt>
      <trkpt lat="41.351362" lon="2.115392">
        <ele>9.75</ele>
      </trkpt>
      <trkpt lat="41.35191" lon="2.11544">
        <ele>9.75</ele>
      </trkpt>
      <trkpt lat="41.355458" lon="2.115786">
        <ele>9.75</ele>
      </trkpt>
      <trkpt lat="41.356838" lon="2.115908">
        <ele>9.75</ele>
      </trkpt>
      <trkpt lat="41.358774" lon="2.116029">
        <ele>9.75</ele>
      </trkpt>
      <trkpt lat="41.360914" lon="2.116211">
        <ele>9.75</ele>
      </trkpt>
      <trkpt lat="41.362407" lon="2.116357">
        <ele>9.75</ele>
      </trkpt>
      <trkpt lat="41.36493" lon="2.116663">
        <ele>9.75</ele>
      </trkpt>
      <trkpt lat="41.365364" lon="2.116767">
        <ele>9.75</ele>
      </trkpt>
      <trkpt lat="41.365654" lon="2.11687">
        <ele>9.75</ele>
      </trkpt>
      <trkpt lat="41.365995" lon="2.11705">
        <ele>9.75</ele>
      </trkpt>
      <trkpt lat="41.3664" lon="2.117321">
        <ele>9.75</ele>
      </trkpt>
      <trkpt lat="41.366704" lon="2.117612">
        <ele>9.75</ele>
      </trkpt>
      <trkpt lat="41.367043" lon="2.118032">
        <ele>9.75</ele>
      </trkpt>
      <trkpt lat="41.367268" lon="2.118374">
        <ele>9.75</ele>
      </trkpt>
      <trkpt lat="41.367385" lon="2.118596">
        <ele>9.75</ele>
      </trkpt>
      <trkpt lat="41.367504" lon="2.118853">
        <ele>9.75</ele>
      </trkpt>
      <trkpt lat="41.367641" lon="2.119235">
        <ele>9.75</ele>
      </trkpt>
      <trkpt lat="41.367769" lon="2.119699">
        <ele>9.75</ele>
      </trkpt>
      <trkpt lat="41.367844" lon="2.120132">
        <ele>9.75</ele>
      </trkpt>
      <trkpt lat="41.3679" lon="2.120525">
        <ele>9.75</ele>
      </trkpt>
      <trkpt lat="41.36794" lon="2.120907">
        <ele>9.75</ele>
      </trkpt>
      <trkpt lat="41.367982" lon="2.121447">
        <ele>9.75</ele>
      </trkpt>
      <trkpt lat="41.368012" lon="2.122207">
        <ele>9.75</ele>
      </trkpt>
      <trkpt lat="41.368009" lon="2.123564">
        <ele>9.75</ele>
      </trkpt>
      <trkpt lat="41.368022" lon="2.124183">
        <ele>9.75</ele>
      </trkpt>
      <trkpt lat="41.368065" lon="2.124759">
        <ele>9.75</ele>
      </trkpt>
      <trkpt lat="41.368125" lon="2.125302">
        <ele>9.75</ele>
      </trkpt>
      <trkpt lat="41.368253" lon="2.126071">
        <ele>9.75</ele>
      </trkpt>
      <trkpt lat="41.368442" lon="2.126907">
        <ele>9.75</ele>
      </trkpt>
      <trkpt lat="41.368629" lon="2.127523">
        <ele>9.75</ele>
      </trkpt>
      <trkpt lat="41.368804" lon="2.128013">
        <ele>9.75</ele>
      </trkpt>
      <trkpt lat="41.36903" lon="2.128535">
        <ele>9.75</ele>
      </trkpt>
      <trkpt lat="41.369229" lon="2.128961">
        <ele>9.75</ele>
      </trkpt>
      <trkpt lat="41.369393" lon="2.129272">
        <ele>9.75</ele>
      </trkpt>
      <trkpt lat="41.369584" lon="2.129592">
        <ele>9.75</ele>
      </trkpt>
      <trkpt lat="41.369773" lon="2.129891">
        <ele>9.75</ele>
      </trkpt>
      <trkpt lat="41.369994" lon="2.13021">
        <ele>9.75</ele>
      </trkpt>
      <trkpt lat="41.370462" lon="2.130808">
        <ele>9.75</ele>
      </trkpt>
      <trkpt lat="41.370755" lon="2.131127">
        <ele>9.75</ele>
      </trkpt>
      <trkpt lat="41.371141" lon="2.131495">
        <ele>9.75</ele>
      </trkpt>
      <trkpt lat="41.371728" lon="2.132011">
        <ele>9.75</ele>
      </trkpt>
      <trkpt lat="41.372594" lon="2.132751">
        <ele>9.75</ele>
      </trkpt>
      <trkpt lat="41.374866" lon="2.134856">
        <ele>9.75</ele>
      </trkpt>
      <trkpt lat="41.37504" lon="2.135037">
        <ele>9.75</ele>
      </trkpt>
      <trkpt lat="41.375674" lon="2.135698">
        <ele>9.75</ele>
      </trkpt>
      <trkpt lat="41.37663" lon="2.13676">
        <ele>9.75</ele>
      </trkpt>
      <trkpt lat="41.377335" lon="2.137586">
        <ele>9.75</ele>
      </trkpt>
      <trkpt lat="41.377769" lon="2.138133">
        <ele>9.75</ele>
      </trkpt>
      <trkpt lat="41.377919" lon="2.138319">
        <ele>9.75</ele>
      </trkpt>
      <trkpt lat="41.378042" lon="2.138464">
        <ele>9.75</ele>
      </trkpt>
      <trkpt lat="41.378232" lon="2.138667">
        <ele>9.75</ele>
      </trkpt>
      <trkpt lat="41.378656" lon="2.139064">
        <ele>9.75</ele>
      </trkpt>
      <trkpt lat="41.378804" lon="2.139232">
        <ele>9.75</ele>
      </trkpt>
      <trkpt lat="41.378953" lon="2.139421">
        <ele>9.75</ele>
      </trkpt>
      <trkpt lat="41.379109" lon="2.139669">
        <ele>9.75</ele>
      </trkpt>
      <trkpt lat="41.379386" lon="2.140121">
        <ele>9.75</ele>
      </trkpt>
    </trkseg>
  </trk>
  <trk>
    <name>L054</name>
    <trkseg>
      <trkpt lat="41.635911" lon="-1.032837">
        <ele>296</ele>
      </trkpt>
      <trkpt lat="41.635768" lon="-1.032211">
        <ele>297.5</ele>
      </trkpt>
      <trkpt lat="41.635401" lon="-1.030549">
        <ele>297.25</ele>
      </trkpt>
      <trkpt lat="41.634647" lon="-1.027099">
        <ele>294</ele>
      </trkpt>
      <trkpt lat="41.63403" lon="-1.02446">
        <ele>292.5</ele>
      </trkpt>
      <trkpt lat="41.633794" lon="-1.023535">
        <ele>293.25</ele>
      </trkpt>
      <trkpt lat="41.633627" lon="-1.022927">
        <ele>295</ele>
      </trkpt>
      <trkpt lat="41.633437" lon="-1.022289">
        <ele>294.75</ele>
      </trkpt>
      <trkpt lat="41.633176" lon="-1.02146">
        <ele>292.5</ele>
      </trkpt>
      <trkpt lat="41.63224" lon="-1.018677">
        <ele>292.75</ele>
      </trkpt>
      <trkpt lat="41.631925" lon="-1.017646">
        <ele>294</ele>
      </trkpt>
      <trkpt lat="41.631776" lon="-1.017131">
        <ele>294.75</ele>
      </trkpt>
      <trkpt lat="41.631584" lon="-1.016407">
        <ele>295.75</ele>
      </trkpt>
      <trkpt lat="41.631406" lon="-1.015679">
        <ele>296.25</ele>
      </trkpt>
      <trkpt lat="41.631223" lon="-1.01487">
        <ele>298.5</ele>
      </trkpt>
      <trkpt lat="41.631078" lon="-1.014136">
        <ele>303</ele>
      </trkpt>
      <trkpt lat="41.63093" lon="-1.013321">
        <ele>310.5</ele>
      </trkpt>
      <trkpt lat="41.630798" lon="-1.012495">
        <ele>309</ele>
      </trkpt>
      <trkpt lat="41.630688" lon="-1.011685">
        <ele>309.25</ele>
      </trkpt>
      <trkpt lat="41.63063" lon="-1.011208">
        <ele>307.75</ele>
      </trkpt>
      <trkpt lat="41.63056" lon="-1.010534">
        <ele>305</ele>
      </trkpt>
      <trkpt lat="41.630492" lon="-1.009754">
        <ele>302.5</ele>
      </trkpt>
      <trkpt lat="41.630442" lon="-1.008996">
        <ele>301.25</ele>
      </trkpt>
      <trkpt lat="41.630405" lon="-1.008173">
        <ele>300.75</ele>
      </trkpt>
      <trkpt lat="41.630381" lon="-1.00686">
        <ele>298.25</ele>
      </trkpt>
      <trkpt lat="41.630382" lon="-1.006066">
        <ele>297.25</ele>
      </trkpt>
      <trkpt lat="41.630399" lon="-1.005404">
        <ele>298.25</ele>
      </trkpt>
      <trkpt lat="41.630446" lon="-1.004312">
        <ele>301.25</ele>
      </trkpt>
      <trkpt lat="41.630502" lon="-1.003529">
        <ele>302.75</ele>
      </trkpt>
      <trkpt lat="41.630547" lon="-1.003011">
        <ele>303</ele>
      </trkpt>
      <trkpt lat="41.630611" lon="-1.002378">
        <ele>302.5</ele>
      </trkpt>
      <trkpt lat="41.630713" lon="-1.001529">
        <ele>300.75</ele>
      </trkpt>
      <trkpt lat="41.630832" lon="-1.000706">
        <ele>299.75</ele>
      </trkpt>
      <trkpt lat="41.630961" lon="-0.999909">
        <ele>298.75</ele>
      </trkpt>
      <trkpt lat="41.631155" lon="-0.998881">
        <ele>297.5</ele>
      </trkpt>
      <trkpt lat="41.631365" lon="-0.997919">
        <ele>295</ele>
      </trkpt>
      <trkpt lat="41.631562" lon="-0.997055">
        <ele>293</ele>
      </trkpt>
      <trkpt lat="41.631828" lon="-0.996102">
        <ele>289.5</ele>
      </trkpt>
      <trkpt lat="41.631913" lon="-0.995807">
        <ele>288.5</ele>
      </trkpt>
      <trkpt lat="41.632189" lon="-0.994904">
        <ele>289</ele>
      </trkpt>
      <trkpt lat="41.632482" lon="-0.994031">
        <ele>287.25</ele>
      </trkpt>
      <trkpt lat="41.632685" lon="-0.993467">
        <ele>285.25</ele>
      </trkpt>
      <trkpt lat="41.633118" lon="-0.992334">
        <ele>283.5</ele>
      </trkpt>
      <trkpt lat="41.634065" lon="-0.989944">
        <ele>274</ele>
      </trkpt>
      <trkpt lat="41.634432" lon="-0.989015">
        <ele>273.25</ele>
      </trkpt>
      <trkpt lat="41.637635" lon="-0.980907">
        <ele>262.25</ele>
      </trkpt>
      <trkpt lat="41.638157" lon="-0.979603">
        <ele>259.5</ele>
      </trkpt>
      <trkpt lat="41.638701" lon="-0.978297">
        <ele>258.25</ele>
      </trkpt>
      <trkpt lat="41.639007" lon="-0.977621">
        <ele>256.25</ele>
      </trkpt>
      <trkpt lat="41.639329" lon="-0.976941">
        <ele>254.5</ele>
      </trkpt>
      <trkpt lat="41.639882" lon="-0.975864">
        <ele>255</ele>
      </trkpt>
      <trkpt lat="41.64017" lon="-0.975342">
        <ele>254</ele>
      </trkpt>
      <trkpt lat="41.64044" lon="-0.974869">
        <ele>252.75</ele>
      </trkpt>
      <trkpt lat="41.640823" lon="-0.974236">
        <ele>252.75</ele>
      </trkpt>
      <trkpt lat="41.641244" lon="-0.973579">
        <ele>253</ele>
      </trkpt>
      <trkpt lat="41.641656" lon="-0.972968">
        <ele>252</ele>
      </trkpt>
      <trkpt lat="41.64207" lon="-0.97239">
        <ele>247.75</ele>
      </trkpt>
      <trkpt lat="41.642605" lon="-0.971683">
        <ele>248</ele>
      </trkpt>
      <trkpt lat="41.643168" lon="-0.970983">
        <ele>246.75</ele>
      </trkpt>
      <trkpt lat="41.643705" lon="-0.970349">
        <ele>245.75</ele>
      </trkpt>
      <trkpt lat="41.645867" lon="-0.967876">
        <ele>241.25</ele>
      </trkpt>
      <trkpt lat="41.647289" lon="-0.966242">
        <ele>240.75</ele>
      </trkpt>
      <trkpt lat="41.647558" lon="-0.965935">
        <ele>239.75</ele>
      </trkpt>
      <trkpt lat="41.648433" lon="-0.964953">
        <ele>235.75</ele>
      </trkpt>
      <trkpt lat="41.655019" lon="-0.957423">
        <ele>225</ele>
      </trkpt>
      <trkpt lat="41.655809" lon="-0.956481">
        <ele>224.25</ele>
      </trkpt>
      <trkpt lat="41.656306" lon="-0.955844">
        <ele>224.75</ele>
      </trkpt>
      <trkpt lat="41.656826" lon="-0.955133">
        <ele>223.75</ele>
      </trkpt>
      <trkpt lat="41.657152" lon="-0.954661">
        <ele>221.5</ele>
      </trkpt>
      <trkpt lat="41.657799" lon="-0.953673">
        <ele>219.5</ele>
      </trkpt>
      <trkpt lat="41.658496" lon="-0.952526">
        <ele>220</ele>
      </trkpt>
      <trkpt lat="41.65942" lon="-0.950958">
        <ele>216.25</ele>
      </trkpt>
      <trkpt lat="41.659922" lon="-0.950119">
        <ele>217.75</ele>
      </trkpt>
      <trkpt lat="41.660375" lon="-0.9494">
        <ele>217.25</ele>
      </trkpt>
      <trkpt lat="41.660847" lon="-0.948695">
        <ele>215.25</ele>
      </trkpt>
      <trkpt lat="41.661157" lon="-0.948251">
        <ele>215.75</ele>
      </trkpt>
      <trkpt lat="41.661498" lon="-0.947788">
        <ele>217</ele>
      </trkpt>
      <trkpt lat="41.662257" lon="-0.946853">
        <ele>220.25</ele>
      </trkpt>
      <trkpt lat="41.662556" lon="-0.946503">
        <ele>220.75</ele>
      </trkpt>
      <trkpt lat="41.662969" lon="-0.946049">
        <ele>219.75</ele>
      </trkpt>
      <trkpt lat="41.663383" lon="-0.945618">
        <ele>219</ele>
      </trkpt>
      <trkpt lat="41.663931" lon="-0.945082">
        <ele>219</ele>
      </trkpt>
      <trkpt lat="41.664311" lon="-0.944729">
        <ele>218</ele>
      </trkpt>
      <trkpt lat="41.665055" lon="-0.944076">
        <ele>216</ele>
      </trkpt>
      <trkpt lat="41.665766" lon="-0.943466">
        <ele>217.75</ele>
      </trkpt>
      <trkpt lat="41.66625" lon="-0.943033">
        <ele>215.75</ele>
      </trkpt>
      <trkpt lat="41.66661" lon="-0.942693">
        <ele>213.25</ele>
      </trkpt>
      <trkpt lat="41.666938" lon="-0.942358">
        <ele>211.25</ele>
      </trkpt>
      <trkpt lat="41.667158" lon="-0.94211">
        <ele>210.25</ele>
      </trkpt>
      <trkpt lat="41.667376" lon="-0.941844">
        <ele>209.25</ele>
      </trkpt>
      <trkpt lat="41.667645" lon="-0.941483">
        <ele>208</ele>
      </trkpt>
      <trkpt lat="41.667909" lon="-0.941098">
        <ele>208</ele>
      </trkpt>
      <trkpt lat="41.668143" lon="-0.940707">
        <ele>208</ele>
      </trkpt>
      <trkpt lat="41.668342" lon="-0.940355">
        <ele>208</ele>
      </trkpt>
      <trkpt lat="41.668528" lon="-0.939984">
        <ele>208</ele>
      </trkpt>
      <trkpt lat="41.668707" lon="-0.939593">
        <ele>208</ele>
      </trkpt>
      <trkpt lat="41.66885" lon="-0.939247">
        <ele>207.75</ele>
      </trkpt>
      <trkpt lat="41.668983" lon="-0.938891">
        <ele>207</ele>
      </trkpt>
      <trkpt lat="41.669111" lon="-0.938509">
        <ele>205.75</ele>
      </trkpt>
      <trkpt lat="41.669217" lon="-0.938158">
        <ele>204.25</ele>
      </trkpt>
      <trkpt lat="41.669307" lon="-0.937824">
        <ele>203</ele>
      </trkpt>
      <trkpt lat="41.669395" lon="-0.937457">
        <ele>201.75</ele>
      </trkpt>
      <trkpt lat="41.669466" lon="-0.937113">
        <ele>200.75</ele>
      </trkpt>
      <trkpt lat="41.669526" lon="-0.936774">
        <ele>199.75</ele>
      </trkpt>
      <trkpt lat="41.669578" lon="-0.936448">
        <ele>199.75</ele>
      </trkpt>
      <trkpt lat="41.669635" lon="-0.935986">
        <ele>200</ele>
      </trkpt>
      <trkpt lat="41.669674" lon="-0.935525">
        <ele>201</ele>
      </trkpt>
      <trkpt lat="41.669697" lon="-0.935035">
        <ele>202.25</ele>
      </trkpt>
      <trkpt lat="41.669702" lon="-0.934765">
        <ele>202.75</ele>
      </trkpt>
      <trkpt lat="41.669697" lon="-0.934534">
        <ele>203.25</ele>
      </trkpt>
      <trkpt lat="41.669656" lon="-0.933521">
        <ele>202.75</ele>
      </trkpt>
      <trkpt lat="41.669592" lon="-0.932926">
        <ele>200</ele>
      </trkpt>
      <trkpt lat="41.669544" lon="-0.932593">
        <ele>198.25</ele>
      </trkpt>
      <trkpt lat="41.669485" lon="-0.932247">
        <ele>197.5</ele>
      </trkpt>
      <trkpt lat="41.66936" lon="-0.931647">
        <ele>196.75</ele>
      </trkpt>
      <trkpt lat="41.669283" lon="-0.931345">
        <ele>196.75</ele>
      </trkpt>
      <trkpt lat="41.669132" lon="-0.930813">
        <ele>197</ele>
      </trkpt>
      <trkpt lat="41.669049" lon="-0.930556">
        <ele>197.5</ele>
      </trkpt>
      <trkpt lat="41.668945" lon="-0.930262">
        <ele>198</ele>
      </trkpt>
      <trkpt lat="41.668808" lon="-0.929911">
        <ele>198.25</ele>
      </trkpt>
      <trkpt lat="41.668667" lon="-0.929577">
        <ele>198.25</ele>
      </trkpt>
      <trkpt lat="41.668476" lon="-0.92917">
        <ele>198.5</ele>
      </trkpt>
      <trkpt lat="41.66825" lon="-0.92873">
        <ele>197.75</ele>
      </trkpt>
      <trkpt lat="41.667809" lon="-0.927968">
        <ele>198.75</ele>
      </trkpt>
      <trkpt lat="41.666189" lon="-0.9254">
        <ele>202.25</ele>
      </trkpt>
      <trkpt lat="41.663218" lon="-0.920716">
        <ele>199</ele>
      </trkpt>
      <trkpt lat="41.662331" lon="-0.919319">
        <ele>199</ele>
      </trkpt>
      <trkpt lat="41.661907" lon="-0.918654">
        <ele>200.5</ele>
      </trkpt>
      <trkpt lat="41.661319" lon="-0.917633">
        <ele>200.5</ele>
      </trkpt>
      <trkpt lat="41.660892" lon="-0.91696">
        <ele>199.25</ele>
      </trkpt>
      <trkpt lat="41.660339" lon="-0.916091">
        <ele>200.25</ele>
      </trkpt>
      <trkpt lat="41.660181" lon="-0.915832">
        <ele>200.75</ele>
      </trkpt>
      <trkpt lat="41.660097" lon="-0.915687">
        <ele>200.5</ele>
      </trkpt>
      <trkpt lat="41.660026" lon="-0.915549">
        <ele>200.5</ele>
      </trkpt>
      <trkpt lat="41.659961" lon="-0.915422">
        <ele>200.5</ele>
      </trkpt>
      <trkpt lat="41.65987" lon="-0.915244">
        <ele>200.5</ele>
      </trkpt>
      <trkpt lat="41.659784" lon="-0.915055">
        <ele>200.75</ele>
      </trkpt>
      <trkpt lat="41.659657" lon="-0.914752">
        <ele>200.75</ele>
      </trkpt>
      <trkpt lat="41.659594" lon="-0.914596">
        <ele>201</ele>
      </trkpt>
      <trkpt lat="41.659487" lon="-0.914275">
        <ele>201</ele>
      </trkpt>
      <trkpt lat="41.659333" lon="-0.913759">
        <ele>201.25</ele>
      </trkpt>
      <trkpt lat="41.658842" lon="-0.912023">
        <ele>202.25</ele>
      </trkpt>
      <trkpt lat="41.658265" lon="-0.90998">
        <ele>203.25</ele>
      </trkpt>
      <trkpt lat="41.657694" lon="-0.907955">
        <ele>204.25</ele>
      </trkpt>
      <trkpt lat="41.657575" lon="-0.907442">
        <ele>204.5</ele>
      </trkpt>
      <trkpt lat="41.657496" lon="-0.907029">
        <ele>204.75</ele>
      </trkpt>
      <trkpt lat="41.657436" lon="-0.906664">
        <ele>205</ele>
      </trkpt>
      <trkpt lat="41.657403" lon="-0.906397">
        <ele>205</ele>
      </trkpt>
      <trkpt lat="41.657331" lon="-0.905366">
        <ele>205.5</ele>
      </trkpt>
      <trkpt lat="41.657206" lon="-0.903397">
        <ele>206.5</ele>
      </trkpt>
      <trkpt lat="41.657076" lon="-0.902141">
        <ele>207</ele>
      </trkpt>
      <trkpt lat="41.65703" lon="-0.90179">
        <ele>207.25</ele>
      </trkpt>
      <trkpt lat="41.656963" lon="-0.90142">
        <ele>207.5</ele>
      </trkpt>
      <trkpt lat="41.656904" lon="-0.901158">
        <ele>207.5</ele>
      </trkpt>
      <trkpt lat="41.656803" lon="-0.900846">
        <ele>207.75</ele>
      </trkpt>
      <trkpt lat="41.656683" lon="-0.900547">
        <ele>207.75</ele>
      </trkpt>
      <trkpt lat="41.656565" lon="-0.900261">
        <ele>208</ele>
      </trkpt>
      <trkpt lat="41.656426" lon="-0.899985">
        <ele>208.25</ele>
      </trkpt>
      <trkpt lat="41.656259" lon="-0.899679">
        <ele>208.25</ele>
      </trkpt>
      <trkpt lat="41.656076" lon="-0.899385">
        <ele>208.5</ele>
      </trkpt>
      <trkpt lat="41.65586" lon="-0.899057">
        <ele>208.75</ele>
      </trkpt>
      <trkpt lat="41.655601" lon="-0.898687">
        <ele>209</ele>
      </trkpt>
      <trkpt lat="41.655101" lon="-0.898009">
        <ele>209.5</ele>
      </trkpt>
      <trkpt lat="41.654851" lon="-0.897723">
        <ele>209.5</ele>
      </trkpt>
      <trkpt lat="41.654629" lon="-0.897504">
        <ele>209.75</ele>
      </trkpt>
      <trkpt lat="41.654174" lon="-0.897119">
        <ele>210.25</ele>
      </trkpt>
      <trkpt lat="41.653831" lon="-0.896871">
        <ele>210.5</ele>
      </trkpt>
      <trkpt lat="41.653244" lon="-0.896475">
        <ele>210.75</ele>
      </trkpt>
      <trkpt lat="41.651149" lon="-0.895233">
        <ele>212.25</ele>
      </trkpt>
      <trkpt lat="41.650798" lon="-0.894987">
        <ele>212.5</ele>
      </trkpt>
      <trkpt lat="41.650447" lon="-0.894703">
        <ele>212.75</ele>
      </trkpt>
      <trkpt lat="41.650058" lon="-0.894426">
        <ele>213</ele>
      </trkpt>
      <trkpt lat="41.649839" lon="-0.894294">
        <ele>213.25</ele>
      </trkpt>
      <trkpt lat="41.649653" lon="-0.894215">
        <ele>213.25</ele>
      </trkpt>
      <trkpt lat="41.649304" lon="-0.894112">
        <ele>213.5</ele>
      </trkpt>
      <trkpt lat="41.648889" lon="-0.894018">
        <ele>213.75</ele>
      </trkpt>
      <trkpt lat="41.64634" lon="-0.893608">
        <ele>215.5</ele>
      </trkpt>
      <trkpt lat="41.64608" lon="-0.893543">
        <ele>215.5</ele>
      </trkpt>
      <trkpt lat="41.645881" lon="-0.89347">
        <ele>215.75</ele>
      </trkpt>
      <trkpt lat="41.645634" lon="-0.893349">
        <ele>215.75</ele>
      </trkpt>
      <trkpt lat="41.645369" lon="-0.893177">
        <ele>216</ele>
      </trkpt>
      <trkpt lat="41.645142" lon="-0.893016">
        <ele>216.25</ele>
      </trkpt>
      <trkpt lat="41.644964" lon="-0.892878">
        <ele>216.25</ele>
      </trkpt>
      <trkpt lat="41.644816" lon="-0.892742">
        <ele>216.5</ele>
      </trkpt>
      <trkpt lat="41.644305" lon="-0.892243">
        <ele>216.75</ele>
      </trkpt>
      <trkpt lat="41.644108" lon="-0.891967">
        <ele>217</ele>
      </trkpt>
      <trkpt lat="41.643948" lon="-0.891697">
        <ele>217.25</ele>
      </trkpt>
      <trkpt lat="41.643817" lon="-0.891436">
        <ele>217.25</ele>
      </trkpt>
      <trkpt lat="41.643712" lon="-0.891193">
        <ele>217.5</ele>
      </trkpt>
      <trkpt lat="41.643552" lon="-0.890721">
        <ele>217.75</ele>
      </trkpt>
      <trkpt lat="41.643476" lon="-0.89042">
        <ele>217.75</ele>
      </trkpt>
      <trkpt lat="41.6434" lon="-0.890127">
        <ele>217.5</ele>
      </trkpt>
      <trkpt lat="41.642497" lon="-0.886835">
        <ele>216</ele>
      </trkpt>
      <trkpt lat="41.642297" lon="-0.886338">
        <ele>216</ele>
      </trkpt>
      <trkpt lat="41.642133" lon="-0.886008">
        <ele>215.75</ele>
      </trkpt>
      <trkpt lat="41.639594" lon="-0.881025">
        <ele>213.25</ele>
      </trkpt>
      <trkpt lat="41.637457" lon="-0.876887">
        <ele>211.25</ele>
      </trkpt>
      <trkpt lat="41.635327" lon="-0.872741">
        <ele>209.25</ele>
      </trkpt>
      <trkpt lat="41.633937" lon="-0.870072">
        <ele>208</ele>
      </trkpt>
      <trkpt lat="41.633159" lon="-0.868605">
        <ele>207.25</ele>
      </trkpt>
      <trkpt lat="41.632983" lon="-0.868286">
        <ele>207</ele>
      </trkpt>
      <trkpt lat="41.63278" lon="-0.867936">
        <ele>207</ele>
      </trkpt>
      <trkpt lat="41.632066" lon="-0.866702">
        <ele>206.25</ele>
      </trkpt>
      <trkpt lat="41.631823" lon="-0.866306">
        <ele>206</ele>
      </trkpt>
      <trkpt lat="41.631456" lon="-0.865699">
        <ele>205.75</ele>
      </trkpt>
      <trkpt lat="41.631254" lon="-0.865392">
        <ele>205.75</ele>
      </trkpt>
      <trkpt lat="41.631048" lon="-0.865094">
        <ele>205.5</ele>
      </trkpt>
      <trkpt lat="41.630742" lon="-0.864674">
        <ele>205.25</ele>
      </trkpt>
      <trkpt lat="41.629916" lon="-0.863601">
        <ele>204.5</ele>
      </trkpt>
      <trkpt lat="41.623902" lon="-0.855864">
        <ele>204.75</ele>
      </trkpt>
      <trkpt lat="41.620687" lon="-0.851727">
        <ele>201</ele>
      </trkpt>
      <trkpt lat="41.619425" lon="-0.850118">
        <ele>196.75</ele>
      </trkpt>
      <trkpt lat="41.618435" lon="-0.848892">
        <ele>195.25</ele>
      </trkpt>
      <trkpt lat="41.617775" lon="-0.848107">
        <ele>194.25</ele>
      </trkpt>
      <trkpt lat="41.61687" lon="-0.847065">
        <ele>195.25</ele>
      </trkpt>
      <trkpt lat="41.616344" lon="-0.846478">
        <ele>195.25</ele>
      </trkpt>
      <trkpt lat="41.615424" lon="-0.845476">
        <ele>196.5</ele>
      </trkpt>
      <trkpt lat="41.614508" lon="-0.844527">
        <ele>195</ele>
      </trkpt>
      <trkpt lat="41.612545" lon="-0.842609">
        <ele>198.75</ele>
      </trkpt>
      <trkpt lat="41.611156" lon="-0.84132">
        <ele>199.75</ele>
      </trkpt>
      <trkpt lat="41.602546" lon="-0.833472">
        <ele>207</ele>
      </trkpt>
      <trkpt lat="41.601602" lon="-0.83261">
        <ele>207.25</ele>
      </trkpt>
      <trkpt lat="41.601252" lon="-0.832291">
        <ele>207.25</ele>
      </trkpt>
      <trkpt lat="41.599693" lon="-0.830871">
        <ele>209</ele>
      </trkpt>
      <trkpt lat="41.595603" lon="-0.827146">
        <ele>215.75</ele>
      </trkpt>
      <trkpt lat="41.594849" lon="-0.82646">
        <ele>217.75</ele>
      </trkpt>
      <trkpt lat="41.594273" lon="-0.825959">
        <ele>219.5</ele>
      </trkpt>
      <trkpt lat="41.593958" lon="-0.825697">
        <ele>219</ele>
      </trkpt>
      <trkpt lat="41.593597" lon="-0.825411">
        <ele>218.5</ele>
      </trkpt>
      <trkpt lat="41.592187" lon="-0.824389">
        <ele>226.25</ele>
      </trkpt>
      <trkpt lat="41.591931" lon="-0.824213">
        <ele>229</ele>
      </trkpt>
      <trkpt lat="41.590846" lon="-0.82355">
        <ele>238.5</ele>
      </trkpt>
      <trkpt lat="41.589835" lon="-0.822957">
        <ele>240</ele>
      </trkpt>
      <trkpt lat="41.58924" lon="-0.822596">
        <ele>238.25</ele>
      </trkpt>
      <trkpt lat="41.58851" lon="-0.822122">
        <ele>240.25</ele>
      </trkpt>
      <trkpt lat="41.587906" lon="-0.8217">
        <ele>242.25</ele>
      </trkpt>
      <trkpt lat="41.587609" lon="-0.821477">
        <ele>243</ele>
      </trkpt>
      <trkpt lat="41.587031" lon="-0.821027">
        <ele>240.5</ele>
      </trkpt>
      <trkpt lat="41.586735" lon="-0.820786">
        <ele>240.5</ele>
      </trkpt>
      <trkpt lat="41.586283" lon="-0.820398">
        <ele>243.25</ele>
      </trkpt>
      <trkpt lat="41.585979" lon="-0.820125">
        <ele>245.5</ele>
      </trkpt>
      <trkpt lat="41.585433" lon="-0.819611">
        <ele>245.5</ele>
      </trkpt>
      <trkpt lat="41.584861" lon="-0.819034">
        <ele>241.75</ele>
      </trkpt>
      <trkpt lat="41.584404" lon="-0.818548">
        <ele>242.25</ele>
      </trkpt>
      <trkpt lat="41.58408" lon="-0.818188">
        <ele>242</ele>
      </trkpt>
      <trkpt lat="41.583738" lon="-0.817793">
        <ele>243.5</ele>
      </trkpt>
      <trkpt lat="41.583295" lon="-0.817255">
        <ele>240.75</ele>
      </trkpt>
      <trkpt lat="41.582991" lon="-0.816869">
        <ele>238.75</ele>
      </trkpt>
      <trkpt lat="41.582379" lon="-0.81604">
        <ele>236.75</ele>
      </trkpt>
      <trkpt lat="41.582105" lon="-0.815649">
        <ele>236.25</ele>
      </trkpt>
      <trkpt lat="41.581873" lon="-0.815303">
        <ele>234.5</ele>
      </trkpt>
      <trkpt lat="41.58164" lon="-0.814952">
        <ele>232</ele>
      </trkpt>
      <trkpt lat="41.581413" lon="-0.814594">
        <ele>234.5</ele>
      </trkpt>
      <trkpt lat="41.581095" lon="-0.814073">
        <ele>239.75</ele>
      </trkpt>
      <trkpt lat="41.580766" lon="-0.81351">
        <ele>245</ele>
      </trkpt>
      <trkpt lat="41.580411" lon="-0.81287">
        <ele>247.25</ele>
      </trkpt>
      <trkpt lat="41.580078" lon="-0.812232">
        <ele>249.5</ele>
      </trkpt>
      <trkpt lat="41.579748" lon="-0.811577">
        <ele>251</ele>
      </trkpt>
      <trkpt lat="41.578972" lon="-0.809952">
        <ele>248.25</ele>
      </trkpt>
      <trkpt lat="41.57313" lon="-0.797548">
        <ele>241.25</ele>
      </trkpt>
      <trkpt lat="41.573123" lon="-0.797536">
        <ele>266</ele>
      </trkpt>
    </trkseg>
  </trk>
</gpx>
